asOfDate,RealCoupon,ModelCoupon,PercentError
1/3/2006,5.70253,5.817819838,0.020217314
1/4/2006,5.65324,5.784389361,0.023198973
1/5/2006,5.63968,5.765995081,0.022397562
1/6/2006,5.63322,5.762826853,0.023007596
1/9/2006,5.62104,5.735722523,0.020402367
1/10/2006,5.68246,5.800433608,0.02076101
1/11/2006,5.707,5.821732863,0.020103883
1/12/2006,5.64441,5.775950419,0.023304547
1/13/2006,5.5807,5.71889307,0.024762677
1/17/2006,5.57624,5.70738631,0.023518771
1/18/2006,5.58661,5.703109883,0.020853413
1/19/2006,5.62211,5.738683712,0.020734869
1/20/2006,5.58423,5.725986564,0.025385159
1/23/2006,5.58096,5.728048795,0.026355465
1/24/2006,5.61489,5.76213064,0.026223246
1/25/2006,5.7074,5.856730795,0.026164417
1/26/2006,5.75541,5.910460922,0.026940031
1/27/2006,5.73348,5.892149073,0.02767413
1/30/2006,5.75539,5.917545987,0.028174631
1/31/2006,5.76373,5.914405642,0.026142037
2/1/2006,5.80873,5.965637467,0.027012353
2/2/2006,5.80672,5.960679876,0.026514087
2/3/2006,5.79888,5.934595897,0.023403812
2/6/2006,5.80186,5.947976394,0.025184405
2/7/2006,5.80179,5.967478357,0.028558144
2/8/2006,5.82338,5.987947691,0.028259823
2/9/2006,5.81487,5.965026274,0.025822808
2/10/2006,5.8435,5.992911908,0.025568907
2/13/2006,5.84977,5.987051948,0.023467922
2/14/2006,5.87946,6.005092856,0.021368094
2/15/2006,5.86838,5.989221256,0.020591928
2/16/2006,5.84815,5.964136984,0.019833107
2/17/2006,5.78083,5.916297446,0.023433909
2/21/2006,5.80752,5.940220355,0.022849746
2/22/2006,5.77416,5.892280973,0.020456824
2/23/2006,5.79537,5.925989288,0.022538559
2/24/2006,5.76417,5.89663292,0.022980398
2/27/2006,5.77249,5.90887881,0.023627379
2/28/2006,5.73453,5.874448589,0.024399312
3/1/2006,5.80004,5.923179321,0.021230771
3/2/2006,5.85392,6.001788573,0.025259753
3/3/2006,5.88613,6.030725379,0.024565441
3/6/2006,5.94346,6.098188543,0.026033412
3/7/2006,5.95092,6.103847489,0.025698126
3/8/2006,5.94583,6.100720554,0.026050283
3/9/2006,5.9135,6.08013046,0.028177976
3/10/2006,5.93554,6.094292548,0.0267461
3/13/2006,5.95766,6.123533532,0.027842061
3/14/2006,5.87236,6.027750311,0.026461305
3/15/2006,5.90812,6.061759177,0.026004749
3/16/2006,5.83067,5.968954506,0.023716744
3/17/2006,5.85862,5.994241608,0.023149071
3/20/2006,5.84727,5.970150226,0.021014974
3/21/2006,5.908,6.03265955,0.021100127
3/22/2006,5.89887,6.02703486,0.021727019
3/23/2006,5.92181,6.060682207,0.023450973
3/24/2006,5.86241,5.999240808,0.023340368
3/27/2006,5.87878,6.026919905,0.02519909
3/28/2006,5.94486,6.106301933,0.027156558
3/29/2006,5.9759,6.148477982,0.028878994
3/30/2006,6.00824,6.202594886,0.032348056
3/31/2006,6.00641,6.19237418,0.030960953
4/3/2006,6.03045,6.219073498,0.031278511
4/4/2006,6.02555,6.199563094,0.028879205
4/5/2006,5.99685,6.159832744,0.027178059
4/6/2006,6.01797,6.210734269,0.032031444
4/7/2006,6.08549,6.269736646,0.030276386
4/10/2006,6.09392,6.262817835,0.027715795
4/11/2006,6.06233,6.226064775,0.027008555
4/12/2006,6.09232,6.273327312,0.029710736
4/13/2006,6.14222,6.334445054,0.031295697
4/17/2006,6.11546,6.285914029,0.027872642
4/18/2006,6.06145,6.232590196,0.028234201
4/19/2006,6.09526,6.260352946,0.027085464
4/20/2006,6.11105,6.267821859,0.025653833
4/21/2006,6.08935,6.236672944,0.024193542
4/24/2006,6.06864,6.211315587,0.023510307
4/25/2006,6.14044,6.280320246,0.022780167
4/26/2006,6.17592,6.322495454,0.02373338
4/27/2006,6.13335,6.271890895,0.022588128
4/28/2006,6.10033,6.244626736,0.023653923
5/1/2006,6.16765,6.303605607,0.02204334
5/2/2006,6.17078,6.299415246,0.020845865
5/3/2006,6.21175,6.350651327,0.022361062
5/4/2006,6.21857,6.361015831,0.022906525
5/5/2006,6.1718,6.325224975,0.024859032
5/8/2006,6.18394,6.337556047,0.024841128
5/9/2006,6.18872,6.339765032,0.024406506
5/10/2006,6.19707,6.34586585,0.024010678
5/11/2006,6.22021,6.371673051,0.024350151
5/12/2006,6.26368,6.419131121,0.024817858
5/15/2006,6.24133,6.389099535,0.023675969
5/16/2006,6.19369,6.335749035,0.022936091
5/17/2006,6.24194,6.393618599,0.024299913
5/18/2006,6.18733,6.33542746,0.023935601
5/19/2006,6.19903,6.35019379,0.024385072
5/22/2006,6.20311,6.347227038,0.02323303
5/23/2006,6.22234,6.364815356,0.022897392
5/24/2006,6.21225,6.341998063,0.02088584
5/25/2006,6.23265,6.373837253,0.022652845
5/26/2006,6.21195,6.355922961,0.023176774
5/30/2006,6.25047,6.382938252,0.021193327
5/31/2006,6.28572,6.418649754,0.021147896
6/1/2006,6.28186,6.400108177,0.018823752
6/2/2006,6.16329,6.282972974,0.019418683
6/5/2006,6.19509,6.313720909,0.019149182
6/6/2006,6.18614,6.302363119,0.018787664
6/7/2006,6.21197,6.316263709,0.016789152
6/8/2006,6.18785,6.293081196,0.0170061
6/9/2006,6.17939,6.280345257,0.016337415
6/12/2006,6.20035,6.276034995,0.012206568
6/13/2006,6.18622,6.254764489,0.011080189
6/14/2006,6.27295,6.350922846,0.012430012
6/15/2006,6.31432,6.404009366,0.014204121
6/16/2006,6.33511,6.438282787,0.016285871
6/19/2006,6.34836,6.457393682,0.017175094
6/20/2006,6.36772,6.469827168,0.016035122
6/21/2006,6.37557,6.479877356,0.016360475
6/22/2006,6.41959,6.520525325,0.015723017
6/23/2006,6.45996,6.557993176,0.015175508
6/26/2006,6.48238,6.563081821,0.012449412
6/27/2006,6.44877,6.534809619,0.01334202
6/28/2006,6.46466,6.570599034,0.01638741
6/29/2006,6.41651,6.516867201,0.015640465
6/30/2006,6.37105,6.462765779,0.014395709
7/3/2006,6.3934,6.481425636,0.013768204
7/5/2006,6.46164,6.556097324,0.014618166
7/6/2006,6.42768,6.517089984,0.013910149
7/7/2006,6.37728,6.463429629,0.013508836
7/10/2006,6.37626,6.460618898,0.013230153
7/11/2006,6.35726,6.433295275,0.011960385
7/12/2006,6.35306,6.429105881,0.011969961
7/13/2006,6.33821,6.412541108,0.011727461
7/14/2006,6.33093,6.408179503,0.01220192
7/17/2006,6.33844,6.414915191,0.012065302
7/18/2006,6.38524,6.478489185,0.014603865
7/19/2006,6.30891,6.391483406,0.013088379
7/20/2006,6.26198,6.350720864,0.014171374
7/21/2006,6.26926,6.362445988,0.014863953
7/24/2006,6.26827,6.35222402,0.013393491
7/25/2006,6.28745,6.36834806,0.012866593
7/26/2006,6.24659,6.334612246,0.014091248
7/27/2006,6.23661,6.33990251,0.016562285
7/28/2006,6.16396,6.287304919,0.020010662
7/31/2006,6.157,6.272506842,0.018760247
8/1/2006,6.14776,6.275762791,0.020821046
8/2/2006,6.1257,6.254541055,0.02103287
8/3/2006,6.14072,6.254277416,0.018492525
8/4/2006,6.052,6.186103649,0.022158567
8/7/2006,6.09028,6.202995863,0.018507501
8/8/2006,6.06446,6.177946446,0.018713364
8/9/2006,6.06042,6.172190939,0.018442771
8/10/2006,6.06588,6.181063747,0.018988794
8/11/2006,6.1083,6.222822725,0.018748707
8/14/2006,6.15487,6.255271803,0.016312579
8/15/2006,6.05662,6.178123503,0.020061272
8/16/2006,5.96852,6.116070297,0.024721421
8/17/2006,5.98775,6.103493556,0.019330058
8/18/2006,5.95802,6.072986247,0.019296049
8/21/2006,5.97864,6.067067993,0.014790654
8/22/2006,5.96177,6.069158768,0.0180129
8/23/2006,5.96807,6.085795749,0.019725933
8/24/2006,5.96254,6.090287053,0.021424938
8/25/2006,5.98067,6.07880106,0.016408038
8/28/2006,5.96424,6.088556448,0.020843636
8/29/2006,5.95256,6.082510883,0.021831092
8/30/2006,5.97019,6.06464348,0.01582085
8/31/2006,5.94217,6.028421322,0.014515122
9/1/2006,5.92844,6.008990901,0.0135872
9/5/2006,5.96084,6.040813102,0.013416415
9/6/2006,5.96864,6.051670034,0.013911047
9/7/2006,5.95526,6.051031145,0.016081774
9/8/2006,5.93338,6.034051719,0.01696701
9/11/2006,5.95898,6.066846521,0.018101507
9/12/2006,5.94017,6.046289798,0.017864775
9/13/2006,5.94056,6.047113071,0.017936536
9/14/2006,5.97232,6.07287325,0.016836548
9/15/2006,5.95972,6.090546426,0.021951774
9/18/2006,5.97548,6.103937212,0.021497388
9/19/2006,5.93924,6.038385524,0.016693302
9/20/2006,5.93042,6.025943654,0.016107401
9/21/2006,5.85597,5.944857343,0.015178927
9/22/2006,5.82063,5.927693353,0.018393774
9/25/2006,5.78502,5.90074095,0.020003552
9/26/2006,5.81463,5.915309781,0.017314908
9/27/2006,5.82374,5.925162127,0.017415291
9/28/2006,5.84481,5.94194305,0.016618684
9/29/2006,5.86441,5.958934755,0.016118374
10/2/2006,5.84966,5.947554665,0.016735103
10/3/2006,5.83864,5.939837457,0.017332368
10/4/2006,5.77873,5.896006663,0.020294539
10/5/2006,5.81752,5.934919184,0.02018028
10/6/2006,5.90327,6.006697048,0.017520298
10/10/2006,5.95749,6.063012083,0.017712507
10/11/2006,5.96583,6.091018522,0.020984259
10/12/2006,5.97705,6.080018775,0.017227357
10/13/2006,5.98671,6.093743192,0.017878466
10/16/2006,5.95948,6.07144291,0.018787362
10/17/2006,5.94472,6.05996709,0.019386462
10/18/2006,5.93335,6.039863153,0.017951605
10/19/2006,5.96276,6.061832723,0.016615246
10/20/2006,5.95696,6.056720572,0.016746893
10/23/2006,5.96406,6.094000412,0.021787241
10/24/2006,5.9672,6.087610446,0.020178718
10/25/2006,5.95115,6.036799136,0.014392031
10/26/2006,5.89961,5.982342073,0.014023312
10/27/2006,5.86557,5.945046352,0.013549638
10/30/2006,5.8671,5.941656314,0.012707524
10/31/2006,5.80171,5.885031433,0.01436153
11/1/2006,5.75928,5.854539395,0.016540157
11/2/2006,5.78378,5.876022001,0.015948394
11/3/2006,5.88299,5.995184819,0.019071054
11/6/2006,5.87026,5.977585322,0.018282891
11/7/2006,5.82192,5.931511349,0.018823919
11/8/2006,5.79337,5.900913982,0.018563286
11/9/2006,5.78174,5.885170382,0.017889144
11/10/2006,5.74642,5.857753541,0.019374418
11/13/2006,5.77515,5.869119691,0.016271385
11/14/2006,5.74146,5.838533436,0.016907448
11/15/2006,5.77565,5.873822429,0.016997642
11/16/2006,5.79681,5.894213224,0.016802901
11/17/2006,5.72502,5.831911672,0.018670969
11/20/2006,5.71107,5.821526068,0.019340696
11/21/2006,5.71028,5.807760504,0.017071055
11/22/2006,5.70866,5.798919893,0.015811047
11/24/2006,5.70001,5.781806437,0.014350227
11/27/2006,5.68837,5.77129184,0.014577434
11/28/2006,5.65634,5.744745191,0.015629398
11/29/2006,5.65536,5.753737076,0.017395369
11/30/2006,5.57153,5.699900859,0.023040504
12/1/2006,5.51164,5.650505667,0.025194981
12/4/2006,5.50335,5.654581285,0.027479859
12/5/2006,5.50829,5.650704427,0.025854562
12/6/2006,5.56671,5.686204994,0.021465999
12/7/2006,5.59388,5.725136702,0.02346434
12/8/2006,5.66464,5.783137932,0.020918881
12/11/2006,5.63028,5.753904189,0.021957023
12/12/2006,5.57128,5.710524519,0.024993272
12/13/2006,5.65971,5.774471887,0.020276991
12/14/2006,5.68114,5.787321677,0.018690206
12/15/2006,5.68714,5.787339493,0.017618608
12/18/2006,5.69459,5.786731439,0.016180522
12/19/2006,5.70048,5.794791135,0.01654442
12/20/2006,5.69257,5.788839791,0.016911481
12/21/2006,5.63329,5.742681153,0.019418697
12/22/2006,5.70687,5.813853378,0.018746419
12/26/2006,5.6947,5.794766581,0.017571879
12/27/2006,5.74329,5.838114338,0.016510456
12/28/2006,5.77848,5.866265218,0.015191749
12/29/2006,5.78466,5.876007119,0.015791268
1/2/2007,5.75132,5.851790552,0.017469129
1/3/2007,5.70619,5.810021029,0.01819621
1/4/2007,5.64398,5.757679855,0.020145333
1/5/2007,5.6641,5.762489845,0.017370782
1/8/2007,5.68939,5.774613045,0.014979294
1/9/2007,5.69234,5.769568315,0.013567059
1/10/2007,5.73098,5.801707063,0.012341181
1/11/2007,5.78313,5.856191461,0.01263355
1/12/2007,5.79949,5.872322104,0.012558364
1/16/2007,5.79288,5.850457264,0.009939316
1/17/2007,5.82895,5.880949168,0.008920846
1/18/2007,5.80081,5.846936571,0.007951747
1/19/2007,5.82398,5.869481592,0.0078128
1/22/2007,5.81193,5.857036501,0.007761019
1/23/2007,5.85716,5.887153556,0.005120836
1/24/2007,5.86891,5.892980422,0.004101345
1/25/2007,5.93337,5.967569936,0.005763999
1/26/2007,5.94379,5.981384277,0.006324967
1/29/2007,5.96445,6.001170011,0.006156479
1/30/2007,5.95304,5.980009209,0.004530326
1/31/2007,5.89771,5.920759963,0.00390829
2/1/2007,5.89772,5.92147628,0.004028045
2/2/2007,5.86395,5.883561165,0.003344361
2/5/2007,5.8258,5.852584567,0.004597578
2/6/2007,5.78845,5.81800424,0.005105726
2/7/2007,5.7765,5.8104374,0.00587508
2/8/2007,5.77907,5.800667264,0.003737152
2/9/2007,5.83455,5.862220359,0.004742501
2/12/2007,5.8661,5.877382407,0.001923323
2/13/2007,5.874,5.876848418,0.00048492
2/14/2007,5.78171,5.80100674,0.003337549
2/15/2007,5.76575,5.787225696,0.003724701
2/16/2007,5.76704,5.796804389,0.005161121
2/20/2007,5.75967,5.79456652,0.006058771
2/21/2007,5.76648,5.794332299,0.004830035
2/22/2007,5.79825,5.823242799,0.004310404
2/23/2007,5.76857,5.794674718,0.004525336
2/26/2007,5.73856,5.769724228,0.00543067
2/27/2007,5.666,5.69562592,0.005228719
2/28/2007,5.69793,5.721766769,0.004183409
3/1/2007,5.70088,5.742882188,0.007367667
3/2/2007,5.6857,5.739920015,0.009536208
3/5/2007,5.69602,5.734260305,0.006713513
3/6/2007,5.68031,5.710631006,0.005337914
3/7/2007,5.64065,5.683014501,0.007510571
3/8/2007,5.63625,5.677676435,0.00735
3/9/2007,5.70828,5.749653517,0.007247983
3/12/2007,5.6818,5.716984528,0.006192497
3/13/2007,5.62499,5.668923872,0.00781048
3/14/2007,5.64978,5.692937328,0.007638763
3/15/2007,5.66107,5.693716539,0.00576685
3/16/2007,5.67116,5.698698207,0.004855833
3/19/2007,5.68532,5.712705709,0.004816916
3/20/2007,5.65758,5.686793933,0.00516368
3/21/2007,5.61128,5.63520647,0.004263995
3/22/2007,5.67216,5.708102389,0.006336632
3/23/2007,5.70792,5.732915649,0.004379117
3/26/2007,5.69346,5.721320024,0.004893338
3/27/2007,5.72023,5.739241354,0.00332353
3/28/2007,5.73479,5.752244326,0.003043586
3/29/2007,5.74611,5.754113008,0.00139277
3/30/2007,5.76151,5.764687647,0.00055153
4/2/2007,5.75504,5.760312728,0.000916193
4/3/2007,5.76023,5.785469999,0.004381769
4/4/2007,5.75562,5.779765509,0.004195119
4/5/2007,5.76985,5.787911984,0.003130408
4/9/2007,5.83389,5.850940304,0.00292263
4/10/2007,5.816,5.830826752,0.002549304
4/11/2007,5.82867,5.836494694,0.001342449
4/12/2007,5.83404,5.82835389,0.000974644
4/13/2007,5.85428,5.841877223,0.002118583
4/16/2007,5.83698,5.820377588,0.00284435
4/17/2007,5.79239,5.777863201,0.002507911
4/18/2007,5.76155,5.751163932,0.001802652
4/19/2007,5.767,5.768893523,0.000328338
4/20/2007,5.77947,5.782861678,0.000586849
4/23/2007,5.76361,5.759289758,0.000749572
4/24/2007,5.73675,5.729016145,0.001348125
4/25/2007,5.76223,5.75531634,0.001199824
4/26/2007,5.80346,5.7970541,0.001103807
4/27/2007,5.82011,5.811391866,0.001497933
4/30/2007,5.769,5.753517952,0.002683662
5/1/2007,5.78013,5.76947868,0.001842748
5/2/2007,5.77791,5.770665291,0.001253863
5/3/2007,5.80799,5.794728795,0.002283269
5/4/2007,5.77033,5.764120602,0.001076091
5/7/2007,5.76324,5.767567107,0.000750812
5/8/2007,5.76477,5.770327622,0.000964067
5/9/2007,5.79797,5.802189509,0.000727756
5/10/2007,5.78653,5.780934645,0.000966962
5/11/2007,5.80676,5.801542683,0.00089849
5/14/2007,5.83042,5.810923582,0.003343913
5/15/2007,5.84727,5.831477639,0.002700809
5/16/2007,5.84391,5.8283156,0.002668487
5/17/2007,5.8856,5.864254086,0.003626803
5/18/2007,5.92507,5.928074841,0.00050714
5/21/2007,5.91467,5.898036715,0.002812208
5/22/2007,5.94901,5.924256137,0.004161005
5/23/2007,5.97429,5.958284779,0.002679016
5/24/2007,5.98156,5.957816644,0.003969425
5/25/2007,5.96443,5.962194753,0.000374763
5/29/2007,5.99219,5.987415269,0.000796826
5/30/2007,5.99207,5.988076665,0.000666437
5/31/2007,6.00727,6.010621198,0.000557857
6/1/2007,6.07372,6.071097896,0.000431713
6/4/2007,6.06,6.047315078,0.002093221
6/5/2007,6.11896,6.084450612,0.005639747
6/6/2007,6.12429,6.082758684,0.006781409
6/7/2007,6.26442,6.234705004,0.004743455
6/8/2007,6.28132,6.269583251,0.001868516
6/11/2007,6.28557,6.275323549,0.001630155
6/12/2007,6.38983,6.427748378,0.005934176
6/13/2007,6.36267,6.365874903,0.000503704
6/14/2007,6.35536,6.368670288,0.002094341
6/15/2007,6.29718,6.300571248,0.000538534
6/18/2007,6.27743,6.256384039,0.00335264
6/19/2007,6.22539,6.209812727,0.002502216
6/20/2007,6.28873,6.269976477,0.002982084
6/21/2007,6.32487,6.324731079,2.20E-05
6/22/2007,6.30384,6.305963079,0.000336791
6/25/2007,6.2647,6.259517584,0.000827241
6/26/2007,6.28234,6.27749325,0.000771488
6/27/2007,6.26639,6.259989223,0.001021446
6/28/2007,6.2982,6.300194829,0.00031673
6/29/2007,6.25387,6.248359608,0.000881117
7/2/2007,6.22665,6.221071518,0.000895904
7/3/2007,6.25963,6.259573643,9.00E-06
7/5/2007,6.3398,6.346192906,0.001008377
7/6/2007,6.3727,6.401206763,0.004473263
7/9/2007,6.35041,6.363098831,0.001998112
7/10/2007,6.28291,6.304771096,0.003479454
7/11/2007,6.3107,6.33775827,0.004287681
7/12/2007,6.33541,6.355833116,0.003223645
7/13/2007,6.33145,6.347309385,0.002504858
7/16/2007,6.30073,6.289189825,0.001831562
7/17/2007,6.33529,6.325246293,0.001585359
7/18/2007,6.28572,6.269636508,0.002558735
7/19/2007,6.30406,6.275030387,0.004604907
7/20/2007,6.265,6.251248039,0.002195046
7/23/2007,6.28112,6.259224773,0.003485879
7/24/2007,6.28258,6.277214108,0.00085409
7/25/2007,6.27441,6.261463284,0.002063416
7/26/2007,6.2137,6.23949881,0.004151924
7/27/2007,6.21896,6.283697399,0.010409682
7/30/2007,6.24717,6.277860639,0.004912727
7/31/2007,6.22355,6.23291814,0.001505273
8/1/2007,6.20234,6.206931753,0.000740326
8/2/2007,6.17056,6.177743676,0.001164185
8/3/2007,6.10397,6.1359165,0.005233725
8/6/2007,6.12133,6.163834713,0.006943705
8/7/2007,6.10728,6.135710503,0.004655182
8/8/2007,6.16603,6.197722499,0.005139855
8/9/2007,6.12613,6.18326146,0.009325865
8/10/2007,6.15063,6.193560807,0.006979904
8/13/2007,6.16927,6.189746666,0.003319139
8/14/2007,6.1677,6.168526411,0.00013399
8/15/2007,6.20664,6.151795345,0.008836449
8/16/2007,6.14169,6.123087609,0.003028872
8/17/2007,6.11128,6.142810032,0.005159317
8/20/2007,6.07633,6.102499067,0.004306723
8/21/2007,6.01298,6.062798736,0.008285199
8/22/2007,6.02985,6.06705954,0.00617089
8/23/2007,6.02021,6.048919458,0.004768847
8/24/2007,5.98703,6.004399918,0.002901258
8/27/2007,5.97041,5.964474756,0.00099411
8/28/2007,5.9438,5.945802336,0.000336878
8/29/2007,5.97927,5.974155361,0.000855395
8/30/2007,5.97114,5.928665168,0.007113354
8/31/2007,5.99344,5.961764809,0.005284977
9/4/2007,6.01567,5.969065036,0.007747261
9/5/2007,5.92707,5.89449809,0.005495449
9/6/2007,5.9335,5.895127626,0.006467072
9/7/2007,5.76133,5.768602122,0.00126223
9/10/2007,5.73113,5.751727118,0.003593902
9/11/2007,5.80365,5.816301603,0.002179939
9/12/2007,5.87022,5.865633399,0.000781334
9/13/2007,5.9126,5.916227688,0.000613552
9/14/2007,5.89106,5.887806864,0.000552216
9/17/2007,5.894,5.907806304,0.002342434
9/18/2007,5.79823,5.832175962,0.005854539
9/19/2007,5.795,5.823189096,0.004864382
9/20/2007,5.96554,6.000149308,0.005801538
9/21/2007,5.95164,5.974764658,0.003885426
9/24/2007,5.97496,5.977336206,0.000397694
9/25/2007,5.97037,5.99058279,0.003385517
9/26/2007,5.98048,5.974410499,0.001014885
9/27/2007,5.92373,5.913891298,0.001660896
9/28/2007,5.95066,5.925060963,0.004301882
10/1/2007,5.93729,5.925453981,0.001993505
10/2/2007,5.91811,5.879732694,0.006484723
10/3/2007,5.90551,5.878247488,0.004616453
10/4/2007,5.88909,5.869368791,0.00334877
10/5/2007,5.98487,5.981387503,0.000581884
10/9/2007,5.98408,5.97901923,0.000845706
10/10/2007,5.98497,5.947338961,0.00628759
10/11/2007,5.9681,5.9211478,0.007867194
10/12/2007,5.98161,5.944392856,0.006221927
10/15/2007,5.98213,5.928827751,0.008910246
10/16/2007,5.9741,5.928693721,0.007600522
10/17/2007,5.90414,5.859908981,0.007491526
10/18/2007,5.85501,5.828475554,0.004531921
10/19/2007,5.78826,5.743344087,0.00775983
10/22/2007,5.79053,5.739712631,0.008775944
10/23/2007,5.77363,5.733467143,0.006956257
10/24/2007,5.68865,5.678758994,0.001738726
10/25/2007,5.69814,5.702304531,0.000730858
10/26/2007,5.7513,5.728055795,0.004041557
10/29/2007,5.74053,5.723829221,0.002909275
10/30/2007,5.74383,5.707453285,0.006333181
10/31/2007,5.82636,5.764694883,0.010583815
11/1/2007,5.76173,5.706038728,0.00966572
11/2/2007,5.72404,5.661667585,0.010896572
11/5/2007,5.81429,5.716941797,0.016742922
11/6/2007,5.86598,5.760365396,0.018004597
11/7/2007,5.87137,5.781884713,0.015240955
11/8/2007,5.85192,5.775503123,0.013058428
11/9/2007,5.81494,5.716506231,0.016927736
11/13/2007,5.83079,5.712191192,0.020340092
11/14/2007,5.81237,5.698091063,0.019661332
11/15/2007,5.74313,5.639127283,0.018109065
11/16/2007,5.77368,5.62582976,0.025607626
11/19/2007,5.74195,5.617104571,0.021742688
11/20/2007,5.80547,5.639811652,0.028534873
11/21/2007,5.72955,5.619128437,0.019272292
11/23/2007,5.66973,5.582245579,0.015430086
11/26/2007,5.47701,5.430897437,0.008419295
11/27/2007,5.62014,5.552182124,0.012091848
11/28/2007,5.58194,5.568289457,0.002445484
11/29/2007,5.48448,5.494941204,0.00190742
11/30/2007,5.43923,5.456552905,0.003184808
12/3/2007,5.39401,5.401816914,0.00144733
12/4/2007,5.39349,5.410281161,0.003113227
12/5/2007,5.40073,5.411182159,0.001935323
12/6/2007,5.49202,5.480375755,0.002120212
12/7/2007,5.68009,5.623487995,0.009964984
12/10/2007,5.7185,5.650631682,0.011868203
12/11/2007,5.54528,5.541292637,0.000719055
12/12/2007,5.59488,5.548812776,0.008233818
12/13/2007,5.66802,5.595911609,0.012721972
12/14/2007,5.75288,5.664145262,0.015424403
12/17/2007,5.73971,5.630607548,0.019008356
12/18/2007,5.61771,5.531491644,0.015347598
12/19/2007,5.53357,5.494828498,0.007001177
12/20/2007,5.52723,5.476078405,0.009254472
12/21/2007,5.68464,5.593690519,0.015999163
12/24/2007,5.74257,5.639733236,0.017907795
12/26/2007,5.79908,5.693654236,0.01817974
12/27/2007,5.73511,5.635183395,0.01742366
12/28/2007,5.59539,5.537868458,0.010280167
12/31/2007,5.5067,5.49243205,0.002591016
1/2/2008,5.39414,5.371383331,0.004218776
1/3/2008,5.3789,5.366385821,0.002326531
1/4/2008,5.28617,5.293866021,0.001455878
1/7/2008,5.23878,5.248783933,0.001909592
1/8/2008,5.25517,5.214816239,0.007678869
1/9/2008,5.2107,5.19224965,0.003540858
1/10/2008,5.28583,5.246901584,0.007364674
1/11/2008,5.17318,5.143422862,0.005752195
1/14/2008,5.13481,5.119705419,0.002941605
1/15/2008,5.04364,5.04593675,0.000455376
1/16/2008,5.12728,5.067414584,0.011675863
1/17/2008,5.04624,4.999274118,0.009307104
1/18/2008,5.07507,5.009307859,0.012957879
1/22/2008,4.82456,4.851295259,0.005541492
1/23/2008,4.86534,4.8413812,0.004924383
1/24/2008,5.20552,5.08601124,0.022958083
1/25/2008,5.08433,5.029638962,0.010756784
1/28/2008,5.03004,5.010795748,0.003825865
1/29/2008,5.11346,5.062567088,0.009952735
1/30/2008,5.18726,5.101562748,0.016520716
1/31/2008,5.12147,5.042678444,0.015384559
2/1/2008,5.07129,4.996348714,0.014777559
2/4/2008,5.14855,5.02073335,0.024825757
2/5/2008,5.04078,4.967543136,0.014528875
2/6/2008,5.11977,4.994672021,0.024434297
2/7/2008,5.26285,5.117562296,0.027606279
2/8/2008,5.20211,5.056878557,0.027917796
2/11/2008,5.19384,5.057301696,0.026288508
2/12/2008,5.25661,5.113230919,0.027275959
2/13/2008,5.32945,5.135875917,0.036321587
2/14/2008,5.51998,5.324801218,0.035358603
2/15/2008,5.50329,5.302037676,0.036569456
2/19/2008,5.73451,5.434753802,0.05227233
2/20/2008,5.76701,5.466559431,0.052098153
2/21/2008,5.5927,5.35001205,0.043393701
2/22/2008,5.71944,5.402731637,0.055374016
2/25/2008,5.86195,5.499071668,0.06190403
2/26/2008,5.78509,5.397686624,0.066965834
2/27/2008,5.69071,5.33982605,0.061659081
2/28/2008,5.4989,5.222352769,0.050291373
2/29/2008,5.35969,5.073773431,0.053345729
3/3/2008,5.43774,5.085508337,0.064775378
3/4/2008,5.63182,5.192271165,0.078047387
3/5/2008,5.81134,5.338358497,0.081389405
3/6/2008,5.94293,5.39974653,0.091399944
3/7/2008,5.79413,5.315343119,0.082633093
3/10/2008,5.76087,5.233883206,0.091476946
3/11/2008,5.77938,5.271821348,0.087822336
3/12/2008,5.50334,5.121408942,0.069399866
3/13/2008,5.5453,5.149181592,0.071433179
3/14/2008,5.47714,5.044765982,0.078941568
3/17/2008,5.08274,4.87059263,0.041738781
3/18/2008,5.26363,4.950507936,0.059487856
3/19/2008,5.1225,4.809182352,0.061164987
3/20/2008,5.06543,4.845812148,0.043356211
3/24/2008,5.3473,5.044166221,0.056689129
3/25/2008,5.30409,5.025681293,0.052489439
3/26/2008,5.29599,5.016824929,0.052712537
3/27/2008,5.39164,5.054131558,0.062598475
3/28/2008,5.28215,4.953068849,0.062300607
3/31/2008,5.26202,4.894700895,0.069805722
4/1/2008,5.36824,4.959861215,0.076073124
4/2/2008,5.43194,5.013012193,0.077123055
4/3/2008,5.37571,5.026814388,0.064902238
4/4/2008,5.16736,4.899643699,0.051809106
4/7/2008,5.23363,4.974011556,0.049605808
4/8/2008,5.28216,4.963411866,0.060344279
4/9/2008,5.19316,4.877383231,0.060806285
4/10/2008,5.2699,4.961097235,0.058597462
4/11/2008,5.2083,4.928626272,0.053697699
4/14/2008,5.2727,4.974093445,0.056632571
4/15/2008,5.38224,5.06885567,0.058225633
4/16/2008,5.54358,5.261570821,0.05087131
4/17/2008,5.57791,5.304648963,0.048989861
4/18/2008,5.48385,5.255951832,0.04155806
4/21/2008,5.42507,5.209348443,0.039763829
4/22/2008,5.38548,5.211927481,0.032226007
4/23/2008,5.4325,5.218050708,0.039475249
4/24/2008,5.51979,5.344527653,0.031751633
4/25/2008,5.5306,5.360976003,0.030670089
4/28/2008,5.49081,5.311203949,0.032710302
4/29/2008,5.47144,5.28410219,0.034239215
4/30/2008,5.40219,5.189035846,0.039456989
5/1/2008,5.34362,5.146709924,0.036849566
5/2/2008,5.38863,5.187629619,0.037300832
5/5/2008,5.4155,5.190560019,0.041536327
5/6/2008,5.43589,5.236311668,0.036714932
5/7/2008,5.39367,5.204931545,0.034992585
5/8/2008,5.32256,5.159257174,0.030681256
5/9/2008,5.35232,5.163993922,0.035185878
5/12/2008,5.40558,5.183377181,0.041106194
5/13/2008,5.54224,5.362461263,0.03243792
5/14/2008,5.55211,5.383933425,0.03029057
5/15/2008,5.40203,5.237441611,0.030467878
5/16/2008,5.39561,5.22009161,0.032529851
5/19/2008,5.35742,5.160085822,0.036833808
5/20/2008,5.30407,5.11487645,0.035669505
5/21/2008,5.35903,5.158145588,0.037485219
5/22/2008,5.4751,5.286279432,0.034487145
5/23/2008,5.40601,5.207596732,0.036702349
5/27/2008,5.51062,5.312283173,0.035991744
5/28/2008,5.635,5.397727173,0.042106979
5/29/2008,5.71441,5.482464794,0.040589528
5/30/2008,5.67041,5.433371915,0.041802636
6/2/2008,5.60869,5.369292562,0.042683307
6/3/2008,5.55953,5.30396215,0.045969326
6/4/2008,5.66156,5.358637676,0.053505098
6/5/2008,5.76712,5.491048127,0.047869972
6/6/2008,5.72572,5.492463207,0.040738421
6/9/2008,5.81817,5.645772251,0.029630923
6/10/2008,5.96254,5.743873358,0.036673405
6/11/2008,5.88874,5.634708782,0.043138467
6/12/2008,6.01778,5.762709525,0.042386141
6/13/2008,6.05793,5.820107029,0.039258125
6/16/2008,6.08137,5.801265352,0.046059465
6/17/2008,6.00955,5.729534904,0.046595019
6/18/2008,5.90615,5.619761434,0.04848989
6/19/2008,5.94374,5.660670306,0.047624845
6/20/2008,5.92151,5.649576319,0.04592303
6/23/2008,5.98819,5.712892699,0.045973374
6/24/2008,5.9575,5.663756098,0.049306572
6/25/2008,5.95788,5.657452288,0.050425271
6/26/2008,5.90352,5.605869024,0.050419237
6/27/2008,5.84366,5.575308114,0.045921886
6/30/2008,5.82023,5.544099616,0.047443208
7/1/2008,5.87926,5.573478098,0.05201027
7/2/2008,5.90336,5.548763661,0.060066867
7/3/2008,5.94638,5.557067973,0.065470425
7/7/2008,5.951,5.519731882,0.072469857
7/8/2008,5.81904,5.448829254,0.063620588
7/9/2008,5.71617,5.359941127,0.062319503
7/10/2008,5.7032,5.365833043,0.059153976
7/11/2008,5.78406,5.483186782,0.052017652
7/14/2008,5.7262,5.431452396,0.051473508
7/15/2008,5.69922,5.374025356,0.0570595
7/16/2008,5.84484,5.428476153,0.071236141
7/17/2008,6.03498,5.595744363,0.072781623
7/18/2008,6.13689,5.649247077,0.07946092
7/21/2008,6.11861,5.61878728,0.081688933
7/22/2008,6.15327,5.614820985,0.087506158
7/23/2008,6.12548,5.644648193,0.078497001
7/24/2008,5.96688,5.502615237,0.077806955
7/25/2008,6.09366,5.569211546,0.086064607
7/28/2008,5.97205,5.475227143,0.083191342
7/29/2008,6.02543,5.504565851,0.086444312
7/30/2008,5.98257,5.464390446,0.086614875
7/31/2008,5.9366,5.409923834,0.088716802
8/1/2008,5.94304,5.390562412,0.092962118
8/4/2008,6.01006,5.436359214,0.095456749
8/5/2008,6.04893,5.442911939,0.100185993
8/6/2008,6.12899,5.491027929,0.104089266
8/7/2008,6.05188,5.393248647,0.108830868
8/8/2008,6.00624,5.40110735,0.100750661
8/11/2008,6.08798,5.437031356,0.106923585
8/12/2008,6.02876,5.353285556,0.112042019
8/13/2008,6.05706,5.388581549,0.110363518
8/14/2008,6.03352,5.35010805,0.113269194
8/15/2008,5.96405,5.339363907,0.104741928
8/18/2008,5.95599,5.335425475,0.104191667
8/19/2008,5.95402,5.344914916,0.102301484
8/20/2008,5.80583,5.297033675,0.087635416
8/21/2008,5.9001,5.341474783,0.094680635
8/22/2008,5.93749,5.385942989,0.092892285
8/25/2008,5.87194,5.343207765,0.090043876
8/26/2008,5.83232,5.31889256,0.088031425
8/27/2008,5.8015,5.279483787,0.089979525
8/28/2008,5.76723,5.292265471,0.082355746
8/29/2008,5.79853,5.289844743,0.087726589
9/2/2008,5.76158,5.242935935,0.09001768
9/3/2008,5.70324,5.207761222,0.086876719
9/4/2008,5.60593,5.172074486,0.077392246
9/5/2008,5.64419,5.187991612,0.080826193
9/8/2008,5.11343,5.111508311,0.000375812
9/9/2008,5.14552,5.077095666,0.013297846
9/10/2008,5.20774,5.097712992,0.021127592
9/11/2008,5.20018,5.065132554,0.025969764
9/12/2008,5.3042,5.161115409,0.026975716
9/15/2008,5.01762,4.984505791,0.006599585
9/16/2008,5.19951,5.123468253,0.014624791
9/17/2008,5.21897,5.07265693,0.028034855
9/18/2008,5.24059,5.105036636,0.02586605
9/19/2008,5.29412,5.338282006,0.008341709
9/22/2008,5.43345,5.35517671,0.014405818
9/23/2008,5.46543,5.41459867,0.009300518
9/24/2008,5.46486,5.501526573,0.006709517
9/25/2008,5.4753,5.535664681,0.011024908
9/26/2008,5.45085,5.441236895,0.001763597
9/29/2008,5.36504,5.28424499,0.015059536
9/30/2008,5.5156,5.522117302,0.001181613
10/1/2008,5.49707,5.451871302,0.008222325
10/2/2008,5.45694,5.385025429,0.013178553
10/3/2008,5.4475,5.325071186,0.022474312
10/6/2008,5.21162,5.062498989,0.028613178
10/7/2008,5.26288,5.204320827,0.01112683
10/8/2008,5.45232,5.29919013,0.028085268
10/9/2008,5.66674,5.584902282,0.014441763
10/10/2008,5.84477,5.749864084,0.01623775
10/14/2008,6.01234,5.845360035,0.027772875
10/15/2008,5.90519,5.659539752,0.041599042
10/16/2008,5.84358,5.593368762,0.042818142
10/17/2008,5.82867,5.507390422,0.055120564
10/20/2008,5.50881,5.334260539,0.031685511
10/21/2008,5.3554,5.107085938,0.046367043
10/22/2008,5.37637,5.077815313,0.055530904
10/23/2008,5.41055,5.154829042,0.047263394
10/24/2008,5.67504,5.320415183,0.062488514
10/27/2008,5.91991,5.357988409,0.094920631
10/28/2008,6.04844,5.421954517,0.103578027
10/29/2008,6.01414,5.384171815,0.104747842
10/30/2008,6.024,5.386832636,0.105771475
10/31/2008,5.98811,5.417125762,0.095352997
11/3/2008,5.94965,5.376181032,0.096387009
11/4/2008,5.59651,5.195913695,0.071579664
11/5/2008,5.44883,5.111332343,0.061939473
11/6/2008,5.48354,5.147092859,0.061355829
11/7/2008,5.48216,5.225941241,0.046736826
11/10/2008,5.57721,5.197159101,0.068143552
11/12/2008,5.42963,5.065652315,0.067035449
11/13/2008,5.55392,5.208872669,0.06212681
11/14/2008,5.49487,5.256449266,0.043389695
11/17/2008,5.54453,5.242171991,0.054532667
11/18/2008,5.4702,5.163505785,0.056066362
11/19/2008,5.45948,5.106099344,0.064727896
11/20/2008,5.40782,4.911929972,0.091698693
11/21/2008,5.35168,4.936013873,0.077670213
11/24/2008,5.34056,4.911048839,0.080424368
11/25/2008,4.75014,4.642923553,0.022571218
11/26/2008,4.76604,4.603081302,0.034191635
11/28/2008,4.82937,4.575876155,0.052490044
12/1/2008,4.6019,4.352889387,0.054110392
12/2/2008,4.65028,4.249839648,0.08611102
12/3/2008,4.56259,4.232793598,0.072282717
12/4/2008,4.48864,4.234257682,0.05667247
12/5/2008,4.72506,4.320762239,0.085564577
12/8/2008,4.70612,4.34535755,0.076658149
12/9/2008,4.52121,4.325318365,0.043327259
12/10/2008,4.35737,4.293396576,0.01468166
12/11/2008,4.11336,4.27128435,0.038393029
12/12/2008,4.10814,4.26075709,0.037149924
12/15/2008,4.1355,4.093821582,0.010078205
12/16/2008,3.98071,3.710246575,0.067943514
12/17/2008,3.79209,3.484600731,0.081087018
12/18/2008,3.77292,3.430804725,0.090676525
12/19/2008,3.79982,3.506376665,0.077225588
12/22/2008,4.03628,3.570816085,0.115320026
12/23/2008,4.10336,3.614457968,0.119146756
12/24/2008,4.00553,3.660037138,0.086253969
12/26/2008,3.87289,3.62944946,0.062857592
12/29/2008,3.75228,3.598650961,0.040942851
12/30/2008,3.89246,3.573461536,0.08195292
12/31/2008,4.00708,3.648320036,0.08953152
1/2/2009,3.63296,3.836122077,0.055921914
1/5/2009,4.06922,3.842775748,0.055648073
1/6/2009,3.60517,3.741485061,0.037810994
1/7/2009,3.60119,3.622168638,0.005825474
1/8/2009,3.72187,3.503456619,0.058683775
1/9/2009,3.81249,3.398257486,0.108651436
1/12/2009,3.79585,3.319471675,0.125499776
1/13/2009,3.75991,3.291863423,0.124483452
1/14/2009,3.75495,3.25146163,0.134086571
1/15/2009,3.80857,3.344299949,0.121901409
1/16/2009,3.91302,3.369201012,0.138976798
1/20/2009,3.92854,3.420531449,0.129312302
1/21/2009,4.08436,3.597196425,0.119275376
1/22/2009,4.05342,3.670748587,0.094407047
1/23/2009,4.00493,3.744467545,0.065035458
1/26/2009,4.02083,3.832858679,0.046749383
1/27/2009,3.91328,3.740322044,0.044197695
1/28/2009,4.00898,3.840576158,0.042006656
1/29/2009,4.29591,3.995080553,0.070026944
1/30/2009,4.29037,4.071000023,0.051130783
2/2/2009,4.15784,4.019242591,0.033333993
2/3/2009,4.28905,4.110838791,0.041550275
2/4/2009,4.34958,4.236363671,0.026029256
2/5/2009,4.31812,4.217728626,0.023248861
2/6/2009,4.36683,4.285304981,0.018669153
2/9/2009,4.34913,4.301383075,0.0109785
2/10/2009,4.16012,4.192853622,0.007868432
2/11/2009,4.0733,4.01341849,0.014700982
2/12/2009,4.05528,3.958063167,0.023972903
2/13/2009,4.24557,4.15482609,0.021373787
2/17/2009,4.09683,4.011383804,0.020856661
2/18/2009,4.11982,4.054890031,0.01576039
2/19/2009,4.24084,4.144693676,0.022671528
2/20/2009,4.19569,4.086393421,0.026049727
2/23/2009,4.2296,4.066000071,0.038679764
2/24/2009,4.28183,4.109770692,0.040183592
2/25/2009,4.40221,4.340205963,0.014084752
2/26/2009,4.4149,4.335460648,0.017993466
2/27/2009,4.45539,4.416657389,0.008693428
3/2/2009,4.39784,4.311174881,0.019706292
3/3/2009,4.35917,4.337186,0.005043162
3/4/2009,4.38778,4.40587086,0.00412301
3/5/2009,4.22296,4.219487825,0.000822214
3/6/2009,4.21441,4.209907317,0.001068402
3/9/2009,4.26007,4.274101046,0.003293619
3/10/2009,4.2873,4.311015595,0.005531592
3/11/2009,4.22952,4.211861669,0.00417502
3/12/2009,4.17572,4.154891936,0.004987898
3/13/2009,4.17876,4.141795173,0.008845884
3/16/2009,4.20653,4.171242281,0.008388795
3/17/2009,4.20916,4.187480929,0.005150451
3/18/2009,3.87716,3.81063247,0.01715883
3/19/2009,3.83377,3.67142604,0.042345775
3/20/2009,3.89692,3.733099439,0.042038472
3/23/2009,3.92894,3.69189089,0.060334113
3/24/2009,3.93485,3.639319139,0.075106004
3/25/2009,3.96227,3.74008225,0.056075873
3/26/2009,3.93591,3.686804139,0.063290538
3/27/2009,3.91313,3.696428547,0.055378036
3/30/2009,3.88421,3.673941082,0.054134282
3/31/2009,3.8956,3.673837985,0.05692628
4/1/2009,3.90441,3.655236075,0.063818586
4/2/2009,3.98127,3.728515643,0.063485862
4/3/2009,4.07413,3.898597359,0.043084693
4/6/2009,4.06849,3.987532069,0.019898766
4/7/2009,4.0099,3.930982565,0.019680649
4/8/2009,3.93131,3.866464758,0.016494563
4/9/2009,4.01888,3.911914428,0.026615767
4/13/2009,3.98164,3.830735214,0.037900158
4/14/2009,3.95807,3.745837491,0.053620201
4/15/2009,3.93676,3.714813932,0.056377851
4/16/2009,3.97094,3.798222609,0.043495341
4/17/2009,4.03458,3.961127827,0.018205655
4/20/2009,3.99622,3.885390398,0.027733609
4/21/2009,3.99604,3.926877077,0.017307866
4/22/2009,4.02445,3.985249078,0.00974069
4/23/2009,3.99401,3.943017258,0.012767304
4/24/2009,3.99335,4.043630343,0.012591018
4/27/2009,3.83804,3.942174888,0.027132309
4/28/2009,3.90251,3.9587277,0.014405524
4/29/2009,3.9857,4.024763167,0.00980083
4/30/2009,4.0141,4.057156743,0.010726375
5/1/2009,4.08589,4.154870627,0.016882644
5/4/2009,4.03828,4.158684283,0.029815734
5/5/2009,3.98397,4.138003484,0.038663314
5/6/2009,3.96813,4.102852599,0.033951156
5/7/2009,4.08542,4.222357215,0.033518516
5/8/2009,4.12926,4.210410286,0.019652501
5/11/2009,3.99949,4.086263704,0.021696192
5/12/2009,3.98366,4.06378032,0.020112239
5/13/2009,3.93444,4.030009043,0.02429038
5/14/2009,3.93771,4.082017659,0.03664761
5/15/2009,3.94836,4.100666466,0.038574615
5/18/2009,3.99902,4.15109423,0.038027874
5/19/2009,4.00194,4.178488025,0.04411561
5/20/2009,3.96589,4.146846425,0.045628201
5/21/2009,4.0625,4.330807631,0.066044955
5/22/2009,4.12679,4.497180312,0.089752644
5/26/2009,4.1848,4.617475728,0.103392212
5/27/2009,4.54613,4.992441381,0.098173915
5/28/2009,4.69701,4.922607152,0.048029949
5/29/2009,4.3483,4.591809434,0.056001066
6/1/2009,4.65719,5.008544964,0.075443554
6/2/2009,4.60383,4.893382596,0.06289385
6/3/2009,4.53166,4.747111891,0.047543702
6/4/2009,4.72477,5.02424592,0.063384233
6/5/2009,4.91336,5.324781056,0.083735174
6/8/2009,5.02103,5.425842563,0.08062341
6/9/2009,4.96809,5.284718666,0.063732474
6/10/2009,5.05803,5.418767591,0.071319781
6/11/2009,4.9734,5.291577016,0.063975754
6/12/2009,4.84314,5.104801123,0.054027165
6/15/2009,4.71585,4.97514452,0.054983623
6/16/2009,4.65143,4.933018934,0.060538143
6/17/2009,4.55337,4.893340187,0.074663422
6/18/2009,4.86953,5.197627044,0.067377559
6/19/2009,4.79977,5.117169501,0.066128065
6/22/2009,4.70692,5.013199336,0.065070011
6/23/2009,4.71717,4.958384624,0.051135453
6/24/2009,4.72952,4.952598545,0.04716727
6/25/2009,4.55736,4.825113554,0.058751899
6/26/2009,4.52963,4.774376096,0.054032249
6/29/2009,4.53823,4.789541798,0.055376611
6/30/2009,4.58369,4.844359142,0.056868842
7/1/2009,4.55199,4.837439522,0.062708732
7/2/2009,4.51238,4.74405436,0.051341944
7/6/2009,4.51321,4.714776511,0.044661452
7/7/2009,4.47649,4.648111737,0.038338461
7/8/2009,4.32917,4.473868759,0.033424134
7/9/2009,4.43346,4.575054629,0.031937726
7/10/2009,4.33427,4.487380118,0.035325468
7/13/2009,4.40426,4.562432608,0.035913549
7/14/2009,4.47507,4.692188961,0.048517445
7/15/2009,4.64541,4.892550263,0.053200958
7/16/2009,4.57215,4.819369828,0.054070804
7/17/2009,4.63048,4.929237549,0.06451978
7/20/2009,4.56841,4.846310329,0.060830864
7/21/2009,4.44506,4.722175948,0.062342454
7/22/2009,4.49585,4.751747933,0.056918699
7/23/2009,4.67137,4.940779572,0.057672497
7/24/2009,4.60961,4.893210852,0.061523828
7/27/2009,4.63864,4.939388102,0.064835405
7/28/2009,4.58806,4.894512513,0.066793484
7/29/2009,4.54564,4.899102824,0.077758649
7/30/2009,4.54111,4.886380369,0.076032153
7/31/2009,4.39662,4.765409582,0.083880249
8/3/2009,4.52002,4.967009283,0.098890997
8/4/2009,4.57818,4.987997293,0.08951533
8/5/2009,4.6917,5.103325079,0.08773474
8/6/2009,4.70882,5.091158853,0.081196319
8/7/2009,4.80233,5.264375927,0.096212865
8/10/2009,4.69414,5.158848937,0.098997673
8/11/2009,4.6274,5.048365957,0.090972459
8/12/2009,4.63628,5.001211457,0.078712126
8/13/2009,4.52706,4.877225895,0.077349515
8/14/2009,4.49058,4.834260626,0.076533683
8/17/2009,4.46616,4.7716219,0.068394751
8/18/2009,4.50866,4.815033082,0.067952137
8/19/2009,4.47725,4.771706852,0.065767346
8/20/2009,4.44681,4.73587571,0.065005186
8/21/2009,4.52183,4.87045291,0.077097748
8/24/2009,4.48969,4.799593774,0.069025651
8/25/2009,4.46678,4.724396318,0.057673832
8/26/2009,4.4625,4.712605703,0.056046096
8/27/2009,4.48932,4.692426064,0.045242055
8/28/2009,4.48402,4.678673176,0.043410417
8/31/2009,4.42184,4.613791167,0.043409795
9/1/2009,4.4018,4.598126541,0.044601422
9/2/2009,4.31469,4.520993975,0.047814322
9/3/2009,4.36197,4.537429643,0.040224862
9/4/2009,4.42369,4.620148195,0.04441048
9/8/2009,4.41471,4.653126982,0.054005129
9/9/2009,4.39986,4.614224123,0.048720669
9/10/2009,4.28497,4.517125484,0.054179022
9/11/2009,4.28939,4.522529083,0.054352503
9/14/2009,4.35672,4.604910648,0.056967317
9/15/2009,4.39235,4.68347542,0.066280105
9/16/2009,4.3875,4.725431044,0.07702132
9/17/2009,4.31061,4.631733916,0.074496165
9/18/2009,4.38725,4.701672927,0.071667429
9/21/2009,4.41353,4.695462811,0.06387921
9/22/2009,4.3859,4.663735637,0.063347463
9/23/2009,4.3747,4.572501579,0.04521489
9/24/2009,4.30776,4.502564866,0.045221847
9/25/2009,4.26938,4.460338133,0.044727369
9/28/2009,4.21577,4.417772927,0.047916022
9/29/2009,4.20862,4.438611216,0.054647655
9/30/2009,4.22467,4.451696592,0.053738302
10/1/2009,4.10367,4.351838141,0.060474683
10/2/2009,4.10628,4.364271183,0.062828444
10/5/2009,4.13197,4.386416356,0.061579914
10/6/2009,4.14112,4.407507345,0.064327367
10/7/2009,4.09165,4.325944481,0.057261613
10/8/2009,4.12155,4.364854853,0.059032367
10/9/2009,4.25157,4.544439402,0.068885001
10/13/2009,4.21893,4.453815931,0.05567429
10/14/2009,4.32297,4.572393159,0.057697176
10/15/2009,4.40039,4.637960841,0.053988588
10/16/2009,4.35815,4.593349277,0.053967687
10/19/2009,4.34231,4.56442396,0.051151106
10/20/2009,4.3051,4.490481775,0.043060968
10/21/2009,4.35191,4.581746811,0.05281286
10/22/2009,4.34888,4.588983158,0.055210343
10/23/2009,4.38826,4.659301469,0.061765135
10/26/2009,4.45896,4.7575763,0.066969944
10/27/2009,4.3817,4.65018666,0.061274542
10/28/2009,4.29321,4.587327323,0.068507556
10/29/2009,4.35555,4.672923699,0.072866503
10/30/2009,4.28974,4.555276774,0.061900435
11/2/2009,4.34084,4.596503297,0.058897194
11/3/2009,4.37341,4.630123677,0.058698745
11/4/2009,4.39722,4.692972269,0.06725892
11/5/2009,4.34027,4.665480299,0.074928587
11/6/2009,4.29318,4.596869891,0.070737749
11/9/2009,4.27718,4.54882999,0.06351147
11/10/2009,4.25006,4.516166427,0.062612393
11/12/2009,4.20549,4.453843825,0.05905467
11/13/2009,4.12598,4.470963823,0.083612578
11/16/2009,4.02764,4.354885522,0.081249943
11/17/2009,4.08364,4.33665258,0.061957611
11/18/2009,4.13219,4.372451574,0.058143884
11/19/2009,4.14203,4.346888568,0.049458494
11/20/2009,4.11407,4.36532475,0.061072065
11/23/2009,4.08914,4.381032484,0.071382365
11/24/2009,4.00757,4.315735686,0.076895896
11/25/2009,3.99745,4.285618915,0.072088185
11/27/2009,3.95395,4.254092715,0.075909588
11/30/2009,3.949,4.249512203,0.076098304
12/1/2009,4.04365,4.33513569,0.072084797
12/2/2009,4.10651,4.389408354,0.068890214
12/3/2009,4.16943,4.473328466,0.072887293
12/4/2009,4.24431,4.607178893,0.085495379
12/7/2009,4.1946,4.541733674,0.082757277
12/8/2009,4.15043,4.454238222,0.073199216
12/9/2009,4.19167,4.47549321,0.067711249
12/10/2009,4.22515,4.533002794,0.07286198
12/11/2009,4.24709,4.601708759,0.083496879
12/14/2009,4.28317,4.629064624,0.080756688
12/15/2009,4.35407,4.720775363,0.084221283
12/16/2009,4.32492,4.695605442,0.085709202
12/17/2009,4.19822,4.602822256,0.096374715
12/18/2009,4.26291,4.646206376,0.089914255
12/21/2009,4.41004,4.824444577,0.093968439
12/22/2009,4.4854,4.891309731,0.090495771
12/23/2009,4.49594,4.855695536,0.080017869
12/24/2009,4.54667,4.902894391,0.078348416
12/28/2009,4.59678,4.962861743,0.079638735
12/29/2009,4.55623,4.913291953,0.078367851
12/30/2009,4.52277,4.834154085,0.068848092
12/31/2009,4.55925,4.896069445,0.073876064
1/4/2010,4.53253,4.874477985,0.075443071
1/5/2010,4.43666,4.760460209,0.072982877
1/6/2010,4.47574,4.804575155,0.073470567
1/7/2010,4.50504,4.820127506,0.069941112
1/8/2010,4.49953,4.763910902,0.058757448
1/11/2010,4.48888,4.746944959,0.057489832
1/12/2010,4.40876,4.661197798,0.057258231
1/13/2010,4.45415,4.751588114,0.06677775
1/14/2010,4.42659,4.709044848,0.063808676
1/15/2010,4.36967,4.666164719,0.067852886
1/19/2010,4.40197,4.710359402,0.070057134
1/20/2010,4.36779,4.659134268,0.066702902
1/21/2010,4.33517,4.610932476,0.063610533
1/22/2010,4.34531,4.614052395,0.061846542
1/25/2010,4.38081,4.638305325,0.058778017
1/26/2010,4.37082,4.611890965,0.055154631
1/27/2010,4.38713,4.626798888,0.054629995
1/28/2010,4.40354,4.628168065,0.051010792
1/29/2010,4.36203,4.568444329,0.047320704
2/1/2010,4.38304,4.583989932,0.045847159
2/2/2010,4.36193,4.550048468,0.043127347
2/3/2010,4.39478,4.607222374,0.048339706
2/4/2010,4.32385,4.513042248,0.043755507
2/5/2010,4.2766,4.442481021,0.038788061
2/8/2010,4.33204,4.485926255,0.035522815
2/9/2010,4.36532,4.549616367,0.042218295
2/10/2010,4.40636,4.609362011,0.046070228
2/11/2010,4.39879,4.605904925,0.047084522
2/12/2010,4.34606,4.53824948,0.044221543
2/16/2010,4.32327,4.50264145,0.041489764
2/17/2010,4.3914,4.56245994,0.038953395
2/18/2010,4.46816,4.601349449,0.029808568
2/19/2010,4.48631,4.59857316,0.025023496
2/22/2010,4.46245,4.569679289,0.024029242
2/23/2010,4.39144,4.478727347,0.019876703
2/24/2010,4.39585,4.473613459,0.017690198
2/25/2010,4.35418,4.419578541,0.015019715
2/26/2010,4.29075,4.386676427,0.022356564
3/1/2010,4.32837,4.39747883,0.015966479
3/2/2010,4.33437,4.385086318,0.011700966
3/3/2010,4.30757,4.382270633,0.017341711
3/4/2010,4.28354,4.341993586,0.013646093
3/5/2010,4.32644,4.409073377,0.019099624
3/8/2010,4.3426,4.428350375,0.019746321
3/9/2010,4.30864,4.396799386,0.02046107
3/10/2010,4.31726,4.399140695,0.018965894
3/11/2010,4.32585,4.413059888,0.020160174
3/12/2010,4.34343,4.406567737,0.014536377
3/15/2010,4.33894,4.387126147,0.011105511
3/16/2010,4.31666,4.324505293,0.001817445
3/17/2010,4.29599,4.298635541,0.000615816
3/18/2010,4.33242,4.338894768,0.001494492
3/19/2010,4.35592,4.378985878,0.005295294
3/22/2010,4.32647,4.344499796,0.004167323
3/23/2010,4.32888,4.3339113,0.001162264
3/24/2010,4.44807,4.435789333,0.002760898
3/25/2010,4.51081,4.474380624,0.008076017
3/26/2010,4.45679,4.417465626,0.008823475
3/29/2010,4.45928,4.444663051,0.003277872
3/30/2010,4.48989,4.427479467,0.013900237
3/31/2010,4.50331,4.399448298,0.023063414
4/1/2010,4.55501,4.459406768,0.020988589
4/5/2010,4.67493,4.609864343,0.013917996
4/6/2010,4.63966,4.530007984,0.023633632
4/7/2010,4.53391,4.44158401,0.020363437
4/8/2010,4.55471,4.484426163,0.015431023
4/9/2010,4.5415,4.4803442,0.013465991
4/12/2010,4.46068,4.435238651,0.005703469
4/13/2010,4.43649,4.399371362,0.008366668
4/14/2010,4.48641,4.426737352,0.013300757
4/15/2010,4.47895,4.405290944,0.016445608
4/16/2010,4.42115,4.321806561,0.022470045
4/19/2010,4.46477,4.373125737,0.020526088
4/20/2010,4.47168,4.392124122,0.017791049
4/21/2010,4.4287,4.365386917,0.014296088
4/22/2010,4.47368,4.416751186,0.012725276
4/23/2010,4.49658,4.47917509,0.0038707
4/26/2010,4.48697,4.492939777,0.00133047
4/27/2010,4.40982,4.443541188,0.00764684
4/28/2010,4.46529,4.478782453,0.00302163
4/29/2010,4.42317,4.401928118,0.004802411
4/30/2010,4.3907,4.423267523,0.007417387
5/3/2010,4.43302,4.488230619,0.012454403
5/4/2010,4.38044,4.501056227,0.027535185
5/5/2010,4.33516,4.481829116,0.033832458
5/6/2010,4.22256,4.462048021,0.05671631
5/7/2010,4.25838,4.385161971,0.029772348
5/10/2010,4.31165,4.425849352,0.02648623
5/11/2010,4.28638,4.394312093,0.025180244
5/12/2010,4.29267,4.390882512,0.02287912
5/13/2010,4.28249,4.370704362,0.020598848
5/14/2010,4.19185,4.336187202,0.034432817
5/17/2010,4.19016,4.349064064,0.03792315
5/18/2010,4.1366,4.306366608,0.041040131
5/19/2010,4.12777,4.304655689,0.042852603
5/20/2010,4.0603,4.250947982,0.046954161
5/21/2010,4.04344,4.169021222,0.031058015
5/24/2010,4.11355,4.190843156,0.018789891
5/25/2010,4.05822,4.181887001,0.030473213
5/26/2010,4.08488,4.201390166,0.028522298
5/27/2010,4.18162,4.275607957,0.022476446
5/28/2010,4.15474,4.230838976,0.018316182
6/1/2010,4.15107,4.245079672,0.022647094
6/2/2010,4.17668,4.259935593,0.019933438
6/3/2010,4.18758,4.284925964,0.023246353
6/4/2010,4.0385,4.171223337,0.032864513
6/7/2010,4.03222,4.165483115,0.033049564
6/8/2010,3.99958,4.170528303,0.042741564
6/9/2010,3.99425,4.139440549,0.03634989
6/10/2010,4.10653,4.221208158,0.027925806
6/11/2010,4.02205,4.141796702,0.029772554
6/14/2010,4.03885,4.165178093,0.031278233
6/15/2010,4.07554,4.173247099,0.023974025
6/16/2010,4.05488,4.136332778,0.020087593
6/17/2010,3.96819,4.055556852,0.022016802
6/18/2010,3.97044,4.072205526,0.025630793
6/21/2010,3.95504,4.055730101,0.025458681
6/22/2010,3.87492,4.017421181,0.036775258
6/23/2010,3.83092,3.962169234,0.0342605
6/24/2010,3.90814,3.985001581,0.019667049
6/25/2010,3.86458,3.952453573,0.022738195
6/28/2010,3.76157,3.849551675,0.023389615
6/29/2010,3.72533,3.79447125,0.018559765
6/30/2010,3.72459,3.783945283,0.015936058
7/1/2010,3.69379,3.767196729,0.019873011
7/2/2010,3.71696,3.783799378,0.01798227
7/6/2010,3.63513,3.728786116,0.025764172
7/7/2010,3.69837,3.725365892,0.007299403
7/8/2010,3.71168,3.753629854,0.01130212
7/9/2010,3.71575,3.782966055,0.018089499
7/12/2010,3.71395,3.774237559,0.016232733
7/13/2010,3.75306,3.810186169,0.015221225
7/14/2010,3.70043,3.74972912,0.013322538
7/15/2010,3.61225,3.67320496,0.016874513
7/16/2010,3.59773,3.625551754,0.007733141
7/19/2010,3.65741,3.647468287,0.002718239
7/20/2010,3.63593,3.60949659,0.007270055
7/21/2010,3.56787,3.572207892,0.001215821
7/22/2010,3.57445,3.58592419,0.003210057
7/23/2010,3.61862,3.624780699,0.001702499
7/26/2010,3.6203,3.610761115,0.002634833
7/27/2010,3.62,3.652765364,0.009051206
7/28/2010,3.57124,3.575626342,0.001228241
7/29/2010,3.55631,3.568494169,0.00342607
7/30/2010,3.48603,3.502907724,0.004841532
8/2/2010,3.5727,3.540511752,0.009009502
8/3/2010,3.52286,3.495662271,0.007720355
8/4/2010,3.5817,3.529428207,0.014594129
8/5/2010,3.55337,3.490012365,0.017830295
8/6/2010,3.48719,3.420936734,0.018999041
8/9/2010,3.48853,3.40439401,0.024117892
8/10/2010,3.44746,3.333359928,0.033096852
8/11/2010,3.34099,3.237841626,0.030873595
8/12/2010,3.44748,3.289905055,0.045707283
8/13/2010,3.37661,3.27326598,0.03060585
8/16/2010,3.30867,3.229594189,0.023899576
8/17/2010,3.40141,3.243670427,0.04637476
8/18/2010,3.44987,3.232593001,0.062981213
8/19/2010,3.30888,3.183996174,0.037742023
8/20/2010,3.42281,3.213692074,0.061095394
8/23/2010,3.42399,3.204898726,0.063987124
8/24/2010,3.3561,3.124944819,0.06887613
8/25/2010,3.36868,3.162755802,0.061129047
8/26/2010,3.30296,3.144024541,0.048119099
8/27/2010,3.47055,3.258673694,0.061049778
8/30/2010,3.33669,3.186030897,0.045152263
8/31/2010,3.19108,3.132301711,0.01841956
9/1/2010,3.30826,3.240286759,0.020546523
9/2/2010,3.37636,3.257136661,0.035311205
9/3/2010,3.48233,3.276242271,0.059180988
9/9/2010,3.27423,3.388071365,0.034768897
9/10/2010,3.58242,3.438734923,0.040108384
9/13/2010,3.48266,3.385390147,0.027929758
9/14/2010,3.42404,3.309915819,0.033330271
9/15/2010,3.49999,3.377574177,0.034976049
9/16/2010,3.54526,3.435261125,0.031027026
9/17/2010,3.58122,3.427748555,0.042854515
9/20/2010,3.50729,3.41522196,0.026250478
9/21/2010,3.38169,3.309237469,0.021424948
9/22/2010,3.34862,3.281163556,0.02014455
9/23/2010,3.38126,3.301676899,0.023536522
9/24/2010,3.44779,3.353845664,0.027247697
9/27/2010,3.35455,3.297811036,0.016914031
9/28/2010,3.31266,3.247098628,0.019791156
9/29/2010,3.37806,3.310076798,0.020124924
9/30/2010,3.38375,3.308054323,0.022370352
10/1/2010,3.38871,3.309472004,0.023382938
10/4/2010,3.33557,3.28007984,0.016635885
10/5/2010,3.33659,3.281594618,0.016482511
10/6/2010,3.26279,3.188864176,0.022657242
10/7/2010,3.22365,3.163876947,0.018542042
10/8/2010,3.23046,3.113964049,0.036061722
10/12/2010,3.28568,3.121718982,0.0499017
10/13/2010,3.26187,3.093042054,0.051758024
10/14/2010,3.28492,3.170956733,0.034692859
10/15/2010,3.37537,3.205586143,0.050300813
10/18/2010,3.29994,3.138536142,0.048911149
10/19/2010,3.26986,3.110103891,0.048857171
10/20/2010,3.25515,3.092116687,0.050084731
10/21/2010,3.29243,3.165041725,0.038691263
10/22/2010,3.31808,3.220512297,0.029404868
10/25/2010,3.37385,3.208271019,0.049077161
10/26/2010,3.44702,3.295820875,0.043863721
10/27/2010,3.49728,3.362862167,0.038434965
10/28/2010,3.43496,3.312520203,0.035645189
10/29/2010,3.39784,3.274935635,0.036171322
11/1/2010,3.44378,3.305357216,0.040195014
11/2/2010,3.39423,3.299348226,0.027953843
11/3/2010,3.37888,3.29163919,0.025819446
11/4/2010,3.29328,3.207748806,0.025971431
11/5/2010,3.36448,3.260924704,0.03077899
11/8/2010,3.40193,3.303367793,0.028972438
11/9/2010,3.50051,3.432647217,0.019386542
11/10/2010,3.48752,3.425553345,0.017768115
11/12/2010,3.60847,3.51982576,0.024565603
11/15/2010,3.73584,3.670426048,0.017509838
11/16/2010,3.72168,3.630819753,0.024413772
11/17/2010,3.71929,3.638326108,0.021768642
11/18/2010,3.75041,3.68519159,0.017389675
11/19/2010,3.7657,3.669807647,0.025464682
11/22/2010,3.72761,3.599155344,0.034460326
11/23/2010,3.70185,3.551560415,0.040598508
11/24/2010,3.85371,3.716454877,0.03561636
11/26/2010,3.82273,3.698383214,0.032528268
11/29/2010,3.77045,3.669391309,0.02680282
11/30/2010,3.77972,3.671479109,0.028637278
12/1/2010,3.93437,3.829563955,0.026638584
12/2/2010,3.9594,3.868028715,0.023077053
12/3/2010,3.94457,3.842936304,0.025765469
12/6/2010,3.85103,3.78575889,0.016949001
12/7/2010,4.05507,4.028010323,0.006673048
12/8/2010,4.10539,4.084233975,0.005153232
12/9/2010,4.05607,4.032114365,0.00590612
12/10/2010,4.12836,4.12907231,0.000172541
12/13/2010,4.10897,4.097845412,0.002707391
12/14/2010,4.28748,4.265034635,0.005235095
12/15/2010,4.38412,4.37886492,0.001198662
12/16/2010,4.35639,4.320674576,0.008198399
12/17/2010,4.16702,4.135775201,0.007498116
12/20/2010,4.21062,4.13034652,0.019064527
12/21/2010,4.17478,4.09175008,0.019888454
12/22/2010,4.1785,4.117315492,0.014642697
12/23/2010,4.22651,4.179745977,0.011064453
12/27/2010,4.21284,4.144737283,0.016165512
12/28/2010,4.32678,4.264532866,0.01438648
12/29/2010,4.1712,4.133572751,0.009020725
12/30/2010,4.18878,4.16328997,0.006085311
12/31/2010,4.10577,4.101730242,0.000983922
1/3/2011,4.11937,4.1110176,0.002027592
1/4/2011,4.1123,4.080128737,0.00782318
1/5/2011,4.24694,4.248349549,0.000331898
1/6/2011,4.20008,4.190193884,0.002353792
1/7/2011,4.10211,4.077233534,0.00606431
1/10/2011,4.0763,4.052928505,0.005733507
1/11/2011,4.13046,4.082893705,0.01151598
1/12/2011,4.12755,4.083336904,0.010711705
1/13/2011,4.07277,4.050798299,0.005394781
1/14/2011,4.08585,4.092315638,0.001582446
1/18/2011,4.14124,4.12643695,0.003574545
1/19/2011,4.11512,4.101904733,0.003211393
1/20/2011,4.21623,4.194350672,0.005189311
1/21/2011,4.18211,4.163587979,0.00442887
1/24/2011,4.19564,4.161423407,0.008155274
1/25/2011,4.1485,4.089328237,0.014263412
1/26/2011,4.23018,4.182940968,0.011167145
1/27/2011,4.17877,4.128066378,0.012133624
1/28/2011,4.14864,4.101768715,0.011297988
1/31/2011,4.17347,4.163874782,0.002299098
2/1/2011,4.23302,4.22939622,0.000856074
2/2/2011,4.2837,4.282534711,0.000272029
2/3/2011,4.32675,4.327275338,0.000121416
2/4/2011,4.39469,4.421224027,0.006037747
2/7/2011,4.41202,4.426268348,0.003229439
2/8/2011,4.48713,4.493402589,0.001397907
2/9/2011,4.45294,4.406280878,0.010478273
2/10/2011,4.50125,4.450084893,0.011366866
2/11/2011,4.43431,4.376729824,0.012985149
2/14/2011,4.39315,4.341478264,0.011761887
2/15/2011,4.38511,4.326757051,0.013307066
2/16/2011,4.39896,4.350087088,0.011110106
2/17/2011,4.35044,4.296060302,0.012499816
2/18/2011,4.36639,4.313820757,0.012039521
2/22/2011,4.29998,4.237094531,0.014624596
2/23/2011,4.30686,4.260522424,0.010759016
2/24/2011,4.26362,4.224574971,0.009157718
2/25/2011,4.24967,4.185604643,0.015075372
2/28/2011,4.23083,4.167440785,0.01498269
3/1/2011,4.23669,4.160979884,0.01787011
3/2/2011,4.27915,4.210754398,0.015983455
3/3/2011,4.3559,4.323264807,0.007492182
3/4/2011,4.26582,4.219659326,0.010821055
3/7/2011,4.27573,4.221999145,0.012566475
3/8/2011,4.31211,4.271303762,0.009463172
3/9/2011,4.24844,4.198246718,0.011814521
3/10/2011,4.19841,4.140669429,0.013752962
3/11/2011,4.21399,4.136087662,0.018486598
3/14/2011,4.17953,4.103676252,0.01814887
3/15/2011,4.17297,4.107645273,0.015654253
3/16/2011,4.08162,4.035527599,0.011292673
3/17/2011,4.10724,4.05387939,0.012991841
3/18/2011,4.11118,4.054506372,0.013785246
3/21/2011,4.16338,4.097996186,0.015704503
3/22/2011,4.18936,4.101901041,0.020876449
3/23/2011,4.20927,4.115495533,0.022278083
3/24/2011,4.22854,4.151517876,0.018214827
3/25/2011,4.26079,4.206870396,0.012654837
3/28/2011,4.2631,4.223571259,0.0092723
3/29/2011,4.30316,4.259645901,0.010112127
3/30/2011,4.26883,4.221050808,0.011192573
3/31/2011,4.26321,4.222056302,0.009653219
4/1/2011,4.27252,4.200602533,0.016832564
4/4/2011,4.27071,4.177555275,0.021812468
4/5/2011,4.32683,4.243165006,0.019336326
4/6/2011,4.35818,4.2909564,0.015424696
4/7/2011,4.35342,4.285305852,0.015646124
4/8/2011,4.36221,4.304160669,0.013307322
4/11/2011,4.35733,4.308390488,0.011231537
4/12/2011,4.30612,4.23347521,0.016870127
4/13/2011,4.28687,4.19181889,0.022172613
4/14/2011,4.29351,4.213571081,0.018618547
4/15/2011,4.22535,4.13034816,0.02248378
4/18/2011,4.1921,4.086220383,0.02525694
4/19/2011,4.18056,4.080317784,0.023978179
4/20/2011,4.21023,4.110810305,0.023613839
4/21/2011,4.21188,4.09574464,0.027573283
4/25/2011,4.17981,4.066697077,0.027061738
4/26/2011,4.14881,4.040450021,0.026118328
4/27/2011,4.17378,4.065536053,0.025934272
4/28/2011,4.10853,4.000177936,0.026372465
4/29/2011,4.09114,3.996696555,0.023084873
5/2/2011,4.10174,3.998197685,0.02524351
5/3/2011,4.07117,3.985147138,0.021129764
5/4/2011,4.04029,3.950935198,0.022115938
5/5/2011,3.98974,3.915809846,0.018530068
5/6/2011,3.98104,3.899033753,0.020599202
5/9/2011,3.96718,3.891993308,0.018952176
5/10/2011,4.01017,3.943942928,0.016514779
5/11/2011,3.98265,3.914533434,0.017103327
5/12/2011,4.00521,3.954110558,0.012758243
5/13/2011,3.98862,3.922482676,0.016581505
5/16/2011,3.97145,3.892144445,0.019968917
5/17/2011,3.9562,3.866199859,0.022749138
5/18/2011,3.99817,3.931874378,0.016581491
5/19/2011,4.00566,3.931991565,0.018391085
5/20/2011,3.99284,3.913943149,0.019759582
5/23/2011,3.99615,3.904877423,0.022840128
5/24/2011,3.98401,3.891849575,0.023132579
5/25/2011,3.98264,3.885142561,0.024480606
5/26/2011,3.91109,3.810150151,0.025808624
5/27/2011,3.93401,3.816688677,0.029822325
5/31/2011,3.93235,3.801721384,0.03321897
6/1/2011,3.86349,3.731008276,0.034290687
6/2/2011,3.91387,3.795067307,0.030354277
6/3/2011,3.89328,3.770866909,0.031442149
6/6/2011,3.90071,3.790060777,0.028366432
6/7/2011,3.89581,3.78709381,0.027905927
6/8/2011,3.85668,3.728217897,0.033308987
6/9/2011,3.89605,3.751074763,0.037210826
6/10/2011,3.89696,3.730131074,0.042810017
6/13/2011,3.90679,3.754610656,0.038952527
6/14/2011,3.97534,3.856466544,0.029902714
6/15/2011,3.9059,3.776094882,0.033233088
6/16/2011,3.88416,3.761070713,0.031690066
6/17/2011,3.90547,3.776946931,0.032908477
6/20/2011,3.92605,3.79628225,0.033053005
6/21/2011,3.93335,3.808934322,0.031630971
6/22/2011,3.91031,3.796785189,0.029032177
6/23/2011,3.84233,3.745633512,0.025166107
6/24/2011,3.84131,3.72520508,0.030225345
6/27/2011,3.88515,3.774871704,0.028384566
6/28/2011,3.96459,3.880268485,0.02126866
6/29/2011,3.99007,3.912324542,0.019484735
6/30/2011,4.02102,3.944374377,0.019061239
7/1/2011,4.04949,3.988302411,0.01510995
7/5/2011,4.01093,3.937905923,0.018206271
7/6/2011,4.00075,3.930032281,0.017676115
7/7/2011,4.0553,3.985825991,0.017131657
7/8/2011,3.95604,3.865870731,0.02279281
7/11/2011,3.91248,3.825474783,0.022237869
7/12/2011,3.89941,3.825372908,0.018986742
7/13/2011,3.86432,3.803334075,0.0157818
7/14/2011,3.89854,3.833312523,0.016731258
7/15/2011,3.88293,3.817632222,0.016816625
7/18/2011,3.91431,3.825493138,0.022690298
7/19/2011,3.9029,3.819441038,0.021383833
7/20/2011,3.91472,3.821203237,0.023888493
7/21/2011,3.95043,3.85903338,0.023135866
7/22/2011,3.92566,3.783358398,0.03624909
7/25/2011,3.96047,3.823281981,0.034639328
7/26/2011,3.9318,3.786972355,0.036834947
7/27/2011,3.97403,3.819014787,0.039007056
7/28/2011,3.93243,3.789777276,0.036275973
7/29/2011,3.80882,3.677778512,0.034404747
8/1/2011,3.76447,3.621069478,0.03809315
8/2/2011,3.65709,3.53733949,0.032744753
8/3/2011,3.61499,3.503095587,0.030952897
8/4/2011,3.4866,3.395891046,0.02601645
8/5/2011,3.64944,3.488817381,0.04401295
8/8/2011,3.5273,3.408439079,0.033697423
8/9/2011,3.36152,3.115269006,0.073255847
8/10/2011,3.23281,3.082346024,0.046542784
8/11/2011,3.37634,3.184557085,0.056802015
8/12/2011,3.31671,3.123057984,0.05838678
8/15/2011,3.38162,3.136389235,0.072518723
8/16/2011,3.31182,3.065479918,0.074382086
8/17/2011,3.26933,3.016226412,0.077417571
8/18/2011,3.24924,2.960949306,0.088725577
8/19/2011,3.28379,2.988550395,0.089908187
8/22/2011,3.30379,3.022264179,0.085212989
8/23/2011,3.36494,3.071453721,0.087218874
8/24/2011,3.30817,3.142063462,0.050211004
8/25/2011,3.3922,3.152757587,0.070586172
8/26/2011,3.35269,3.111591242,0.071912034
8/29/2011,3.44007,3.175023746,0.077046762
8/30/2011,3.3589,3.11639287,0.072198377
8/31/2011,3.42739,3.144095338,0.082656092
9/1/2011,3.36362,3.094329693,0.08005967
9/2/2011,3.26342,2.996769635,0.081708871
9/6/2011,3.26302,2.997739546,0.081299059
9/7/2011,3.31614,3.029292488,0.086500423
9/8/2011,3.28505,2.974700889,0.094473177
9/9/2011,3.21792,2.944182493,0.085066598
9/12/2011,3.2661,2.950183891,0.096725792
9/13/2011,3.30112,3.005064745,0.089683276
9/14/2011,3.3005,3.020306476,0.084894266
9/15/2011,3.34726,3.058564328,0.086248356
9/16/2011,3.34689,3.06704682,0.0836129
9/19/2011,3.23814,2.968786272,0.083181619
9/20/2011,3.25926,2.982083699,0.085042709
9/21/2011,3.01934,2.924731337,0.03133422
9/22/2011,2.85137,2.791469467,0.021007632
9/23/2011,2.9788,2.828885266,0.050327224
9/26/2011,3.07072,2.918848329,0.049458
9/27/2011,3.19163,3.022076891,0.0531243
9/28/2011,3.16373,3.00204611,0.051105464
9/29/2011,3.08103,2.962470889,0.038480349
9/30/2011,3.03853,2.947645858,0.029910563
10/3/2011,2.96582,2.879882636,0.02897592
10/4/2011,3.04282,2.903538954,0.045773672
10/5/2011,3.11838,2.978317732,0.044915074
10/6/2011,3.18596,3.027637868,0.049693697
10/7/2011,3.28276,3.091914139,0.058135795
10/11/2011,3.3168,3.159335003,0.047474975
10/12/2011,3.33781,3.185852211,0.045526195
10/13/2011,3.30672,3.157378902,0.04516291
10/14/2011,3.36446,3.219770061,0.043005397
10/17/2011,3.29814,3.189969286,0.03279749
10/18/2011,3.29374,3.183034959,0.033610741
10/19/2011,3.30171,3.191685658,0.033323442
10/20/2011,3.32699,3.203836701,0.037016432
10/21/2011,3.33066,3.227280451,0.031038758
10/24/2011,3.3635,3.258673189,0.031165991
10/25/2011,3.26467,3.162445515,0.031312348
10/26/2011,3.3218,3.221472434,0.030202771
10/27/2011,3.44092,3.333098358,0.03133512
10/28/2011,3.36021,3.24771221,0.033479393
10/31/2011,3.25158,3.153288622,0.030228805
11/1/2011,3.128,3.084809957,0.013807558
11/2/2011,3.14036,3.052770748,0.027891469
11/3/2011,3.18659,3.083700795,0.032288184
11/4/2011,3.14592,3.073849144,0.02290931
11/7/2011,3.11536,3.040814943,0.023928232
11/8/2011,3.19153,3.08294843,0.034021792
11/9/2011,3.14083,3.056720545,0.026779372
11/10/2011,3.19683,3.121947966,0.02342384
11/14/2011,3.19328,3.135122184,0.018212564
11/15/2011,3.21924,3.141269919,0.024220027
11/16/2011,3.20144,3.140244872,0.019114876
11/17/2011,3.1637,3.105194515,0.018492741
11/18/2011,3.21334,3.118654571,0.029466359
11/21/2011,3.17668,3.11099271,0.020677969
11/22/2011,3.14417,3.087252037,0.018102699
11/23/2011,3.14517,3.065357936,0.025376073
11/25/2011,3.22263,3.106533305,0.03602545
11/28/2011,3.1879,3.112465402,0.023662787
11/29/2011,3.18161,3.116197472,0.020559568
11/30/2011,3.17702,3.096463666,0.025355942
12/1/2011,3.20921,3.146678022,0.019485162
12/2/2011,3.14293,3.107941979,0.011132294
12/5/2011,3.15649,3.079700402,0.024327528
12/6/2011,3.17019,3.086694978,0.026337545
12/7/2011,3.09012,3.006942685,0.02691718
12/8/2011,3.05821,2.987207298,0.023217079
12/9/2011,3.13669,3.051865199,0.027042775
12/12/2011,3.12819,3.042131716,0.027510568
12/13/2011,3.0836,3.003745097,0.025896648
12/14/2011,3.0099,2.962115141,0.015875896
12/15/2011,3.05125,2.961808903,0.029312936
12/16/2011,3.00104,2.937486311,0.021177222
12/19/2011,2.98945,2.90411032,0.02854695
12/20/2011,3.06827,2.984585953,0.027274017
12/21/2011,3.10621,3.000491117,0.034034686
12/22/2011,3.09573,2.982173368,0.036681698
12/23/2011,3.1705,3.065402941,0.033148418
12/27/2011,3.15254,3.055075695,0.03091612
12/28/2011,3.04824,2.974868002,0.024070283
12/29/2011,3.02888,2.964958713,0.021103935
12/30/2011,3.0169,2.916252631,0.033361188
1/3/2012,2.99221,2.973402678,0.006285429
1/4/2012,2.9957,2.957210687,0.012848187
1/5/2012,2.91011,2.943969888,0.011635261
1/6/2012,2.85738,2.899055564,0.014585237
1/9/2012,2.87572,2.869303665,0.00223121
1/10/2012,2.91779,2.89225556,0.008751295
1/11/2012,2.88377,2.82951819,0.018812807
1/12/2012,2.85234,2.849594112,0.000962679
1/13/2012,2.81631,2.784604803,0.011257709
1/17/2012,2.86264,2.766478876,0.033591763
1/18/2012,2.90295,2.795555938,0.036994803
1/19/2012,2.96477,2.87210464,0.031255497
1/20/2012,2.97611,2.937599148,0.012939996
1/23/2012,2.97256,2.960228367,0.004148489
1/24/2012,2.95988,2.94459633,0.005163611
1/25/2012,2.90516,2.860458804,0.015386827
1/26/2012,2.84358,2.751255042,0.03246786
1/27/2012,2.80824,2.738158328,0.024955728
1/30/2012,2.80895,2.701702659,0.03818058
1/31/2012,2.7763,2.659780942,0.041969188
2/1/2012,2.77294,2.673491092,0.035864068
2/2/2012,2.7164,2.655936928,0.02225853
2/3/2012,2.81014,2.787517776,0.008050212
2/6/2012,2.76133,2.736966607,0.008823064
2/7/2012,2.7946,2.810973417,0.005858948
2/8/2012,2.76703,2.815544434,0.017533035
2/9/2012,2.84585,2.864657928,0.006608896
2/10/2012,2.80975,2.806402574,0.001191361
2/13/2012,2.81749,2.848170838,0.010889422
2/14/2012,2.76681,2.789329607,0.008139195
2/15/2012,2.78221,2.763479824,0.006732122
2/16/2012,2.83167,2.824325641,0.002593649
2/17/2012,2.86836,2.845571895,0.007944646
2/21/2012,2.92316,2.8943366,0.009860357
2/22/2012,2.87313,2.865445348,0.002674662
2/23/2012,2.83483,2.860903646,0.009197605
2/24/2012,2.84685,2.867740282,0.007338034
2/27/2012,2.82054,2.821063743,0.000185689
2/28/2012,2.8102,2.815342428,0.001829915
2/29/2012,2.88173,2.863463945,0.006338573
3/1/2012,2.92872,2.919155647,0.003265711
3/2/2012,2.8908,2.864637,0.009050436
3/5/2012,2.90077,2.892867359,0.002724325
3/6/2012,2.86506,2.849505811,0.005428923
3/7/2012,2.89962,2.853850602,0.015784619
3/8/2012,2.93364,2.881309277,0.017838154
3/9/2012,2.92195,2.903112148,0.006447014
3/12/2012,2.91624,2.88953713,0.009156609
3/13/2012,2.9914,2.969521353,0.007313849
3/14/2012,3.16959,3.146243924,0.007365645
3/15/2012,3.15896,3.129613253,0.009290003
3/16/2012,3.13095,3.132635859,0.00053845
3/19/2012,3.23638,3.239303251,0.000903247
3/20/2012,3.24144,3.253060849,0.003585088
3/21/2012,3.15732,3.169632772,0.003899754
3/22/2012,3.15708,3.138963454,0.005738387
3/23/2012,3.13245,3.098344671,0.010887749
3/26/2012,3.11828,3.104202009,0.004514665
3/27/2012,3.0399,3.020639546,0.006335884
3/28/2012,3.05684,3.016984105,0.013038267
3/29/2012,3.02196,2.978253354,0.014463013
3/30/2012,3.06692,3.038569481,0.009243971
4/2/2012,3.04496,3.014371049,0.010045764
4/3/2012,3.16492,3.118061867,0.014805472
4/4/2012,3.1088,3.098439177,0.00333274
4/5/2012,3.05396,3.057209017,0.00106387
4/6/2012,2.93072,2.914823321,0.005424155
4/9/2012,2.91152,2.882989622,0.009799135
4/10/2012,2.91099,2.87190373,0.01342714
4/11/2012,2.93078,2.896985467,0.011530901
4/12/2012,2.96745,2.916239993,0.017257244
4/13/2012,2.93227,2.884006692,0.016459367
4/16/2012,2.91808,2.867688971,0.017268556
4/17/2012,2.9571,2.894643881,0.021120733
4/18/2012,2.93046,2.879055294,0.017541514
4/19/2012,2.88744,2.8490852,0.013283324
4/20/2012,2.90335,2.863600207,0.01369101
4/23/2012,2.87081,2.839507919,0.010903571
4/24/2012,2.90097,2.861961469,0.01344672
4/25/2012,2.92241,2.863584664,0.02012905
4/26/2012,2.8924,2.837075654,0.019127488
4/27/2012,2.87167,2.801896741,0.024297102
4/30/2012,2.85859,2.772087522,0.03026054
5/1/2012,2.89085,2.825619275,0.022564549
5/2/2012,2.87338,2.786607601,0.03019872
5/3/2012,2.88233,2.788944352,0.03239936
5/4/2012,2.85087,2.737472579,0.039776426
5/7/2012,2.85847,2.748204034,0.03857517
5/8/2012,2.8457,2.733015225,0.039598262
5/9/2012,2.83276,2.74444224,0.031177283
5/10/2012,2.82461,2.75895836,0.023242727
5/11/2012,2.80528,2.743111303,0.022161316
5/14/2012,2.77397,2.727028502,0.016922136
5/15/2012,2.76971,2.721466094,0.017418396
5/16/2012,2.74013,2.674605596,0.023912881
5/17/2012,2.67184,2.618220952,0.020068211
5/18/2012,2.67797,2.619371799,0.021881575
5/21/2012,2.73357,2.637845645,0.035018073
5/22/2012,2.76969,2.703095653,0.024043971
5/23/2012,2.73508,2.655526918,0.029086199
5/24/2012,2.76054,2.667852164,0.03357598
5/25/2012,2.76345,2.658098433,0.038123203
5/29/2012,2.77149,2.639945525,0.047463449
5/30/2012,2.68486,2.545316167,0.051974342
5/31/2012,2.64639,2.515599879,0.049422088
6/1/2012,2.53159,2.456101938,0.029818439
6/4/2012,2.62226,2.506330037,0.044209942
6/5/2012,2.67216,2.5146087,0.058960279
6/6/2012,2.70699,2.567867657,0.051393741
6/7/2012,2.67758,2.58382927,0.035013232
6/8/2012,2.67911,2.578322119,0.037619912
6/11/2012,2.6399,2.564762736,0.028462163
6/12/2012,2.69596,2.59953199,0.035767597
6/13/2012,2.65256,2.554311208,0.037039235
6/14/2012,2.63094,2.557854342,0.027779295
6/15/2012,2.61355,2.522218677,0.034945313
6/18/2012,2.59515,2.510085851,0.032778124
6/19/2012,2.5989,2.532037026,0.025727413
6/20/2012,2.64221,2.521120718,0.045828788
6/21/2012,2.61405,2.510072926,0.039776238
6/22/2012,2.66819,2.531511027,0.051225352
6/25/2012,2.5785,2.484524729,0.036445713
6/26/2012,2.61639,2.502867895,0.043388832
6/27/2012,2.58867,2.495627541,0.035942186
6/28/2012,2.55096,2.46920213,0.032049844
6/29/2012,2.62372,2.521739541,0.038868652
7/2/2012,2.54532,2.480084581,0.025629555
7/3/2012,2.58328,2.508227771,0.029053076
7/5/2012,2.55638,2.486081706,0.027499157
7/6/2012,2.47665,2.437442733,0.015830766
7/9/2012,2.4492,2.397849958,0.020966047
7/10/2012,2.42303,2.390472075,0.013436864
7/11/2012,2.41162,2.371225402,0.016749985
7/12/2012,2.40343,2.345659282,0.02403678
7/13/2012,2.4585,2.36689151,0.037261944
7/16/2012,2.39684,2.35063033,0.019279414
7/17/2012,2.4361,2.381195599,0.022537827
7/18/2012,2.37585,2.354694347,0.008904456
7/19/2012,2.39312,2.362824577,0.012659383
7/20/2012,2.32496,2.32447593,0.000208206
7/23/2012,2.27723,2.3026163,0.011147886
7/24/2012,2.24718,2.281603201,0.015318399
7/25/2012,2.26337,2.274055818,0.004721198
7/26/2012,2.28779,2.28979055,0.000874446
7/27/2012,2.46854,2.40483549,0.025806554
7/30/2012,2.33651,2.339280459,0.001185725
7/31/2012,2.3146,2.334267297,0.008497061
8/1/2012,2.36588,2.389297321,0.009897933
8/2/2012,2.33657,2.354263703,0.007572511
8/3/2012,2.42675,2.442024814,0.00629435
8/6/2012,2.41026,2.407384361,0.001193082
8/7/2012,2.46483,2.477514835,0.005146333
8/8/2012,2.45388,2.497519035,0.017783687
8/9/2012,2.45717,2.510297196,0.021621295
8/10/2012,2.43735,2.472206686,0.014301059
8/13/2012,2.43262,2.479849354,0.019415015
8/14/2012,2.50321,2.547445948,0.017671689
8/15/2012,2.63813,2.640485115,0.000892721
8/16/2012,2.67019,2.680965093,0.004035328
8/17/2012,2.63904,2.641436275,0.00090801
8/20/2012,2.61868,2.639939619,0.008118449
8/21/2012,2.62589,2.608488539,0.006626881
8/22/2012,2.51207,2.531671593,0.007802964
8/23/2012,2.44471,2.486462626,0.017078764
8/24/2012,2.47609,2.500161058,0.009721399
8/27/2012,2.44075,2.476674155,0.01471849
8/28/2012,2.41104,2.460568512,0.020542385
8/29/2012,2.46878,2.491030064,0.009012574
8/30/2012,2.43371,2.46971406,0.014793899
8/31/2012,2.36895,2.418836062,0.021058301
9/4/2012,2.38417,2.413024306,0.012102453
9/5/2012,2.39528,2.405459945,0.004250002
9/6/2012,2.45607,2.487201868,0.012675481
9/7/2012,2.37384,2.462668893,0.037419916
9/10/2012,2.37785,2.469374169,0.038490304
9/11/2012,2.39371,2.480325532,0.036184639
9/12/2012,2.42922,2.544812213,0.047584086
9/13/2012,2.20601,2.478908489,0.123706823
9/14/2012,2.26805,2.559711578,0.128595744
9/17/2012,2.28117,2.528908132,0.108601346
9/18/2012,2.2694,2.4985207,0.100960915
9/19/2012,2.21086,2.456574389,0.111139733
9/20/2012,2.16993,2.439672112,0.124309131
9/21/2012,2.0967,2.428965125,0.158470513
9/24/2012,2.04335,2.394083863,0.171646494
9/25/2012,1.97862,2.378130237,0.201913575
9/26/2012,1.9725,2.339600877,0.186109443
9/27/2012,2.05097,2.351489976,0.146525778
9/28/2012,2.03991,2.355732562,0.154821812
10/1/2012,1.97791,2.345693656,0.185945597
10/2/2012,1.89432,2.341719102,0.236179263
10/3/2012,1.97292,2.331365925,0.18168295
10/4/2012,2.06588,2.375117402,0.149687979
10/5/2012,2.09992,2.420645663,0.152732325
10/9/2012,2.1122,2.396192228,0.134453285
10/10/2012,2.0567,2.365184606,0.149990084
10/11/2012,2.01882,2.341621054,0.159895906
10/12/2012,2.01487,2.332788089,0.157785906
10/15/2012,2.0434,2.341567268,0.14591723
10/16/2012,2.09031,2.373566943,0.135509538
10/17/2012,2.19994,2.470074516,0.122791765
10/18/2012,2.23804,2.473598937,0.105252336
10/19/2012,2.17149,2.42331634,0.115969376
10/22/2012,2.2048,2.4561133,0.113984624
10/23/2012,2.18831,2.435100944,0.112776958
10/24/2012,2.22502,2.431155733,0.092644441
10/25/2012,2.27753,2.490745917,0.093617172
10/26/2012,2.20624,2.420079019,0.096924641
10/29/2012,2.17586,2.394490159,0.100479883
10/31/2012,2.14235,2.370015543,0.10626907
11/1/2012,2.23243,2.390296295,0.070715003
11/2/2012,2.19493,2.39132295,0.089475724
11/5/2012,2.14794,2.358855574,0.098194351
11/6/2012,2.24889,2.420671576,0.07638505
11/7/2012,2.09197,2.308989322,0.103739213
11/8/2012,2.04956,2.278250559,0.111580319
11/9/2012,2.0596,2.294287543,0.113948117
11/13/2012,2.08298,2.280292087,0.094725867
11/14/2012,2.13435,2.280891544,0.068658629
11/15/2012,2.09234,2.289111219,0.094043616
11/16/2012,2.03611,2.282675977,0.12109659
11/19/2012,2.06997,2.314090059,0.117934105
11/20/2012,2.14204,2.342165637,0.093427591
11/21/2012,2.19254,2.366436549,0.079312828
11/23/2012,2.20126,2.370286465,0.076786234
11/26/2012,2.1329,2.345720239,0.099779755
11/27/2012,2.04405,2.311912901,0.13104518
11/28/2012,2.05097,2.287207022,0.115183071
11/29/2012,2.07244,2.290348683,0.105145955
11/30/2012,2.07253,2.286374047,0.103180194
12/3/2012,2.08622,2.291902844,0.098591157
12/4/2012,2.06783,2.277357207,0.101327095
12/5/2012,2.07994,2.264182683,0.088580768
12/6/2012,2.10827,2.260945343,0.072417358
12/7/2012,2.16633,2.294334311,0.059088094
12/10/2012,2.12632,2.285902337,0.075050951
12/11/2012,2.1257,2.308160908,0.085835681
12/12/2012,2.16985,2.356996265,0.08624848
12/13/2012,2.17954,2.385405899,0.094453829
12/14/2012,2.17471,2.379451652,0.094146646
12/17/2012,2.2148,2.435031493,0.099436289
12/18/2012,2.27802,2.498442469,0.09676055
12/19/2012,2.23717,2.460687373,0.099910768
12/20/2012,2.22135,2.445330623,0.100830856
12/21/2012,2.18757,2.412602441,0.102868681
12/24/2012,2.21511,2.436008787,0.09972362
12/26/2012,2.19828,2.42508233,0.10317263
12/27/2012,2.1768,2.394312758,0.099923171
12/28/2012,2.18544,2.377547458,0.087903332
12/31/2012,2.20009,2.41667229,0.098442468
1/2/2013,2.26242,2.479758791,0.096064741
1/3/2013,2.36511,2.514957503,0.063357519
1/4/2013,2.38072,2.525684159,0.06089089
1/7/2013,2.34263,2.510391755,0.07161257
1/8/2013,2.31701,2.481984547,0.071201482
1/9/2013,2.29263,2.465991031,0.075616663
1/10/2013,2.32919,2.503675492,0.07491252
1/11/2013,2.31308,2.492815087,0.077703792
1/14/2013,2.2784,2.472591081,0.085231338
1/15/2013,2.29384,2.442562029,0.064835398
1/16/2013,2.29441,2.441916268,0.064289411
1/17/2013,2.36891,2.505936129,0.057843535
1/18/2013,2.35028,2.488458661,0.058792425
1/22/2013,2.35221,2.481197196,0.054836599
1/23/2013,2.34331,2.486438415,0.06107959
1/24/2013,2.36742,2.503393192,0.057435179
1/25/2013,2.50532,2.617893621,0.044933829
1/28/2013,2.53933,2.658350768,0.046870934
1/29/2013,2.55981,2.677103344,0.045821113
1/30/2013,2.57729,2.698707294,0.047110451
1/31/2013,2.57377,2.676591873,0.039949907
2/1/2013,2.59141,2.707485148,0.044792275
2/4/2013,2.55563,2.667090602,0.043613748
2/5/2013,2.60052,2.722005467,0.046715837
2/6/2013,2.55943,2.677870722,0.046276211
2/7/2013,2.55136,2.672628639,0.047530979
2/8/2013,2.57318,2.675430927,0.039737184
2/11/2013,2.56531,2.669316174,0.040543316
2/12/2013,2.60701,2.702156104,0.036496256
2/13/2013,2.65372,2.738256577,0.031855877
2/14/2013,2.60855,2.69311068,0.032416737
2/15/2013,2.62079,2.697599635,0.029307817
2/19/2013,2.63802,2.717835713,0.030255917
2/20/2013,2.63797,2.714968581,0.029188573
2/21/2013,2.62574,2.684377439,0.022331777
2/22/2013,2.62514,2.675536561,0.019197666
2/25/2013,2.55786,2.627252698,0.027129201
2/26/2013,2.53896,2.621602553,0.032549766
2/27/2013,2.57322,2.64701042,0.028676297
2/28/2013,2.54484,2.638136717,0.036661133
3/1/2013,2.52993,2.613121353,0.032882867
3/4/2013,2.54578,2.614485232,0.026987891
3/5/2013,2.56076,2.621890883,0.023872164
3/6/2013,2.61255,2.657311204,0.017133147
3/7/2013,2.67331,2.707748762,0.012882442
3/8/2013,2.75192,2.761033982,0.003311863
3/11/2013,2.73998,2.759182407,0.007008229
3/12/2013,2.70646,2.733295689,0.00991542
3/13/2013,2.70044,2.734173021,0.012491676
3/14/2013,2.70546,2.758387501,0.019563217
3/15/2013,2.66434,2.726111838,0.023184668
3/18/2013,2.62963,2.712548808,0.0315325
3/19/2013,2.60686,2.687018917,0.030749222
3/20/2013,2.64698,2.707675383,0.02293005
3/21/2013,2.67627,2.713886834,0.014055695
3/22/2013,2.64148,2.704409629,0.023823625
3/25/2013,2.63948,2.695785913,0.021332199
3/26/2013,2.64256,2.698749815,0.021263402
3/27/2013,2.60807,2.654660774,0.017864081
3/28/2013,2.61433,2.660707129,0.017739585
4/1/2013,2.59513,2.636926799,0.016105859
4/2/2013,2.6102,2.652056462,0.01603573
4/3/2013,2.56472,2.604550117,0.015530006
4/4/2013,2.48587,2.562575524,0.030856611
4/5/2013,2.41738,2.503802572,0.035750512
4/8/2013,2.47695,2.551515581,0.030103789
4/9/2013,2.48938,2.55255544,0.025377982
4/10/2013,2.54479,2.594861862,0.019676225
4/11/2013,2.51808,2.573145221,0.02186794
4/12/2013,2.45324,2.524543582,0.029065066
4/15/2013,2.43066,2.499703029,0.028405054
4/16/2013,2.45465,2.517740666,0.02570251
4/17/2013,2.45005,2.501404748,0.020960694
4/18/2013,2.43192,2.48205485,0.020615337
4/19/2013,2.44783,2.507151828,0.024234456
4/22/2013,2.4461,2.504008841,0.023673947
4/23/2013,2.43753,2.510208211,0.029816335
4/24/2013,2.43239,2.502044446,0.028636216
4/25/2013,2.43235,2.508864731,0.031457122
4/26/2013,2.37951,2.475432009,0.040311664
4/29/2013,2.37448,2.469201645,0.039891532
4/30/2013,2.35354,2.479229305,0.053404363
5/1/2013,2.31036,2.455606672,0.06286755
5/2/2013,2.3421,2.452591,0.047176038
5/3/2013,2.45615,2.542129422,0.03500577
5/6/2013,2.4724,2.5682451,0.038766017
5/7/2013,2.48894,2.576273536,0.035088646
5/8/2013,2.47245,2.56213432,0.036273461
5/9/2013,2.49665,2.566525484,0.027987697
5/10/2013,2.58686,2.633003326,0.017837581
5/13/2013,2.621,2.658467551,0.014295136
5/14/2013,2.66272,2.686170784,0.008807078
5/15/2013,2.66187,2.67259008,0.004027274
5/16/2013,2.56388,2.611705962,0.018653744
5/17/2013,2.68581,2.692583707,0.002522035
5/20/2013,2.71288,2.698130475,0.005436851
5/21/2013,2.66453,2.675359485,0.004064313
5/22/2013,2.78844,2.754757614,0.012079294
5/23/2013,2.82191,2.764317901,0.020408907
5/24/2013,2.81497,2.767224473,0.016961292
5/28/2013,2.94396,2.918727057,0.008571089
5/29/2013,2.91969,2.938349718,0.006390993
5/30/2013,2.90465,2.950809565,0.01589161
5/31/2013,2.95731,3.006786943,0.016730388
6/3/2013,2.96032,3.012104339,0.017492818
6/4/2013,2.98974,3.047066941,0.019174557
6/5/2013,2.97372,3.016730226,0.014463442
6/6/2013,2.93639,2.991908179,0.01890695
6/7/2013,2.99312,3.076186254,0.027752397
6/10/2013,3.01875,3.139941862,0.040146373
6/11/2013,2.98862,3.117651339,0.043174221
6/12/2013,3.0173,3.131253022,0.037766554
6/13/2013,2.97052,3.053663717,0.027989617
6/14/2013,2.93282,2.985953505,0.018116865
6/17/2013,2.98385,3.030332675,0.015578087
6/18/2013,2.98213,3.042784008,0.020339156
6/19/2013,3.12738,3.20115131,0.023588854
6/20/2013,3.27319,3.347673906,0.022755754
6/21/2013,3.42906,3.43729478,0.002401469
6/24/2013,3.48428,3.486543373,0.000649596
6/25/2013,3.49791,3.512910181,0.004288327
6/26/2013,3.44275,3.454891502,0.003526687
6/27/2013,3.32066,3.347193354,0.007990386
6/28/2013,3.30945,3.372740582,0.0191242
7/1/2013,3.29795,3.37313701,0.022798105
7/2/2013,3.31182,3.36745888,0.016800092
7/3/2013,3.36892,3.412803531,0.013025994
7/5/2013,3.67325,3.638613129,0.009429489
7/8/2013,3.54464,3.563162416,0.005225472
7/9/2013,3.48802,3.526739047,0.011100581
7/10/2013,3.58537,3.559634333,0.007177967
7/11/2013,3.46797,3.456690837,0.003252382
7/12/2013,3.47482,3.494466178,0.005653869
7/15/2013,3.40503,3.438984633,0.009971904
7/16/2013,3.39147,3.408461907,0.005010189
7/17/2013,3.34387,3.353776983,0.00296273
7/18/2013,3.38885,3.380430759,0.002484395
7/19/2013,3.33139,3.346132662,0.004425379
7/22/2013,3.32208,3.349735963,0.008324894
7/23/2013,3.36391,3.372747925,0.002627277
7/24/2013,3.42968,3.4559707,0.007665642
7/25/2013,3.44079,3.472707925,0.009276336
7/26/2013,3.39532,3.43680683,0.012218828
7/29/2013,3.40615,3.455302948,0.014430647
7/30/2013,3.4286,3.468172268,0.011541815
7/31/2013,3.40954,3.45857438,0.014381524
8/1/2013,3.53287,3.582843752,0.01414537
8/2/2013,3.40357,3.451724561,0.01414825
8/5/2013,3.41781,3.486071913,0.019972413
8/6/2013,3.44309,3.495164074,0.015124227
8/7/2013,3.40953,3.444400846,0.010227464
8/8/2013,3.38149,3.418045733,0.01081054
8/9/2013,3.36395,3.405062699,0.012221555
8/12/2013,3.38388,3.431149727,0.013969091
8/13/2013,3.4866,3.526996828,0.01158631
8/14/2013,3.48409,3.52023859,0.010375332
8/15/2013,3.54246,3.56277767,0.005735469
8/16/2013,3.63423,3.631950726,0.000627168
8/19/2013,3.71105,3.694990625,0.004327448
8/20/2013,3.63068,3.63559593,0.001353997
8/21/2013,3.67464,3.691984169,0.004719964
8/22/2013,3.71019,3.739161572,0.007808649
8/23/2013,3.60146,3.661884248,0.016777709
8/26/2013,3.56494,3.64094983,0.021321489
8/27/2013,3.49501,3.576885738,0.023426468
8/28/2013,3.56452,3.646305218,0.022944244
8/29/2013,3.5164,3.622860325,0.030275374
8/30/2013,3.51811,3.635676597,0.033417544
9/3/2013,3.62303,3.718592925,0.02637652
9/4/2013,3.67957,3.762525885,0.022544994
9/5/2013,3.7867,3.849419647,0.016563141
9/6/2013,3.72124,3.805809778,0.022726236
9/9/2013,3.64949,3.764294426,0.031457663
9/10/2013,3.70256,3.812435437,0.029675532
9/11/2013,3.66718,3.768483231,0.027624286
9/12/2013,3.6663,3.745100638,0.021493232
9/13/2013,3.65073,3.728852541,0.021399156
9/16/2013,3.60503,3.679203023,0.02057487
9/17/2013,3.5863,3.642339992,0.01562613
9/18/2013,3.40411,3.480662276,0.022488191
9/19/2013,3.42348,3.515651839,0.026923434
9/20/2013,3.43161,3.494816084,0.018418784
9/23/2013,3.4029,3.470255857,0.019793663
9/24/2013,3.34069,3.423742491,0.024860879
9/25/2013,3.29616,3.384315022,0.026744764
9/26/2013,3.32335,3.417725224,0.028397618
9/27/2013,3.29489,3.413573241,0.036020396
9/30/2013,3.29525,3.412161505,0.035478797
10/1/2013,3.31544,3.443218031,0.038540294
10/2/2013,3.30787,3.422454037,0.034639825
10/3/2013,3.28508,3.398933559,0.034657774
10/4/2013,3.31439,3.436253656,0.03676805
10/7/2013,3.31522,3.415050385,0.030112748
10/8/2013,3.32901,3.409411993,0.024151923
10/9/2013,3.33121,3.428041008,0.029067819
10/10/2013,3.34593,3.448973397,0.030796639
10/11/2013,3.34888,3.443238572,0.028176158
10/15/2013,3.38973,3.476489651,0.025594856
10/16/2013,3.34533,3.431208719,0.025671225
10/17/2013,3.25461,3.355157776,0.030893955
10/18/2013,3.25857,3.356356788,0.030009111
10/21/2013,3.28095,3.367712095,0.026444199
10/22/2013,3.18366,3.27135208,0.027544424
10/23/2013,3.15417,3.244144617,0.028525608
10/24/2013,3.17723,3.274961804,0.030760066
10/25/2013,3.15212,3.254349418,0.032431956
10/28/2013,3.15932,3.254216249,0.030036922
10/29/2013,3.15432,3.244316528,0.028531198
10/30/2013,3.16114,3.265600335,0.033045147
10/31/2013,3.18036,3.289529147,0.034326035
11/1/2013,3.25928,3.364150659,0.03217602
11/4/2013,3.23876,3.343869808,0.032453719
11/5/2013,3.31201,3.409381708,0.029399582
11/6/2013,3.29973,3.286659838,0.003960979
11/7/2013,3.29153,3.353337833,0.018777843
11/8/2013,3.41853,3.485451783,0.019576187
11/12/2013,3.42394,3.502901086,0.023061469
11/13/2013,3.38633,3.454608834,0.020163077
11/14/2013,3.3344,3.391871633,0.017235974
11/15/2013,3.3275,3.37257504,0.013546218
11/18/2013,3.28922,3.326726488,0.011402852
11/20/2013,3.39539,3.407768316,0.003645624
11/21/2013,3.39022,3.408369779,0.00535357
11/22/2013,3.37657,3.401069304,0.007255678
12/3/2013,3.48201,3.47629411,0.001641549
12/4/2013,3.53796,3.540351687,0.000676007
12/5/2013,3.55213,3.542598836,0.002683225
12/6/2013,3.53577,3.546218753,0.002955156
12/9/2013,3.50449,3.515623902,0.003177039
12/10/2013,3.46476,3.46987974,0.001477661
12/11/2013,3.51569,3.508677067,0.001994753
12/12/2013,3.54275,3.541977441,0.000218068
12/13/2013,3.5291,3.530323453,0.000346676
12/16/2013,3.53072,3.532249938,0.000433322
12/17/2013,3.49989,3.491142535,0.002499354
12/18/2013,3.54228,3.52246678,0.005593352
12/19/2013,3.58946,3.580502009,0.002495638
12/20/2013,3.52072,3.548366052,0.007852386
12/23/2013,3.54225,3.589482317,0.013333987
12/24/2013,3.61006,3.634437775,0.006752734
12/26/2013,3.61108,3.639194296,0.007785564
12/27/2013,3.60938,3.62622123,0.004665962
12/30/2013,3.57467,3.606710088,0.00896309
1/2/2014,3.5997,3.624083001,0.00677362
1/3/2014,3.60326,3.622852838,0.005437531
1/6/2014,3.57635,3.587385781,0.003085766
1/7/2014,3.54285,3.55392206,0.003125185
1/8/2014,3.59637,3.607142754,0.002995452
1/9/2014,3.57494,3.588843657,0.0038892
1/10/2014,3.47184,3.46850236,0.000961346
1/13/2014,3.42646,3.419271084,0.002098059
1/14/2014,3.48341,3.473389169,0.00287673
1/15/2014,3.49478,3.495333842,0.000158477
1/16/2014,3.45706,3.462724733,0.001638598
1/17/2014,3.43708,3.448707049,0.003382828
1/21/2014,3.43062,3.440273584,0.002813947
1/22/2014,3.4813,3.481103323,5.65E-05
1/23/2014,3.42598,3.406620148,0.005650895
1/24/2014,3.38218,3.371917122,0.003034397
1/27/2014,3.42489,3.400061516,0.007249425
1/28/2014,3.41467,3.39995743,0.004308636
1/29/2014,3.36115,3.351926564,0.002744131
1/30/2014,3.37103,3.380707948,0.002870917
1/31/2014,3.34068,3.360789861,0.006019691
2/3/2014,3.2711,3.292350313,0.006496381
2/4/2014,3.31116,3.336656777,0.007700255
2/5/2014,3.35841,3.363951574,0.001650059
2/6/2014,3.37993,3.388465707,0.002525409
2/7/2014,3.343,3.340779581,0.000664199
2/10/2014,3.34761,3.328884362,0.005593734
2/11/2014,3.3874,3.371085986,0.004816087
2/12/2014,3.43678,3.406484524,0.008815076
2/13/2014,3.39638,3.350722121,0.013443101
2/14/2014,3.42405,3.3523974,0.020926271
2/18/2014,3.40225,3.325463887,0.022569215
2/19/2014,3.42085,3.346079901,0.02185717
2/20/2014,3.44099,3.358406671,0.023999875
2/21/2014,3.42382,3.329742624,0.027477314
2/24/2014,3.42988,3.337178392,0.027027654
2/25/2014,3.37625,3.29241619,0.024830451
2/26/2014,3.36186,3.26676824,0.028285461
2/27/2014,3.33702,3.258525768,0.023522254
2/28/2014,3.35149,3.272820449,0.023473008
3/3/2014,3.3253,3.240796319,0.025412348
3/4/2014,3.39831,3.328223224,0.020624009
3/5/2014,3.40152,3.318721002,0.024341764
3/6/2014,3.4237,3.356440892,0.019645152
3/7/2014,3.46137,3.39752406,0.01844528
3/10/2014,3.44657,3.378500181,0.019750018
3/11/2014,3.44385,3.359002934,0.024637271
3/12/2014,3.40859,3.326650591,0.024039092
3/13/2014,3.34844,3.281107538,0.020108606
3/14/2014,3.36349,3.28186703,0.024267344
3/17/2014,3.41746,3.322999457,0.02764057
3/18/2014,3.39423,3.306148852,0.025950259
3/19/2014,3.47241,3.398638784,0.021244961
3/20/2014,3.48581,3.405450766,0.023053246
3/21/2014,3.45235,3.379759832,0.021026306
3/24/2014,3.45267,3.373969938,0.022793972
3/25/2014,3.45197,3.375762955,0.022076393
3/26/2014,3.42174,3.342016984,0.023298969
3/27/2014,3.40527,3.318083902,0.025603285
3/28/2014,3.43061,3.341555075,0.025958918
3/31/2014,3.44686,3.340884593,0.030745492
4/1/2014,3.4727,3.366926553,0.030458562
4/2/2014,3.50663,3.395237668,0.031766206
4/3/2014,3.48403,3.383832516,0.028759076
4/4/2014,3.42956,3.310330853,0.034765144
4/7/2014,3.3951,3.275572108,0.035206
4/8/2014,3.37318,3.254477583,0.035190063
4/9/2014,3.37509,3.249275881,0.037277263
4/10/2014,3.31552,3.210654783,0.031628588
4/11/2014,3.31617,3.207766933,0.032689237
4/14/2014,3.34083,3.232557567,0.032408842
4/15/2014,3.33793,3.224488033,0.033985724
4/16/2014,3.3508,3.243233302,0.032101796
4/17/2014,3.40802,3.307192685,0.029585306
4/21/2014,3.42149,3.300371965,0.035399208
4/22/2014,3.41581,3.305868353,0.032186113
4/23/2014,3.37126,3.268589732,0.030454568
4/24/2014,3.36531,3.274245239,0.027059843
4/25/2014,3.34407,3.25718918,0.025980563
4/28/2014,3.35146,3.266947215,0.025216707
4/29/2014,3.37337,3.2801267,0.027640994
4/30/2014,3.32743,3.239182412,0.026521246
5/1/2014,3.28753,3.215896427,0.021789481
5/2/2014,3.27582,3.206507117,0.021158941
5/5/2014,3.2885,3.220931179,0.020547003
5/6/2014,3.26769,3.20762952,0.018380104
5/7/2014,3.23656,3.192352297,0.013658855
5/8/2014,3.2302,3.173796662,0.017461253
5/9/2014,3.26793,3.194491662,0.022472433
5/12/2014,3.29573,3.221647622,0.022478291
5/13/2014,3.2728,3.19386148,0.024119567
5/14/2014,3.19709,3.138134857,0.018440251
5/15/2014,3.17951,3.116142907,0.01992983
5/16/2014,3.20717,3.136714064,0.021968257
5/19/2014,3.22497,3.150566155,0.023071174
5/20/2014,3.19062,3.126140975,0.020208933
5/21/2014,3.20037,3.14472559,0.017386868
5/22/2014,3.21443,3.163841633,0.015737897
5/23/2014,3.20629,3.144580569,0.019246366
5/27/2014,3.18634,3.1280844,0.01828292
5/28/2014,3.09658,3.073203702,0.00754907
5/29/2014,3.1236,3.098712143,0.007967684
5/30/2014,3.13272,3.115373277,0.005537272
6/2/2014,3.20774,3.189036618,0.005830704
6/3/2014,3.25946,3.236938848,0.006909473
6/4/2014,3.26353,3.252727908,0.003309941
6/5/2014,3.23776,3.234493166,0.00100898
6/6/2014,3.24953,3.234974619,0.004479227
6/9/2014,3.26478,3.246852192,0.005491276
6/10/2014,3.28637,3.259612449,0.008141978
6/11/2014,3.2836,3.243180619,0.012309471
6/12/2014,3.23683,3.189177338,0.014722016
6/13/2014,3.25321,3.201521574,0.015888438
6/16/2014,3.2402,3.192102853,0.014843882
6/17/2014,3.29552,3.236469281,0.017918483
6/18/2014,3.25545,3.199017871,0.017334663
6/19/2014,3.2407,3.206723505,0.010484307
6/20/2014,3.23871,3.208257559,0.009402645
6/23/2014,3.24201,3.205525664,0.011253616
6/24/2014,3.21805,3.1811545,0.011465173
6/25/2014,3.1949,3.151329528,0.013637507
6/26/2014,3.1705,3.122985322,0.014986494
6/27/2014,3.17238,3.129085072,0.01364746
6/30/2014,3.16006,3.1098974,0.015873939
7/1/2014,3.21078,3.155246787,0.017295864
7/2/2014,3.25805,3.215424609,0.013083099
7/3/2014,3.2817,3.224281566,0.017496552
7/7/2014,3.26648,3.201827552,0.019792697
7/8/2014,3.23294,3.147443284,0.0264455
7/9/2014,3.21851,3.132753381,0.02664482
7/10/2014,3.20099,3.130191675,0.022117634
7/11/2014,3.1874,3.119646871,0.02125655
7/14/2014,3.22381,3.147296206,0.023733965
7/15/2014,3.23276,3.15217555,0.024927446
7/16/2014,3.23588,3.144625447,0.028200846
7/17/2014,3.184,3.107343566,0.024075513
7/18/2014,3.18346,3.111849052,0.022494691
7/21/2014,3.17973,3.123961732,0.01753868
7/22/2014,3.17134,3.120458055,0.016044305
7/23/2014,3.18443,3.118237584,0.020786268
7/24/2014,3.23593,3.162558942,0.022673871
7/25/2014,3.19153,3.132317669,0.018552961
7/28/2014,3.20496,3.158535791,0.014485114
7/29/2014,3.18238,3.151282559,0.009771756
7/30/2014,3.26579,3.242567337,0.007110887
7/31/2014,3.27611,3.253745228,0.006826624
8/1/2014,3.22842,3.208548132,0.006155292
8/4/2014,3.21782,3.194145927,0.007357177
8/5/2014,3.21632,3.188338775,0.008699764
8/6/2014,3.2168,3.180702682,0.011221499
8/7/2014,3.1813,3.150836228,0.009575888
8/8/2014,3.17218,3.153030286,0.006036768
8/11/2014,3.18264,3.154655224,0.008792944
8/12/2014,3.19212,3.16601885,0.008176745
8/13/2014,3.16116,3.134351053,0.008480731
8/14/2014,3.13996,3.132604,0.002342705
8/15/2014,3.09358,3.110662093,0.005521788
8/18/2014,3.13998,3.145497217,0.001757087
8/19/2014,3.16484,3.158612643,0.001967669
8/20/2014,3.18288,3.176177276,0.002105868
8/21/2014,3.15678,3.154310323,0.00078234
8/22/2014,3.15082,3.133396618,0.005529793
8/25/2014,3.13856,3.101045464,0.011952786
8/26/2014,3.12944,3.095673801,0.010789854
8/27/2014,3.09887,3.079913966,0.00611708
8/28/2014,3.07812,3.068648954,0.003076893
8/29/2014,3.08034,3.075036387,0.001721762
9/2/2014,3.13347,3.120528621,0.004130047
9/3/2014,3.12536,3.099908847,0.008143431
9/4/2014,3.15283,3.134311483,0.005873617
9/5/2014,3.16818,3.135353085,0.010361443
9/8/2014,3.17608,3.151038779,0.007884317
9/9/2014,3.20426,3.181361994,0.007146113
9/10/2014,3.23967,3.215763818,0.007379203
9/11/2014,3.23854,3.209517048,0.00896174
9/12/2014,3.30131,3.265270914,0.010916602
9/15/2014,3.28134,3.253252785,0.008559678
9/16/2014,3.28408,3.249017785,0.010676419
9/17/2014,3.28895,3.262881247,0.007926163
9/18/2014,3.30017,3.28689685,0.00402196
9/19/2014,3.2565,3.250146637,0.001950979
9/22/2014,3.23976,3.216415036,0.007205769
9/23/2014,3.21471,3.192465731,0.006919526
9/24/2014,3.2402,3.22856971,0.003589374
9/25/2014,3.19667,3.191542479,0.00160402
9/26/2014,3.21517,3.222406433,0.002250716
9/29/2014,3.19268,3.213309861,0.006461612
9/30/2014,3.2079,3.228326065,0.006367426
10/1/2014,3.11879,3.149285229,0.009777904
10/2/2014,3.1361,3.179809344,0.013937484
10/3/2014,3.1408,3.193300443,0.016715627
10/6/2014,3.12298,3.173384008,0.016139715
10/7/2014,3.05717,3.120408042,0.020685157
10/8/2014,3.00696,3.07501313,0.022631871
10/9/2014,3.00935,3.077341053,0.022593269
10/10/2014,3.00647,3.057463699,0.01696132
10/14/2014,2.91567,2.989294047,0.025251159
10/15/2014,2.80128,2.962913844,0.057699996
10/16/2014,2.88998,2.99936128,0.037848456
10/17/2014,2.90897,3.003212882,0.032397337
10/20/2014,2.88228,2.971519923,0.030961573
10/21/2014,2.90261,3.005976913,0.035611713
10/22/2014,2.91561,3.024187623,0.037240105
10/23/2014,2.95697,3.076771983,0.040515116
10/24/2014,2.96706,3.076006257,0.036718589
10/27/2014,2.95063,3.054958572,0.035358067
10/28/2014,2.97326,3.064415693,0.0306585
10/29/2014,3.0091,3.076755267,0.022483556
10/30/2014,2.98841,3.060363925,0.024077662
10/31/2014,3.00974,3.082818505,0.02428067
11/3/2014,3.04728,3.088800037,0.013625278
11/4/2014,3.04424,3.083899789,0.013027813
11/5/2014,3.04445,3.092577749,0.015808356
11/6/2014,3.05201,3.111722348,0.019564925
11/7/2014,3.00136,3.047529072,0.015382717
11/10/2014,3.03634,3.085495357,0.016189016
11/12/2014,3.03648,3.076339097,0.013126744
11/13/2014,3.02409,3.050138428,0.008613642
11/14/2014,2.98831,3.035850307,0.01590876
11/17/2014,2.9941,3.056006111,0.020676033
11/18/2014,2.98226,3.041908452,0.020001091
11/19/2014,3.00395,3.070630241,0.02219752
11/20/2014,2.98245,3.060696489,0.026235642
11/21/2014,2.96503,3.042536768,0.026140298
11/24/2014,2.95338,3.040675769,0.02955792
11/25/2014,2.89872,3.009571617,0.038241574
11/26/2014,2.8841,2.990679779,0.036954259
11/28/2014,2.84569,2.954880403,0.038370449
12/1/2014,2.86228,2.980499213,0.041302463
12/2/2014,2.92504,3.036934074,0.038253861
12/3/2014,2.93232,3.037786538,0.035966927
12/4/2014,2.90251,2.99798654,0.032894474
12/5/2014,2.95463,3.055997338,0.034307963
12/8/2014,2.90876,3.022170325,0.038989234
12/9/2014,2.88602,2.989251949,0.035769658
12/10/2014,2.85151,2.943716931,0.032336177
12/11/2014,2.86343,2.974630744,0.038834804
12/12/2014,2.80058,2.928677985,0.045739806
12/15/2014,2.82917,2.953556749,0.043965809
12/16/2014,2.78725,2.924995556,0.049419878
12/17/2014,2.83715,2.976562073,0.049138069
12/18/2014,2.85823,3.028269206,0.059491086
12/19/2014,2.83374,3.008665143,0.061729426
12/22/2014,2.82564,2.997797179,0.060926791
12/23/2014,2.91032,3.064466322,0.05296542
12/24/2014,2.90975,3.06322877,0.052746377
12/26/2014,2.89124,3.04786227,0.054171314
12/29/2014,2.86098,3.005653474,0.050567803
12/30/2014,2.852,2.987770232,0.047605271
12/31/2014,2.83387,2.974602844,0.049661009
1/2/2015,2.78545,2.931034717,0.052266139
1/5/2015,2.69627,2.878319473,0.067519007
1/6/2015,2.61636,2.834899349,0.083528012
1/9/2015,2.64629,2.834399647,0.071084291
1/12/2015,2.59362,2.797718535,0.078692536
1/13/2015,2.57954,2.783000696,0.078874798
1/14/2015,2.49107,2.748302543,0.103261869
1/15/2015,2.45533,2.715893879,0.106121735
1/16/2015,2.54548,2.737827588,0.075564368
1/20/2015,2.55737,2.740343105,0.071547373
1/21/2015,2.60849,2.769500236,0.061725456
1/22/2015,2.61702,2.78470385,0.064074348
1/27/2015,2.58567,2.712959845,0.04922896
1/28/2015,2.50759,2.626571131,0.047448399
1/29/2015,2.51336,2.651680623,0.055034147
1/30/2015,2.45267,2.59354956,0.057439264
2/2/2015,2.44824,2.594525261,0.059751193
2/3/2015,2.53861,2.701888141,0.06431793
2/4/2015,2.5662,2.708516328,0.055458003
2/5/2015,2.55889,2.737743504,0.069894956
2/6/2015,2.67486,2.837104618,0.060655368
2/9/2015,2.68566,2.841384231,0.057983598
2/10/2015,2.74506,2.871568375,0.046085832
2/11/2015,2.73909,2.86251949,0.045062225
2/12/2015,2.72175,2.857823525,0.049994866
2/13/2015,2.74395,2.885480263,0.051579024
