"","grp","x","actual.smm","model.smm","ratio","track.err","curt.smm","dflt.smm","cout.smm","turn.smm","refi.smm","pct_inv","pct_2nd","pct_owner","pct_purchase","pct_REFI_NCO","pct_REFI_CO","pct_REFI_Other","pct_REFI","pct_dq","incentive","burnout","refi_elig_pct","cltv","wacls","acls","wala","wam","wac","fico","pct_HARPed","pct_tpo","cai","hpa2yr","media_effect","sato","refi_cai_mult","refi_hpa2yr_mult","refi_wala_mult","refi_lomedia_incentive_mult","refi_himedia_incentive_mult","refi_cltv_mult","refi_wacls_mult","refi_fico_mult","refi_refi_elig_pct_mult","refi_pct_2nd_mult","refi_pct_tpo_mult","refi_media_effect_mult","refi_burnout_mult","refi_pct_inv_mult","refi_pct_dq_mult","refi_pct_HARPed_mult","refi_HARP_eligible_mult","bal","std","n"
"1",2000,0,0.471976783043902,0.529594634945124,0.891203860274768,0.0576178519012228,0.0309944641123561,0.0140155497469707,0.0424207346904636,0.299481754286368,0.142682132108966,0,3.91695133837967,96.0830486616203,54.6536720160001,13.1406158308108,32.2057121531891,0,45.3463279839999,1.47301842187817,-9.81245885009543,232.968787071955,99.9727070950158,74.9940914067027,244.193749842487,242.82625473469,8.02684322802184,349.562890160671,4.744839260407,658.636267577626,10.2408774138011,50.9552329513718,179.44777240743,112.802587875115,14.6264718296408,49.9278895137222,0.578218944775534,1,0.838777570214209,0.201204230452158,0.313015191258589,1,1.20971769301139,1,0.999727070950158,1,1.04191046590274,0.0437246734168373,0.989048275900957,1,1,1.01132554324136,0.96,1755034871.8,0.0808230510109876,1972
"2",2000,25,0.663296447475183,0.55780002019351,1.18912947913676,-0.105496427281674,0.0282910745279218,0.0138049597598153,0.0478258032115837,0.266335979297864,0.201542203396325,0,3.09093484926304,96.909065150737,40.7006535942842,12.2469043096095,47.0524420961062,0,59.2993464057158,1.35382058652963,14.290652602168,319.216120055865,99.9716107053976,74.6428299823289,249.174239716278,247.807591877668,7.62528900591902,350.532938094096,4.78809723965357,666.588746494402,9.42660234953614,45.2464728443886,177.491102564269,112.884103193592,19.6113103044836,55.9184153847147,0.57515681986934,1,0.770307549585556,0.294683943512682,0.704718653990788,1,1.21916522040505,1,0.999716107053976,1,1.03049294568878,0.0498134886226222,0.984812786166804,1,1,1.0136055134213,0.96,7566187173.3,0.0676936013132189,9748
"3",2000,50,0.714833072121403,0.661845206394128,1.08006081363944,-0.0529878657272753,0.0273422646533603,0.0132573101076441,0.0490889883487581,0.255679033104605,0.316477610179761,0,3.15245554222887,96.8475444577711,37.2803369038126,12.9664882760461,49.7531748201413,0,62.7196630961874,1.25707732420669,39.493392791172,371.837098893877,99.9040840714259,73.4467934145711,243.151085838104,241.885794128088,7.59194738556836,350.52696990986,4.81080014464881,672.256732414784,9.99060852876746,43.5846039120066,175.852416292062,113.044008021786,25.8464052769176,56.7161044109553,0.572499286724337,1,0.726321144156545,0.493322503216863,1.36191262867209,1,1.20029988683785,1,0.999040840714259,1,1.02716920782401,0.0598489907269467,0.981700371345954,1,1,1.01202629611945,0.96,19893667181,0.0752605333562087,30155
"4",2000,75,1.05164539367612,0.939265882777061,1.11964611188346,-0.112379510899061,0.028803135452904,0.0134959291394868,0.0650485803454267,0.264822843443841,0.567095394395403,0,2.73397449984103,97.266025500159,25.9875363710251,14.3052829864841,59.7071806424908,0,74.0124636289749,1.23293831882872,62.6842889082661,457.436743471803,99.7703477164445,71.3235310332159,242.648215789069,241.424573469474,8.65931719667069,349.482167725974,4.86533935264377,677.805775409509,11.458858103789,39.7776730626324,174.883614845488,113.156316816612,29.8240250262086,61.0027063476158,0.570914756843522,1,0.759033617067823,0.868173875359893,2.24108760374763,1,1.19566554441346,1,0.997703477164445,1,1.01955534612526,0.0671191016731944,0.976891109483909,1,1,1.00791519730939,0.96,29577882103.4,0.0818933801112669,50221
"5",2000,100,1.47200023580654,1.22577288951086,1.20087517712513,-0.246227346295682,0.0311149665163682,0.0141980405979849,0.0758340766622712,0.285795641550808,0.818830164183427,0,2.99479125460631,97.0052087453937,17.4558248123226,17.3878063357269,65.1563688519506,0,82.5441751876774,1.29682459227313,86.496685358642,596.425809992115,99.4317239914772,67.0077899613081,227.093296286119,226.101621907905,10.0957514886329,347.429395423704,4.90605833425338,692.129994192211,14.4001747691913,35.8753405172793,174.85048766484,113.230900220858,32.2437821727734,63.5832828504625,0.570803035546717,1,0.825725545635843,1.23765437217267,3.12133610790559,1,1.1447820972873,1,0.994317239914772,1,1.01175068103456,0.0719864467801385,0.969282878690994,1,1,0.999679510646264,0.96,24399742585.6,0.0924345853760244,58531
"6",2000,125,1.90208461923209,1.27074821688505,1.49682257583223,-0.631336402347037,0.0315104646965211,0.0126346015196147,0.051834482842251,0.276984631147895,0.897784036678767,0,3.84690123882355,96.1530987611765,13.6417231318761,20.321947674775,66.0363291933489,0,86.3582768681239,1.23957098618146,108.929617215559,634.337789564461,98.4770453247058,62.7579421898078,218.343204729243,217.718868952306,9.29200903365122,347.369667704145,5.03704475072716,698.868060742762,17.4504298133327,31.9022508492116,175.021406020763,113.277356740538,33.6127461909802,75.7732656191795,0.571039479600251,1,0.832312378831794,1.42078566630122,3.73442128460943,1,1.10434401705359,1,0.984770453247058,1,1.00380450169842,0.0759206074423703,0.967665305809251,1,1,0.991138796522669,0.96,7545197609.2,0.10840257713977,30521
"7",2000,150,3.28770510647807,1.22547680601833,2.68279667989806,-2.06222830045973,0.0328098977881285,0.0127614579140206,0.0283501988813259,0.266716737924153,0.884838513510707,0,5.24152142871469,94.7584785712853,16.6251784259833,27.5300884697264,55.8447331042903,0,83.3748215740167,1.18670706894298,134.041316237841,613.202998082717,96.4751374342463,58.7658002974114,224.110667564805,223.940222877836,11.0692417591857,343.519721943762,5.2255463681973,707.308196390204,23.9630307783862,36.3893787940761,175.073880673341,113.281166203736,33.78721443991,90.4799428792179,0.571119358537029,1,0.796770678731659,1.51562339958158,4.24013715115627,1,1.09354664580316,1,0.964751374342463,1,1.01277875758815,0.0763425392720384,0.969525599359508,1,1,0.972903513820519,0.96,1249416681.6,0.140245266665611,8175
"8",2000,175,4.5351089584676,1.18582960338702,3.82441874069782,-3.34927935508058,0.0390171524870326,0.0138240873286782,0.0161190167441944,0.299176102529241,0.817693244297877,0,4.11019277797107,95.8898072220289,17.8305370688118,28.8379661581015,53.3314967730866,0,82.1694629311882,1.28228517364409,158.264975649686,688.696014236135,96.0684994116137,53.1313231992699,191.759115428679,191.700717889701,15.6893019731108,332.051477839577,5.40666658408743,714.534023361248,25.9266212030314,32.5336289473844,175.05346369999,113.304365113431,34.4679643623443,101.639603409448,0.571074214520758,1,0.806762289629418,1.55535374853238,4.55162087463227,1,0.97906684244973,1,0.960684994116137,1,1.00506725789477,0.0784365431935456,0.965627206214284,1,1,0.967405460631512,0.96,178769704.9,0.140130145939824,1656
"9",2000,200,4.16811178429679,1.45247168580163,2.86966818358072,-2.71564009849516,0.0565816472858695,0.0166823296896094,0.0153189392217216,0.410328468507531,0.953560301096898,0,6.02224372649226,93.9777562735078,16.7418989471795,18.3097433297489,64.9483577230716,0,83.2581010528205,1.19031460103412,182.015886193331,949.665123343755,99.389564338072,42.6428605117584,167.602928136562,167.602928136562,34.9629975706348,296.640761819129,5.6090050259775,726.551839211601,18.1691648721633,13.7155673267385,174.532865291883,113.302949651136,34.4503862915948,99.5422211942299,0.570279180852191,1,0.938657104472125,1.58179597742995,4.81299672139847,1,0.918262656052369,1,0.99389564338072,1,0.967431134653477,0.0790642705805609,0.9508141261783,1,1,0.989126338357943,0.96,15205042.2,0.0788281136456397,161
"10",2000,225,0.0885541137328726,1.97542548580313,0.0448278684107742,1.88687137207026,0.0829988515888946,0.000790098810211259,0.0167139763846087,0.622515562255934,1.25240699676348,0,0,100,0,0,100,0,100,0,208.293926980902,1557.20069183942,100,30.8603459099672,225.367515186914,225.367515186914,66.7901494191112,235.951969675019,5.89269971847968,765.997379908531,0,0,172.563569135999,113.217602945435,31.1453493619972,104.845588074638,0.567234826281218,1,1.04462316568604,1.5947901232393,5.03220275325008,1,1.1620764818198,1,1,1,0.94,0.0675131006724096,0.909912517296065,1,1,1.04,0.96,1437125.4,0.00732166301881691,9
"11",4000,0,0,1.09435231223458,0,1.09435231223458,0.0682241786127887,0.0767796022482869,0.141383298648466,0.71629217553323,0.0916730571918126,0,0,100,35.1594968889781,21.7525583599898,43.0879447510321,0,64.8405031110219,1.94127361157809,-7.34374284320649,2403.51425768989,100,76.7292337783426,134.79441719727,134.79441719727,96.7399127552186,262.984615836452,4.76919463700336,663.187301949953,0,0,179.5,112.8,14.5,-21.4577836766528,0.5783012775,1,1.08,0.18131901844307,0.256781147334199,1,0.887132061998993,1,1,1,0.94,0.04354696953125,0.840383606027787,1,1,1.04,0.96,1573068.3,0,12
"12",4000,25,0.931677734236547,1.07663786439182,0.865358506374695,0.144960130155273,0.070443696384901,0.062993420026843,0.12912474410203,0.649326868549467,0.164749135328579,0,3.67656278353228,96.3234372164677,38.6660129576234,30.6753869165702,30.6586001258064,0,61.3339870423766,2.26055692554487,17.7378088913891,2700.51853942036,100,60.3700601838712,189.372538853286,189.228463449207,74.2374601605885,262.48338233476,4.71597013112617,696.493449724562,19.6454834394453,21.7263318843579,177.680194080362,112.840326332963,16.8689979222304,-0.917611548453775,0.575474557289757,1,1.08,0.287512073741403,0.673530172771799,1,1.03012871146307,1,1,1,0.983452663768716,0.0464553726901959,0.811965061575866,1,1,0.984992646369553,0.96,96007034.5,0.0984362409789069,614
"13",4000,50,0.981673634298061,1.22664939625665,0.800288686640061,0.244975761958592,0.0561178543540452,0.0585044174304106,0.190754014391414,0.636075917535449,0.285197192545335,0,3.69551130808669,96.3044886919133,35.1909439859909,35.2538645742651,29.555191439744,0,64.8090560140091,2.5169217465515,42.146282648252,2868.91756323243,99.8880252486969,57.3561237958264,194.393020971035,193.85257822325,58.1143179526222,291.075173527513,4.80717638810632,685.072171055563,22.7035536614966,31.7537238476958,176.944445013556,112.863350912004,18.2823213549887,28.0870490384141,0.574327244742952,1,1.08,0.480206631367108,1.31361587568216,1,1.04884833691959,1,0.998880252486969,1,1.00350744769539,0.0482799361255328,0.79620550102051,1,1,0.97643004974781,0.96,1246418575.4,0.0873611331085627,5054
"14",4000,75,1.30782468771562,1.43460606062396,0.911626350683894,0.126781372908343,0.0534370370401622,0.0563061039927302,0.206454710571847,0.622704489054959,0.495703719964266,0,3.96757649674946,96.0324235032505,35.3491337116484,36.631635979869,28.0192303084826,0,64.6508662883516,2.40425298463821,65.3076487569399,2931.42650291068,99.9852646830035,57.5691684767189,194.052112137801,193.319346897306,54.2235422235643,296.356124961519,4.84652730413562,681.842399580023,22.4834898353045,33.8145025755938,173.264626752054,112.979184526366,24.1417842917394,30.3571504462275,0.568574258801981,1,1.08,0.845823096857219,2.18818579226233,1,1.05225300549849,1,0.999852646830035,1,1.00762900515119,0.0560707520484127,0.789892357752037,1,1,0.977046228461147,0.96,5581741473.2,0.0938297766369374,19032
"15",4000,100,1.45107402455491,1.58994845135316,0.912654761429491,0.138874426798252,0.0506530350368727,0.0509391338716358,0.217221739928814,0.640673546627812,0.630460995888028,0,4.55056610579191,95.4494338942081,31.7009838098354,37.7320598534867,30.5669563366778,0,68.2990161901646,2.29039990850083,88.7523884555479,3049.04947913183,100,55.3610050387491,181.201228869775,180.342909344097,49.2547031316635,302.315416957881,4.88886163233892,686.43107068395,24.9756719564287,33.008616066241,172.824652301325,113.115639494969,28.9146388944874,35.6798678738823,0.567769325962034,1,1.08,1.21513135478181,3.06934374818537,1,1.01544627496689,1,1,1,1.00601723213248,0.0641323488124867,0.778283732112441,1,1,0.970068118522,0.96,13631574036.7,0.0998861405762688,39730
"16",4000,125,1.60821086399718,1.70473438572432,0.943379143087951,0.0965235217271463,0.0495697917493794,0.0544007831412963,0.277287192156693,0.642919265154428,0.680557353522525,0,4.01564869155157,95.9843513084484,26.168356382531,39.2945672681843,34.5370763492846,0,73.831643617469,2.59074970836925,110.341075275918,3231.22677062686,100,54.3153016474749,181.260095871824,180.279573516386,46.6707876370233,304.834707903791,4.99359384730326,674.020025208835,28.9617765249003,31.4982579555042,173.974395276737,113.24265929171,32.5350415274475,48.3848167980978,0.569438664495687,1,1.08,1.420592556002,3.73356008981095,1,1.01920718355035,1,1,1,1.00299651591101,0.0726924552447589,0.76122125525758,1,1,0.958907025730279,0.96,11523756258.2,0.102832840980113,30340
"17",4000,150,2.13868486185682,1.81224924011257,1.18012733266422,-0.326435621744245,0.0463150317214383,0.0610655924719503,0.403833015575395,0.632599123984204,0.668436476359583,0,2.61315591093843,97.3868440890616,18.7533740737802,44.0765330602808,37.170092865939,0,81.2466259262198,3.09504933629897,131.773285328367,3329.39384946362,100,54.4171245399172,174.005197148025,173.153030389057,39.8937886859468,312.42597634322,5.16666164949527,649.659472862939,39.247159597822,26.2680761212175,174.501982155753,113.306738108853,34.4320859190304,73.7153660269424,0.570209870239067,1,1.08,1.5096533365008,4.18887436073325,1,0.992952787830608,1,1,1,0.992536152242435,0.0782338016291079,0.752507841865165,1,1,0.930107953126098,0.96,1872466093.4,0.112875150423194,6693
"18",4000,175,2.29833834943595,1.71926223437354,1.33681663185804,-0.579076115062417,0.0501960525414164,0.0422631510088283,0.40936335422766,0.613242543984333,0.6041971326113,0,2.58394260923746,97.4160573907625,8.72623585454895,58.7414262864485,32.5323378590025,0,91.2737641454511,2.23233065451265,155.618857938424,3402.26692594842,100,50.0608495703539,161.581987157691,161.279607453235,40.7933222498612,305.486382441198,5.35145622875548,664.39191612179,52.714860561269,13.0825129571383,174.69566067897,113.317007568227,34.845504659948,94.4260374758502,0.570513887338612,1,1.08,1.54404553864275,4.46974695556083,1,0.905641887106504,1,1,1,0.966165025914277,0.0803632799749745,0.745728034951281,1,1,0.892398390428447,0.96,74815845.1,0.126679467756095,619
"19",4000,200,5.81977067240214,1.47272455756174,3.95170342106431,-4.3470461148404,0.0755867350873863,0.0611611775782279,0.109132937214258,0.58900537677448,0.637838330907385,0,0,100,4.63022594182049,67.900622245354,27.4691518128255,0,95.3697740581795,2.56340316066744,185.663608716558,2985.37978842642,100,44.1870548491095,161.307294881065,161.307294881065,56.5507628639374,258.465967765698,5.52507604887097,713.827430766713,67.8882055793102,4.63022594182049,174.369804146615,113.203740349418,31.7323513847611,88.0226440928807,0.570104710201181,1,1.08,1.57850642254027,4.86068441914293,1,0.955609974327716,1,1,1,0.949260451883641,0.0720568644657071,0.785426488407333,1,1,0.849913024377932,0.96,4509041.3,0.218073817559431,41
"20",4000,225,0.0220074535703726,1.8692066436509,0.0117736867911982,1.84719919008053,0.0910313954532756,0.0711564578280563,0.0151303036110339,0.493724319833145,1.19816416692539,0,0,100,0,5.6087625111285,94.3912374888715,0,100,2.74857667891621,211.949992210734,2523.57411090027,100,29.4808291958058,259.939232609808,259.939232609808,78.1434512620814,219.060225355448,5.85078273838207,773.908352833071,5.6087625111285,0,176.033934230567,113.290895742949,34.1559136683307,91.4027266543233,0.572607204621012,1,1.08,1.59689844224803,5.06570761330874,1,1.27303372906868,1,1,1,0.94,0.0767893550767639,0.828627871780557,1,1,1.02429546496884,0.96,2383408.1,7.06853463018905e-05,11
"21",4000,250,0.0278499317128978,1.80492039279834,0.0154300055692315,1.77707046108544,0.088972490670496,0.00128954141611981,0.0360089754891971,0.640997490819269,1.03765189440325,0,0,100,0,0,100,0,100,0,227.301502316249,2425.06342579557,100,32.3500682871022,168.650341435511,168.650341435511,75.4993171289779,222.500682871022,6,734,0,0,175.299317128978,113.4,37.6,114.4,0.571411648954778,1,1.08,1.59811153573857,5.08983659576921,1,1.01948228275751,1,1,1,0.94,0.0896905088,0.839071635802544,1,1,1.04,0.96,337399,7.07106781186565e-07,2
"22",6000,25,0.91842908128395,0.87116484571758,1.0542540666083,-0.0472642355663703,0.0707762485328003,0.0328214095337734,0.0342079820873907,0.565562119439743,0.167797086123873,0,0.335622743534447,99.6643772564656,22.7258831235137,43.5928042591173,33.681312617369,0,77.2741168764863,1.19037801898839,19.4826132022245,5125.02129102918,100,39.8586649792496,271.161760748841,270.855544039337,89.4278974997854,259.325705973211,4.70876611462585,753.137106462929,14.08713695088,45.690914511466,179.450410432808,112.800810878791,14.5477165010568,-5.50163088992127,0.578224417431071,1,1.08,0.320884350127971,0.834427461253107,1,1.27789938290056,1,1,1,1.03138182902293,0.043605976633833,0.651190618123315,1,1,1.00055601653754,0.96,102061468.3,0.0620757247220737,425
"23",6000,50,1.1254192857843,1.06555995199783,1.05617641097927,-0.0598593337864794,0.067421593698714,0.045383702901798,0.0755813336359875,0.611524290695323,0.265649031066003,0,3.32479869511952,96.6752013048805,31.3213416505875,40.7867514977629,27.8919068516496,0,68.6786583494125,1.5988266113445,42.7804245036331,5099.76707884442,100,49.6168409140537,232.575090402471,231.943854032681,85.4303048568298,265.886086133355,4.73595387292023,723.529492503032,14.4766189433978,44.2224308393131,177.366891610224,112.847189807656,17.4890095465874,-1.9978555063068,0.574990949656185,1,1.08,0.522539514848128,1.43577224913084,1,1.1659459638372,1,1,1,1.02844486167863,0.0472038106878601,0.653412431690268,1,1,0.999465466958486,0.96,1266966612.5,0.0914139903262818,4184
"24",6000,75,1.2098883058705,1.23399735935509,0.980462637701927,0.0241090534845861,0.0642240904220036,0.0400999095735305,0.0595224872684327,0.60333816029771,0.46681271179341,0,5.67883973974078,94.3211602602592,35.5724744650853,38.409422104863,26.0181034300516,0,64.4275255349147,1.35726672174901,68.1168941189855,5274.20802746488,100,51.5794280414579,216.177528759662,215.053562770594,78.5938698522683,272.069382859143,4.74320645451449,738.517500961751,13.137821965894,47.6128395497427,171.456933551055,112.966349797049,24.3190748834784,-4.61520392353333,0.565811800378234,1,1.08,0.946814011685207,2.41777417663766,1,1.13167497514651,1,1,1,1.03522567909949,0.0559549555588866,0.647218175870724,1,1,1.0032140984955,0.96,14531210143.6,0.0925441698548283,25929
"25",6000,100,1.34801767105023,1.41806847684902,0.950601253083036,0.0700508057987899,0.0643199865112938,0.0432114601536777,0.0733469546027561,0.658371676387957,0.578818399193338,0,6.15004889403107,93.8499511059689,35.5737729563752,38.8474569702602,25.5787700733646,0,64.4262270436248,1.47646401502212,88.0089998967384,5345.08453140604,100,52.8320997042766,203.311390641517,202.131761591272,79.8936915896989,271.781744383995,4.78338595631076,726.770118095161,13.9682153611603,46.3088163044619,172.824823296154,113.125900117587,28.9366327680586,-0.6733784210714,0.567745248172637,1,1.08,1.25352085745762,3.16317491673084,1,1.0986897911797,1,1,1,1.03261763260892,0.0640279728039076,0.645375826690778,1,1,1.00088899698875,0.96,28967714445.8,0.091058626848858,48853
"26",6000,125,1.45398272485778,1.45855583447732,0.996864631773811,0.0045731096195431,0.057788650656868,0.051264627260606,0.106038099111246,0.651002045026156,0.592462412422447,0,5.48985716369368,94.5101428363063,28.9070653978965,42.9924054923776,28.1005291097258,0,71.0929346021035,2.02126620593101,110.170031136907,5057.39108468029,100,52.7527830699206,184.285920689187,183.29020672269,66.2823681729911,285.89798649636,4.92410665468428,707.709674758314,24.860032696803,36.967521557796,174.30838163992,113.233411825305,32.3393717404962,23.6937161193611,0.569968452976735,1,1.08,1.42581705303251,3.7467617061282,1,1.03155346402404,1,1,1,1.01393504311559,0.0726037437298079,0.654616037639628,1,1,0.970391908448952,0.96,16822437984.5,0.0969876835997265,41070
"27",6000,150,1.8267484921634,1.50885095273967,1.21068849699602,-0.317897539423732,0.0502684244764097,0.0584564742356924,0.146620774740551,0.657801382279124,0.595703897007888,0,4.53231945421742,95.4676805457826,22.5587495959516,42.4641366309097,34.9771137731387,0,77.4412504040484,2.64624420631129,134.752012028214,4958.8848113392,100,52.9091117237632,177.528126709922,176.557270394805,48.0407976834452,302.56467930314,5.16345516905484,693.562570097237,32.9953390514223,31.3933386720156,174.469045374143,113.269403791039,33.3164147327834,57.8282667177833,0.570186190066705,1,1.08,1.51770414044321,4.24436905145974,1,0.999360198983661,1,1,1,1.00278667734403,0.0747782303694203,0.65718190732451,1,1,0.947613050656017,0.96,6595686476.2,0.110190574039732,18773
"28",6000,175,1.68648722170226,1.58320161720769,1.06523844049423,-0.103285604494565,0.0555642128701271,0.0548296417556444,0.190827022198114,0.676790865303021,0.605189875080784,0,4.72517381185154,95.2748261881485,21.5929545453937,37.970430198572,40.4366152560344,0,78.4070454546063,2.4679672983169,156.501124305477,5266.97424188315,100,52.4723667875861,167.303660787382,166.598796673467,50.7997176424445,293.167476673956,5.34223177840158,682.024092213115,31.4336725537615,28.1942217310317,174.519373001406,113.320548330169,34.8678153962336,73.4364164217404,0.570233496583958,1,1.08,1.56128023080273,4.5813445702426,1,0.966334307463,1,1,1,0.996388443462063,0.0799442352628817,0.647041121080132,1,1,0.951985716849468,0.96,833216024.8,0.111732611935051,3766
"29",6000,200,1.38718861365851,1.54682848954694,0.896795360980719,0.159639875888432,0.0821896287563491,0.0320736950824509,0.208346828522571,0.73625096110165,0.48796737608392,0,9.90174867686099,90.098251323139,18.7108656339659,43.4449089629158,37.8442254031183,0,81.2891343660341,1.35084775419311,182.557968407421,5444.91927255952,100,44.5959463005369,124.730118223913,124.550343849964,67.324090723369,243.594822725931,5.58297688913046,693.720146317811,40.0411272961646,8.47790956276414,173.551903552199,113.276078746889,33.4679042832625,78.5684125422284,0.568765254046508,1,1.08,1.58078216880976,4.82512016929135,1,0.829521991440547,1,1,1,0.956955819125528,0.076145193504039,0.642278132548034,1,1,0.927884843570739,0.96,51116756.9,0.13519795448932,484
"30",6000,225,4.62704697647858,1.50514971684448,3.07414400354744,-3.12189725963411,0.0930594569799089,0.0157627202842683,0.0692859453744195,0.751216733930108,0.575824860275772,0,2.72784186925936,97.2721581307406,34.2752038121741,36.3431330847384,29.3816631030875,0,65.7247961878259,0.461896692389099,210.216850660595,5329.10577111923,100,44.8628194665095,178.14302957995,178.116712511883,72.0213814402735,221.183335946747,5.83935577054106,714.016018452126,36.3431330847384,0,171.395921315892,113.147415762946,29.5582303793058,95.2761713200209,0.565506951318074,1,1.08,1.59178151967038,5.00379197736767,1,0.99648072084476,1,1,1,0.94,0.0647424584978712,0.646096478900392,1,1,0.938239227362733,0.96,6018948.6,0.138646976246439,52
"31",6000,250,0.0431607406864698,1.56089455399989,0.0276512853324189,1.51773381331343,0.103963884900625,0.0125629864254737,0.0546588230059442,0.833466428505567,0.556242431162285,0,4.67104696468667,95.3289530353133,42.9500088204278,37.5964080911715,19.4535830884007,0,57.0499911795722,0.346590478049715,233.293290680008,5690.43854571209,100,43.5217331497069,152.508312651871,152.508312651871,80.7161862974523,201.347576630415,5.95677933304753,728.528071994259,37.5964080911715,0,172.156569092953,113.205954787576,30.842775137797,98.1632662990528,0.566603600581104,1,1.08,1.59805571529335,5.08722686188276,1,0.953138073341869,1,1,1,0.94,0.0665862037607613,0.635722278934984,1,1,0.93473005734472,0.96,1717036.9,0.000478894908443735,13
"32",8000,50,1.01586200916467,0.998110329607871,1.01778528788874,-0.0177516795568002,0.0740726681569443,0.0366504483976284,0.0222233075678808,0.621035473818565,0.244128431666853,0,6.32157451098163,93.6784254890184,26.013666172654,44.5492704210162,29.4370634063298,0,73.986333827346,1.33884058293442,44.9704983560628,7154.06012611723,100,39.4190486540339,196.772567937907,195.466892865442,92.8685546579574,252.710971593832,4.70499830284783,762.38611092468,13.3086575862919,48.1000829831966,179.498148589189,112.800388715448,14.5245275788559,-14.668797710901,0.578298229671269,1,1.08,0.527082237841324,1.4494380582565,1,1.07649531356899,1,1,1,1.03620016596639,0.0435759513210448,0.612280531711899,1,1,1.00273575875838,0.96,7673214414.5,0.0696912934251043,5690
"33",8000,75,1.16365149703713,1.14512667634993,1.01617709295381,-0.0185248206871993,0.0707326150956174,0.0347368958554745,0.0265341319637799,0.573030844027905,0.440092189407155,0,6.62514785450118,93.3748521454988,26.2399555748447,44.5194239773765,29.2406204477788,0,73.7600444251553,1.20508308507288,66.8285272185188,6868.45123274798,100,41.8950861929522,201.180721315212,199.92406222383,87.2163664362691,259.288625732259,4.73707519443683,760.065268875842,13.975801427529,47.5090851978926,174.713306478238,112.906379036084,21.6254161784979,-12.2798745334429,0.570878584925186,1,1.08,0.903843763192501,2.32070536514589,1,1.08893924440393,1,1,1,1.03501817039579,0.0522397923417705,0.616339056481159,1,1,1.00086775600292,0.96,27037158951.6,0.0823484782639599,24614
"34",8000,100,1.30520552352399,1.30940811053665,0.996790468167381,0.00420258701265638,0.0691015105351603,0.0338007759026739,0.0238638042811621,0.612283383391748,0.570358636425905,0,6.50542056414626,93.4945794358537,25.8429206511692,45.4750107374983,28.6820686113324,0,74.1570793488308,1.14395562892273,89.5477043207028,6945.7692497903,100,42.4459191185052,199.101569503133,197.782920594811,84.4765349916378,262.133148332705,4.78333797148275,761.516335229828,16.3356366305389,45.6701961742786,172.551796788592,113.093823491138,28.3133463541624,-10.1522300524149,0.567361388967285,1,1.08,1.26545768951822,3.19663394687841,1,1.08244162643872,1,1,1,1.03134039234856,0.0623368780013283,0.615291622605048,1,1,0.994260217434491,0.96,121215086201.5,0.0820606006821204,73928
"35",8000,125,1.39375660573645,1.41120632481867,0.9876348916701,0.0174497190822232,0.0690310289909768,0.0351705227096079,0.0318307573907438,0.637641200151055,0.637532815576289,0,7.03685681253011,92.9631431874699,30.6688534023963,42.600856661551,26.7302899360527,0,69.3311465976037,1.19168789962624,108.519057743722,7239.30015459444,100,45.7273742698757,194.779330628441,193.45639712218,85.7335508277525,262.332196548854,4.83976100239076,753.994785739745,17.2302779244902,45.1221014258841,174.261897778262,113.283031695134,33.6073687505378,-4.82210324802699,0.569851450454942,1,1.08,1.43098745935464,3.75831016385051,1,1.07378612215013,1,1,1,1.03024420285177,0.0755719089667733,0.611036484371014,1,1,0.991755221811428,0.96,96283726993.5,0.0845067602391269,66851
"36",8000,150,1.6846140332591,1.49805349004065,1.12453530161556,-0.18656054321845,0.0652854830902009,0.0469252097043687,0.0795176915341054,0.666152759683272,0.640172346028707,0,7.67150051110076,92.3284994888992,33.333485145764,41.4284321709914,25.2380826832445,0,66.6665148542359,1.63855063410373,131.465674126675,7266.34447109852,100,51.6013321695068,181.614749858203,180.68338108652,81.6485260333034,269.987447492019,5.07250889262932,717.517032481509,22.9360569756393,37.6985634834558,174.909259917912,113.314149606771,34.7611380376814,20.2667180191362,0.570842953060263,1,1.08,1.51755098740826,4.22759173260075,1,1.0291549301749,1,1,1,1.01539712696691,0.0796513622377203,0.610508389740081,1,1,0.97577904046821,0.96,6316105531.1,0.107813859513974,17939
"37",8000,175,1.27348835508945,1.35319777851146,0.941095511175247,0.0797094234220088,0.0519512027944825,0.0513976985084947,0.106465564913703,0.659472670241652,0.483910642053125,0,3.85556715830581,96.1444328416942,10.5821138528649,63.9435256280918,25.4743605190433,0,89.4178861471351,2.28620238451334,158.805483730492,6682.35255674532,100,47.8952463563847,139.132793320999,138.566882514034,50.8182362341129,298.687565809171,5.35372761501197,713.30590186742,59.1299225188094,21.4788467552524,175.193650766369,113.289034320278,34.0518767865076,75.8378661848977,0.571305066321858,1,1.08,1.55338776158002,4.52742091398964,1,0.863217751445536,1,1,1,0.982957693510505,0.077278735226448,0.619009967584081,1,1,0.874436216947334,0.96,667223703.9,0.109680091876102,3792
"38",8000,200,1.27822471826394,1.39302761255613,0.917587495569073,0.114802894292187,0.056582186710899,0.0448572754954285,0.138000393209857,0.671059077337439,0.482528679802508,0,6.13317238886919,93.8668276111308,10.2253959462431,62.4249353361391,27.3496687176178,0,89.7746040537569,1.9945573863559,182.816933334258,6936.69085418872,100,49.7119779240309,134.920180372069,134.684740153693,52.0449898037599,290.627694708995,5.50760532791955,702.870370843828,59.7927240658743,15.8992988168301,174.879079242234,113.296245801547,34.2402463315198,85.7658180832946,0.570816494227929,1,1.08,1.58170753077066,4.82288031009511,1,0.855830366810307,1,1,1,0.97179859763366,0.0784326665992311,0.615359677613078,1,1,0.872580372615552,0.96,99688217,0.10379592532267,812
"39",8000,225,1.58215221377248,1.54251986379044,1.02569325096706,-0.0396323499820434,0.0671939589862951,0.0741280082526753,0.240371646754932,0.662235708018821,0.498590541777715,0,2.89973910482038,97.1002608951796,10.9265050702156,69.94517995244,19.1283149773444,0,89.0734949297844,3.26931004227307,210.303176080915,6923.00065571025,100,50.2873704189038,160.006490050375,159.95140153373,58.4224525422356,270.753582338094,5.48993510608886,681.491369956982,69.94517995244,10.4842113812804,174.320493726097,113.254946752725,32.9935376778418,76.534906025923,0.5699710927279,1,1.08,1.59447270870574,5.0233212914802,1,0.945587025202666,1,1,1,0.960968422762561,0.0743450093935506,0.615549527417736,1,1,0.844153496133168,0.96,23693193.6,0.132240481898288,198
"40",8000,250,2.3791878425144,1.45643611642432,1.63356828060232,-0.922751726090075,0.0818467539164686,0.0423015470469631,0.120182349183966,0.659989881262206,0.552115585014719,0,3.53824490686199,96.461755093138,25.702228687826,59.2821902941935,15.0155810179804,0,74.297771312174,1.77170415245407,233.680037050246,6948.7273445445,100,48.2154235240286,166.126433820816,166.122583659642,67.7533430535237,244.037189612969,5.69342935886591,701.424191789891,59.2821902941935,7.48679152115957,175.021118917782,113.304076200532,34.2865697279941,86.9501385639975,0.571023257513571,1,1.08,1.59712730466784,5.07999572907463,1,0.980866033199048,1,1,1,0.954973583042319,0.077907780445029,0.615029540947657,1,1,0.874009867176258,0.96,5508465.5,0.152453753316212,43
"41",10000,50,2.07447577187505,0.99521931534636,2.08444082614402,-1.07925645652869,0.0769240203551017,0.0382437622300291,0.0102983018698877,0.571837108911182,0.297916121980159,0,21.7858218212766,78.2141781787234,22.032220235875,46.1578582926657,31.8099214714593,0,77.967779764125,1.41009973729803,49.0407456525403,8049.68008172105,100,29.3648249585978,226.291795467279,226.291795467279,98.4394062580507,249.997080706343,4.7,771.099101073348,0.762620741785336,6.49695879104105,179.5,112.8,14.5,-21.3011510666373,0.5783012775,1,1.08,0.626620204920508,1.68913653221646,1,1.18013731711161,1,1,1,0.952993917582082,0.04354696953125,0.597393690057734,1,1,1.037864661923,0.96,3680177.9,0.223592438073778,20
"42",10000,75,1.13505895821626,1.11912126858963,1.01424125344943,-0.0159376896266377,0.07472383819786,0.0376892080275482,0.0197803863841278,0.630930118525293,0.355997717454796,0,7.31058962855309,92.6894103714469,20.7953426091811,49.7200090467009,29.484648344118,0,79.2046573908189,1.37610870731197,63.2421221520176,8812.09105641998,100,37.792126981078,191.042672682639,189.811507183631,93.8577881052351,251.427490692364,4.88303981535718,763.214608775236,22.498480875601,39.1607621753144,179.486368696534,112.804493813858,14.7875525718612,-5.29347539721835,0.578278075209426,1,1.08,0.816280861299195,2.12118910078608,1,1.05336508029708,1,1,1,1.01832152435063,0.0438862741966265,0.582714689152181,1,1,0.977004253548317,0.96,12430670702,0.0827688208576345,8765
"43",10000,100,1.20502608352695,1.23110619213524,0.978815711613749,0.0260801086082916,0.0733324106840607,0.036420433328824,0.0215643363698516,0.560187169451874,0.539601842300627,0,6.41410589743286,93.5858941025672,19.6781273404821,50.959069938598,29.3628027209199,0,80.3218726595179,1.28984510126259,89.1800414852726,8927.46490064978,100,38.8203886447392,188.828547952879,187.628018637655,91.373989336078,254.149028366995,4.92650695563971,763.472371923558,23.8812408083671,36.308900516901,176.8431312419,112.920550861434,22.4791841567548,-2.77325336491631,0.574141380921446,1,1.08,1.23064273999755,3.11981181469135,1,1.04598210985102,1,1,1,1.0126178010338,0.0533939269144871,0.581022498490239,1,1,0.973132525736572,0.96,29712361610.1,0.082911766698704,27533
"44",10000,125,1.33593539040094,1.32037226331294,1.01178692367329,-0.015563127088,0.0719898571931359,0.0349520760289861,0.0209433425091529,0.599355453011571,0.593131534570097,0,6.31373827516684,93.6862617248332,19.5938568345996,51.2325832103178,29.1735599550826,0,80.4061431654004,1.20244277734258,113.300899626879,8849.46359879853,100,39.1429007590439,187.864355318527,186.672271188907,88.9746257508064,256.632679616351,4.96024710851689,763.662125435184,24.8237325276636,34.6606269553064,174.383981633273,113.167349448296,30.4726988683753,-0.804809119342981,0.570137147449407,1,1.08,1.4433898151333,3.83078221457985,1,1.04160142106548,1,1,1,1.00932125391061,0.067355227222257,0.582242031337248,1,1,0.970493548922542,0.96,75193761244,0.0861185389130797,67100
"45",10000,150,1.49482277650959,1.38909658298207,1.07611147764869,-0.105726193527516,0.0714395366355913,0.0357929305059702,0.0271773774658857,0.633321161872529,0.621365576502094,0,6.95142646890478,93.0485735310952,24.67848980596,48.2139459921972,27.1075642018429,0,75.32151019404,1.21842035249905,132.983835503821,9539.26219956293,100,42.8029288817332,184.345169395791,183.200388873069,89.01098174284,257.733049492483,5.07978735580957,757.183499178805,26.9528695879862,31.3826972316655,174.863177566506,113.302957830887,34.3110784003403,9.38134305040472,0.570777108053525,1,1.08,1.52090470612053,4.25395481902309,1,1.03241712838333,1,1,1,1.00276539446333,0.0777062831892455,0.569965735043208,1,1,0.964531965153639,0.96,39951124002,0.0934980551171854,47738
"46",10000,175,1.49432134783751,1.41638655298102,1.0550236760526,-0.0779347948564924,0.0702508560255288,0.0405642288958478,0.0466949765101121,0.653016374201961,0.605860117347572,0,5.47832863933702,94.521671360663,20.1486357135181,54.8524630022512,24.9989012842307,0,79.8513642864819,1.38144443942546,156.618380889533,11007.706718134,100,44.9636600088613,181.909009294265,181.293592137577,87.2253169011633,260.636410920841,5.29146740312626,740.594358857722,41.4974683760622,28.1511216338803,174.976846580776,113.324334491994,35.026145798603,44.7412585334892,0.570942925966715,1,1.08,1.56677296588518,4.61885958048538,1,1.01127873107459,1,1,1,0.996302243267761,0.0803325768129651,0.546390021509845,1,1,0.923807088547026,0.96,2323018901.9,0.106360678233805,9300
"47",10000,200,1.0739390089326,1.40120987121657,0.766436942097885,0.32727086228397,0.0693528564567268,0.0472612164564774,0.0905471233680361,0.674544227088353,0.519504447846973,0,3.38386422276477,96.6161357772352,15.4942260121627,60.0239525302581,24.4818214575791,0,84.5057739878373,1.67622177723482,181.854533549475,12126.3979595382,100,45.9509679096272,149.494042113866,149.373317000634,82.4668980412938,264.066327714501,5.47057713670011,725.067367675387,50.5420118167657,26.2658550903106,175.188994104003,113.29839756787,34.3817212551771,66.4659934343313,0.571297516713528,1,1.08,1.58333676786637,4.83677520292962,1,0.894688654610167,1,1,1,0.992531710180621,0.0795619252300419,0.53014948916683,1,1,0.898482366913056,0.96,99143930.7,0.0786240433127846,857
"48",10000,225,0.580418143755012,1.61169924572943,0.360128073083712,1.03128110197442,0.0661458880188758,0.0999646201872545,0.302993966551556,0.641878788294756,0.500715982676988,0,0.536125286907453,99.4638747130925,8.34366766232284,82.9192751525931,8.73705718508402,0,91.6563323376772,3.68742784780771,211.234686422542,11429.4598757923,100,52.0589543861065,165.732580084037,165.714965965542,71.7217404845569,269.647701292652,5.40851344283134,682.553846680532,73.1396701573945,13.1975338718629,175.308900901421,113.240195709121,32.6120561051612,63.4452683495708,0.571514599006838,1,1.08,1.59494346713693,5.03074502560062,1,0.972389044793021,1,1,1,0.966395067743726,0.0730351342624942,0.541583055851448,1,1,0.835208923559295,0.96,23286385.3,0.071973157003908,193
"49",10000,250,2.79035210480924,1.44285537751799,1.93390976551595,-1.34749672729125,0.0583709753317497,0.0770939964292641,0.212164094893531,0.640229841269645,0.454996469593798,0,0,100,0,100,0,0,100,3.31432891847576,234.107245058316,10462.5666909939,100,53.7162562392633,161.339379296782,161.339379296782,56.752120358231,285.894422842255,5.24585620517144,704.734088178311,100,9.66883807332984,175.096682073925,113.305395584023,34.547613448811,61.5098998746655,0.571138251617957,1,1.08,1.59798933431892,5.0872551250948,1,0.959799722120424,1,1,1,0.95933767614666,0.0784582759638998,0.557268438718195,1,1,0.76,0.96,8370319.1,0.118654402495327,71
