"aggActuralBaseLoss","aggEstimBassLoss","aggActualExpenses","aggEstimExpenses","aggEstimInterest","aggActualMIRecoveries","aggEstimMIRecoveries","aggActuralTotalLoss","aggEstimTotalLoss","aggActuralTotalSeverity","aggEstimTotalSeverity"
0.124700870651315,0.378840198373081,0.0319920652128522,0.0925638951542406,0.04875,21762,0,10870.21,88187.9861309728,0.06,0.520154093527321
0.633225546123994,0.380707204257783,0.0438787486893124,0.117571836542345,0.0609621274345912,67098.5694313919,0.15234804986582,1419.1673227008,42624.4260137457,0.014123963130669,0.406893118368898
0.796425776734333,0.3831382886187,0.0841163151099089,0.115976128135321,0.0527994574299756,81664.1622174274,0.249999769823981,3530.11094442583,23985.7536246301,0.0749211963489309,0.301914104360016
0.828789916435597,0.338394187672561,0.0860099304933333,0.1219594441229,0.0622487409840924,78721.8991962843,0.248985598067004,8075.25161655173,24230.2392286074,0.101156480926348,0.27361677471255
0.14592291640513,0.363608798302935,0.0633630909156667,0.112941677054554,0.0724454084908417,16414.949576683,0.19946376144201,10148.2272969666,48515.3747797088,0.0985688968119425,0.349532122406321
0.0304312226555169,0.380290034831794,0.0616659435790849,0.120616807287629,0.0699483976096922,7371.61471143556,0.0626282883678176,8367.8165182751,58396.9569380736,0.0777745876594016,0.508226951361297
0.580141855147773,0.339005236633181,0.0726453080341625,0.11063584068252,0.0669438645347606,84877.3088965588,0.241223741542999,12141.0492500137,27129.8004117738,0.132363122049844,0.275361200307462
0.218960762596563,0.343352313245139,0.0713168326386651,0.0968682265126017,0.072264972877864,39143.4656051004,0.235216793826479,16098.9191768551,34611.3247224111,0.116215776067386,0.277268718809126
0.267498120150297,0.351080536689684,0.0662799690524375,0.11051550233848,0.0716714746677848,43872.2860288717,0.195002305777379,11942.0834237804,40901.6109922928,0.114184805617653,0.338265207918569
0.251629375761007,0.361398447035254,0.0763712433161702,0.110520939958906,0.0743402789470336,20238.2874061927,0.118997706695846,31078.0508211682,55626.6500239744,0.233490211915351,0.427261959245348
0.293065354907693,0.365901264273706,0.078640805836103,0.112843877137243,0.0735807921357688,38766.3673446947,0.172369148903943,15828.931420919,47390.0405894959,0.128572622549362,0.379956784642774
0.296854139076054,0.351014786199034,0.088931041715192,0.126940504839415,0.0910818789432555,44531.5238122534,0.192637850704911,13257.2072657949,44655.3721736498,0.128033163751889,0.376399319276794
0.296056075518652,0.35643811955038,0.0656734144465831,0.117735571098836,0.0814044937302305,41209.040603088,0.197402076055037,14875.3140228347,41661.1300143874,0.131942107255749,0.35817610832441
0.239018112811578,0.368543593058146,0.0862244500793622,0.133179126626226,0.0901379560349226,30815.2254329757,0.167866278211108,8664.60658243936,46797.0386586914,0.0895293107774927,0.423994397508187
0.35534291464225,0.34660128332486,0.0754409807463959,0.116027707580887,0.0844693843623126,51793.1118622721,0.219630327317912,7439.58725938216,42591.9315767139,0.0557950012676387,0.327468047950148
0.298448959966514,0.354713110121945,0.066764524487619,0.118729722980815,0.0835503179476283,29930.787973675,0.1818130132438,8450.93323371913,45271.3377757808,0.0757369302956064,0.375180137806589
0.343973957511957,0.350698331324086,0.0848644137442877,0.121677010537401,0.0886976584756433,33749.7114901295,0.190575260514105,16452.8369663747,44267.1908389228,0.116334704674042,0.370497739823025
0.335871730389546,0.364184857309329,0.0786515875236745,0.128426393942404,0.0923337287670075,34706.9850898657,0.193544293169184,12749.2248922491,45130.7127857283,0.140359404264808,0.391400686849557
0.405888807891555,0.361922591431199,0.0774680913494084,0.126917203385129,0.0896908413908325,19908.2262494442,0.168480850150531,13712.4146447244,45872.5484978343,0.139609246621061,0.410049786056629
0.432392018845755,0.351092027632183,0.0747816200103799,0.119884825647525,0.0942362610788191,28492.744853054,0.162019954933981,14688.8544002382,53755.1595086172,0.126192875658513,0.403193159424547
0.246418288448879,0.355694550228956,0.0955308281245617,0.126089877873813,0.099393825061596,19275.9870679992,0.13338410854503,15412.6432173458,57904.9228869192,0.144489141261601,0.447794144619335
0.441221034064556,0.360137706436831,0.0728162381095512,0.1202039114297,0.0965429119583284,26288.9881321513,0.182580886881773,13410.467142458,52331.6476934835,0.113600588351924,0.394303642943087
0.31935564861718,0.360656910148008,0.0828661646817392,0.130524045123568,0.0948036573688886,14554.4565590099,0.156958647025982,15250.865617568,49646.3317154211,0.14839530313005,0.429025965614483
0.34240411814987,0.357268828402856,0.0821299675773337,0.128151760010989,0.0965624863740586,25555.7243426706,0.146759797248731,14981.8891877047,51878.9030881838,0.146078236907208,0.435223277539174
0.386867123469309,0.355976332438911,0.0780941838864727,0.123116225394537,0.0960988172308556,35467.6761466401,0.184090404663702,15749.8189141882,46395.8238410765,0.133968508156288,0.391100970400602
0.384161244821805,0.343475480395814,0.0823684531590101,0.128560594456566,0.0995901127381224,25656.724754822,0.171291379671684,13626.5650097923,50091.9299856608,0.125161545957695,0.400334807918818
0.323089911662679,0.352711497856186,0.0879724708455565,0.128327369390145,0.0973230786085229,29626.241364814,0.169092871853671,14792.5474640402,48545.5696994531,0.140538569666267,0.409269074001183
0.353486799996778,0.352441260045251,0.0860163786646651,0.125737164551556,0.0993086773503122,20491.9980885735,0.17946810779734,9520.42866582451,49347.228343065,0.0992196285695837,0.398018994149779
0.34859434474336,0.363118069424533,0.0835646761401129,0.133594962954372,0.0999886989593352,26150.2386064235,0.178711710981772,13380.8422125501,47028.0313533333,0.136898510050486,0.417990020356469
0.375413265526777,0.35951107977557,0.0877842727825996,0.135577006878458,0.101709036844621,23323.2128082187,0.178240247724741,13361.3968234496,45855.4506969252,0.141721390388974,0.418556875773908
0.376629581766296,0.351197737259258,0.0906444785072805,0.129917981851231,0.103340745307172,31431.0361431746,0.166305477764626,14012.8810189261,50815.0536891413,0.129214558604742,0.418150986653034
0.352107980700999,0.353136407622102,0.0876891871599017,0.132689138729593,0.102731516771194,21421.9102304026,0.155871255042545,15995.3084592999,50309.1030535906,0.157324387302535,0.432685808080345
0.424436370966005,0.352068535272525,0.0849897196460853,0.127957206696007,0.0993735966764009,26467.7500840358,0.155924200874392,12875.0967764017,52955.5900906035,0.130375212336119,0.423475137770541
0.37558535416039,0.351990587228973,0.0835169529832335,0.127795308643582,0.0993594371337852,26101.3089182991,0.154918702045722,15855.8085155404,52800.2556176456,0.14538516557515,0.424226630960618
0.356619652775933,0.354704541824986,0.0863170912870266,0.134387965111982,0.103437399907851,22179.0914414139,0.175199777438368,16173.3572212454,48035.4262512793,0.159800200129712,0.417330129406451
0.344935575071877,0.350964173091174,0.0864007550602086,0.134050164190905,0.101085026351816,25109.4877381898,0.173154849351278,12435.4639699269,47729.9542863092,0.129918181546989,0.412944514282617
0.365092234332205,0.357493632037988,0.0862854459166064,0.136582761647453,0.104747881065031,22106.993450752,0.165850107402239,15809.8675122559,50664.8034240304,0.14339093130415,0.432974167348234
0.427229144313695,0.35278242614682,0.0786344132876552,0.13315155751475,0.104389426503823,20760.0246450506,0.159936107188095,14746.1446322703,50010.7820167516,0.140626651376466,0.430387302977298
0.448885445052082,0.350491654056508,0.0785370345162353,0.130407767711109,0.0993651866350009,25918.9213135806,0.170267837846959,12607.3725886611,48534.4998920446,0.113971091372288,0.409996770555659
0.373248159445668,0.352893987944864,0.0815789049606123,0.131109747159842,0.0983073602134838,17747.3210777963,0.164099814364914,12287.143340308,50737.1191484924,0.117364766574403,0.418211280953276
0.367665846442232,0.343830180451392,0.0797824235732214,0.127585748116358,0.0983506278212821,23716.6924049222,0.187554012188119,13152.3196406035,47002.1662542026,0.124265030523669,0.382212544200914
0.340864166001884,0.347400551847344,0.0869925249280745,0.13312234627593,0.100501450616427,20894.8111924504,0.179774226418439,14978.1908575589,46511.6066043996,0.143383349564273,0.401250122321262
0.392486859084458,0.347997106710901,0.0850277944793841,0.133929812581179,0.0988071330049708,21886.4624041034,0.173556359727937,15732.2012975151,46713.9179779855,0.149971036226411,0.407177692569114
0.361699051848554,0.345135849634542,0.0907029111628272,0.131449270829391,0.0995201654708944,21557.3925928647,0.17013522039194,16745.6155102936,48495.2433355771,0.157934183369967,0.405970065542888
0.357506939424565,0.347722235468994,0.0911718548457567,0.135140471562682,0.101013771587435,23920.2449875506,0.172153182877154,16823.8394191494,46984.921337376,0.166163196288924,0.411723295741957
0.401551139010635,0.342179687225852,0.0875273814587526,0.131298916467141,0.0980445286145562,20937.6157021548,0.180336753219283,14761.5903960905,47569.4443188765,0.13920490785342,0.391186379088266
0.476629473053048,0.351805686892988,0.0835251510988171,0.138933820513761,0.101618132646207,18159.4013549482,0.177296608092462,15485.145794132,45679.6958391547,0.161339254576018,0.415061031960494
0.420816303341968,0.339905488381108,0.0863278532005381,0.133898282313808,0.100584351119103,24809.2195084504,0.180693243747265,15866.6117326401,46456.1145384138,0.144216677824582,0.393694878066753
0.448838217055334,0.342139201655251,0.0831642544497331,0.134795269256522,0.0994635656882335,19918.5905763325,0.187097450575926,13568.9720648656,45721.5898795899,0.129058036047725,0.389300586024081
0.363180268957327,0.335808815421774,0.0928485582632604,0.136433893386066,0.100550126130877,19078.8748329109,0.173340745341441,18358.4546323857,47346.349167855,0.170691910897338,0.399452089597277
0.343909140059846,0.334558962669671,0.0911588883114308,0.136128461421746,0.10088804391033,24151.231454777,0.177738965977737,18541.5978175308,47537.3931183107,0.164537418177939,0.39383650202401
0.375614699788753,0.32964400503622,0.0921016273301648,0.136955733957391,0.101412932977194,26589.894424276,0.185146107409141,17757.1960524225,46085.0447636174,0.166000582016745,0.382866564561664
0.32867823823447,0.332745554959699,0.0912970184641923,0.133430830815305,0.0961297871317202,18159.0388969683,0.18034514910506,19606.6754035738,45237.5195679472,0.175028872955831,0.381961023801665
0.367507110667324,0.332730181017325,0.093869494579528,0.139357745958522,0.102553029641085,23146.5069970919,0.179837938596719,18485.3931078058,45835.1865563655,0.176434093963722,0.394803018020213
0.351496030950224,0.331706350443767,0.0996445838916025,0.141419636146575,0.099596688840659,23846.9875604307,0.185458711250364,17680.7420761441,43482.4527992064,0.181052984691592,0.387263964180637
0.445326787286567,0.32793892009106,0.0988750674165794,0.138985759643441,0.100208707851647,22748.2408847516,0.172333689608472,17627.9532034689,46301.9374090728,0.170031447009085,0.394799697977676
0.360504194248526,0.323737087087923,0.0996880118176233,0.136093676528712,0.0970577258883715,24958.3713218024,0.182448125632301,15869.8517715955,45503.8088200789,0.149714910781625,0.374440363872705
0.342559598861145,0.319521458883812,0.101487259597731,0.137515842588071,0.102612246756608,24095.7815584185,0.177547884565814,18161.892794262,46587.8936914726,0.170750793128716,0.382101663662677
0.279572276461011,0.320125756965628,0.105463755184813,0.139107281761871,0.101278480667032,18338.0914439833,0.176139240252488,20937.8990431961,45681.8081370817,0.19176925567653,0.384372279142043
0.317473914360965,0.33111153752141,0.107174681405582,0.145512594152041,0.103513110162517,18780.3522959367,0.176530518058446,22273.2957688514,46372.4478326614,0.209826182799101,0.403606723777522
0.318873373663816,0.328499733699062,0.104931917620325,0.144781285635247,0.102199403868747,16831.1115118206,0.172215471188774,22742.4905527348,47139.7559775623,0.221138545409986,0.403264952014282
0.29537654604303,0.318024166582258,0.111043023313341,0.143695666335402,0.100845191830854,18200.6567230581,0.186508574312645,20859.9777552897,41673.8154082735,0.212063428251147,0.37605645043587
0.26742098205773,0.31322758910703,0.110780118374261,0.142868105134324,0.0991786885367223,17519.4550144253,0.180407652451692,20504.9908491597,42555.046310797,0.204296318720178,0.374866730326385
0.24479435862258,0.314029632156948,0.117604603109937,0.145709129486908,0.102108182040426,14579.869366422,0.168176034766789,24438.9429287004,45509.3453917828,0.230637829636357,0.393670908917494
0.237917625361597,0.314127473988269,0.117069344680842,0.144577637460394,0.0999987218300189,17928.1376540078,0.178767502974598,23543.3492670315,43129.2332849949,0.233430218900967,0.379936330304085
0.206157532852605,0.310421492014733,0.117590023583098,0.146957610005693,0.100294352658341,17009.7666425176,0.169236100147312,21841.1667897401,43017.8033398798,0.220393538797897,0.388437354531455
0.224082047117021,0.31476880108747,0.116559387567808,0.146057392304789,0.0983489959409917,16241.4332244654,0.179267856016191,26458.3787570483,42489.5386732845,0.252298968923356,0.37990733331706
0.198423451809356,0.315069390404464,0.119278094393957,0.146515528814379,0.0989880278127373,17703.3890742673,0.176015917917529,23003.889147677,42889.8144551522,0.236214717742798,0.38455702911405
0.207566383348706,0.314913503118531,0.121188792677767,0.143436981655955,0.0959467145229012,17027.077111139,0.172382023464069,24920.1852483267,42777.1702492416,0.24464319660487,0.381915175833317
0.211490213520756,0.314738080014304,0.126156771970944,0.146306172777536,0.0972057964954008,16316.1078071763,0.163475690934156,24573.9667383762,43285.4937417451,0.250404447605034,0.394774358353085
0.205956513385549,0.312670445118131,0.121108548309983,0.14739600653837,0.0982377428969596,16426.8100485312,0.166444973488744,26056.9407174477,44599.352993634,0.254759932964328,0.391859221064716
0.231767825526827,0.318900322485774,0.128497192981628,0.151883018187781,0.102727059353715,16686.6260586104,0.160681055994952,29514.6007019939,46857.0456290494,0.285024881366033,0.412829344032318
0.217745219031192,0.3231659305191,0.125869353597937,0.154149223197486,0.102962512501707,17262.1309408742,0.163769755562975,25618.4103146817,44435.6003775558,0.268494969088495,0.416507910655319
0.168720843612028,0.306672114661185,0.121333347289826,0.145003578602439,0.099806157054501,16545.981543086,0.156542116869202,26395.0509353648,48542.6509932854,0.233629765679515,0.394939733448923
0.225349986868493,0.322083083011152,0.120358859234146,0.149460016065571,0.0981006410835127,16055.1048440339,0.163811888708965,27881.6413727934,44802.0172275051,0.275622400450579,0.40583185145127
0.192592654521904,0.320979876234939,0.125144099680988,0.147298955646044,0.0972199456368271,18430.1537295026,0.168579045072918,24817.868714773,45251.8133619758,0.244768606074543,0.396919732444893
0.188602906276318,0.324246216095512,0.130150465669263,0.14603552595673,0.100728697068693,14340.7834947977,0.15121414253903,29745.529130077,50621.650454024,0.268990205071702,0.419796296581905
0.201700266774197,0.326026226107294,0.124731878974731,0.142089670364248,0.0937806406730929,15608.9839690295,0.156151270186066,27097.54261588,47654.3298756873,0.25629512020967,0.405745266958569
0.229229412516334,0.33457961375167,0.12643782042924,0.146772360954812,0.0987140956017297,16301.3954645725,0.157748486612673,28385.0687690165,46906.7027955153,0.289851279173903,0.42231758369554
0.237201402901691,0.342554797250929,0.125894750166294,0.149404366235611,0.0992424887611278,18876.6931975209,0.164639736289043,29451.1002524539,48475.1087738185,0.279806650169376,0.426561915958625
0.247552043204605,0.347843180139682,0.124934691943996,0.14671230645398,0.0977853939457212,16896.2593297268,0.159192802080824,31456.6391820652,49116.6602530376,0.301308784171073,0.433148078458559
0.191407402250048,0.338497296506665,0.127245179282841,0.142742347357352,0.0966904108914143,17902.5536504828,0.153894873303301,26266.7166888254,50431.4674456515,0.248701385310873,0.42403518145213
0.203628510569771,0.344389018504559,0.121162543610685,0.143250210781124,0.0974819757630138,15668.0207359179,0.140707611633491,30903.3760581311,55007.6139452143,0.274789033849817,0.444413593415205
0.210315661962487,0.350233901592263,0.123094560846584,0.140833485463478,0.0927357618021911,14528.9895091345,0.146712816232519,30695.2968022259,52479.8562087333,0.280930766046269,0.437090332625412
0.2274672753195,0.354703699092644,0.122781586096436,0.143757203097037,0.0956089521083112,14507.0536268573,0.141870678135313,31391.442972353,52551.872420848,0.296264238129059,0.452199176162679
0.228788407387514,0.356487823044921,0.114161990693274,0.138965715465022,0.094985797576493,16657.9702079098,0.148944220529133,31025.104272298,53652.0325216456,0.281453773515937,0.441495115557303
0.181736468778308,0.354654309799381,0.119135742345021,0.134803898267425,0.0911206397434293,14983.9020049708,0.137600668546553,28867.5896846904,56946.6758270635,0.249054853663669,0.442978179263681
0.211641234347321,0.360326405754782,0.114906695628402,0.136986033601473,0.091866333605434,16651.2852446698,0.155942234278889,28972.3116182365,53486.5055000696,0.267376183036546,0.4332365386828
0.200364134851707,0.362789369000829,0.113643661329494,0.129616618984048,0.0867932259725976,17309.7373836065,0.151209295561688,26858.0852369305,53994.0123023441,0.247442719098659,0.427989918395787
0.232287073096004,0.370994515962122,0.107756118743039,0.12678051190492,0.0878103909783107,15467.9580033697,0.136101290714582,33240.5164586393,60610.9979614287,0.281654673698682,0.449484128130771
0.257179746652111,0.381376255070101,0.118895323547019,0.133999919474838,0.0888951017742361,17772.7176299892,0.15088012534845,33862.1760159092,56638.9676668927,0.304036363603136,0.453391150970725
0.265405430764657,0.388646002838977,0.111416633996502,0.128395764743839,0.0900241417801436,19300.8830509891,0.151017615519848,35792.7760111722,59568.2852047133,0.302119585658861,0.456048293843111
0.272686349485586,0.39477638022649,0.10832880631741,0.125718420103934,0.0882701874097764,16706.0643425144,0.12830599178184,37168.6293957275,63453.3087670647,0.314902499648982,0.48045899595836
0.269852952347092,0.395262610631125,0.101770297223258,0.11785713240005,0.0862354068497847,17674.3228810037,0.127769554858857,40438.55948875,67297.927079986,0.306700219759192,0.471585595022104
0.281446407650089,0.399132202583534,0.100688449416439,0.115346892214834,0.0841052946529234,16647.8929758223,0.121374811464013,42899.8080532713,69299.6767785038,0.318392617629045,0.477209577987278
0.305538963533554,0.406240607050812,0.0938198966670852,0.111881496157108,0.0830212509293482,21221.2457150438,0.144724063907765,40690.7187533969,67920.3789867809,0.293925029760983,0.456419290229503
0.307534361788971,0.409165027044877,0.0926657900793451,0.108576139157543,0.0849388421314633,21238.181937137,0.137450091546753,40655.3674071995,72117.125756759,0.289177591015843,0.46522991678713
0.316795282451318,0.415979706164866,0.0912396402152546,0.106668915724574,0.0817560728917406,19975.4720765542,0.127786428007775,44878.4019152882,74797.3625218854,0.306534483827359,0.476618266773406
0.320333060746211,0.418646130202529,0.0866553108175407,0.101681351405328,0.0792539117394481,18497.0459016985,0.118513768295472,46963.3236675966,78509.3365666111,0.302348827062137,0.481067625051833
0.327299827130617,0.416503619590976,0.083140063175021,0.0944706393094521,0.0798012951164965,18291.59120703,0.121736298270851,50760.4560089936,80691.213511106,0.30059789957951,0.469039255746073
0.328986298563144,0.42295885729008,0.0852972211373344,0.0927955564927216,0.0779934024058502,18703.5180335102,0.119693258234195,47798.8552739856,81083.4872340056,0.291353273376486,0.474054557954457
0.327526122986055,0.424223034854271,0.0865293761099772,0.0918532157088581,0.0787332062851052,19586.4832172489,0.121371720720926,52990.3784024506,82561.4574245831,0.304913735940711,0.473437736127309
0.35290142907589,0.433278902889458,0.0848284708984438,0.091873390224579,0.0804201725566876,17017.2316699624,0.114884363722016,53177.187763791,86276.5893437049,0.315604446013824,0.490688101948709
0.364752280867174,0.436318732364802,0.0816251085052013,0.0886913120705652,0.0798717280329051,17278.7755987297,0.116658449663695,54774.7311085648,87555.0042026721,0.304856325208551,0.488223322804578
0.385516727872801,0.439957568594977,0.0826530719549684,0.0853110010440046,0.0781529906948639,19354.5225154942,0.125050355519946,59608.1309344728,86798.5728439094,0.330651219666151,0.478371204813899
0.397657729625911,0.44725835793314,0.0819767775490298,0.0852410449545875,0.0789618945184453,17629.602045162,0.114974002130329,62411.1651542862,91099.2167263221,0.338846531177886,0.496487295275844
0.415623452091954,0.442411813389213,0.0806706988387561,0.0807711429329319,0.079954083623344,18758.8342430389,0.120438102684332,65337.0480941407,92831.6172686833,0.333891316943502,0.482698937261157
0.426074930810077,0.451109964821789,0.0824604380759055,0.0859627258192404,0.0819869384783979,16790.4339976388,0.111871717395763,69764.5745970952,96271.3986959263,0.361384572796619,0.507187911723665
0.431794326432904,0.451280882101787,0.0825858059098119,0.0848686521982356,0.0839352578382923,16927.8613302526,0.109833888727361,73223.6549541071,98442.2099879686,0.378609677837202,0.510250903410954
0.432859825785527,0.453619211111909,0.0814870522851413,0.0852917155675904,0.0827067947110037,15679.3508283169,0.109772054705626,71412.7614130783,96975.6315083458,0.373722073157424,0.511845666684877
0.425968729972425,0.447605761852424,0.080021776893765,0.0800806047891021,0.0828000998200396,16589.0678958203,0.111885075368501,77139.554955197,98931.6705399299,0.379220339031202,0.498601391093065
0.438643555641939,0.455326622767166,0.0814120200990048,0.0823708389759239,0.0840199394511579,15729.8695115965,0.111676241538583,80954.8366588343,99918.5633490764,0.404697509534337,0.510041159655665
0.420794320581463,0.456824386054807,0.0800080340391302,0.079891836316568,0.0829255924210456,15336.5735379835,0.113075009659617,75635.2002014426,99690.033922093,0.375493314354985,0.506566805132804
0.415328061135891,0.456863843629804,0.0861859565466837,0.0843677240271325,0.0846840607534535,15855.3782373677,0.110555217240963,78406.7660364905,100497.861849012,0.392249541927051,0.515360411169427
0.439165932566484,0.460757137700399,0.0829947184664046,0.0827645521016644,0.0830009154168037,16744.9768164374,0.114384788789086,78257.4829285323,98186.2521288322,0.40637964541085,0.512137816429781
0.411456514400098,0.458017353929151,0.084449568489667,0.0845752433094487,0.0829990453200981,15170.7663388052,0.105650842052614,79339.0486911651,98903.2614349255,0.405380417211198,0.519940800506084
0.424200677968946,0.452070454663812,0.0855336756987916,0.0841754044500129,0.0849662986979341,16906.1473728065,0.116274804041989,77319.9210753938,98197.879161454,0.387752502892346,0.50493735376977
0.426091073359612,0.446101415768573,0.0855105810490655,0.0829246174949663,0.0865907483274195,15353.5421962676,0.103485611885028,83007.1956966799,102582.758428435,0.40206719387169,0.51213116970593
0.439850161183033,0.448574269222357,0.0860473604334682,0.0869147436983334,0.0874891490681877,14627.3330853543,0.100826473388398,83701.3958328814,101263.113708724,0.41980360092605,0.52215168860048
0.43782025736665,0.444789860165156,0.0868715724086557,0.0887287985942785,0.0895729563167359,15760.1407838748,0.108943910532167,82105.1392671418,101365.69293046,0.409975977240785,0.514147704544004
0.407873906031156,0.442816838665796,0.0887031128962062,0.0913760058156281,0.0905977776340432,15376.0654284048,0.105275731739495,81852.3608370111,100499.208239237,0.413100616729973,0.519514890375972
0.416046559322779,0.435200884484231,0.0897312287244781,0.0935217519033515,0.0909916486777028,15819.2327149083,0.101963361150585,85270.7369481665,100014.889200307,0.428771939130162,0.517750923914701
0.41936198987607,0.434163397254489,0.0898937945928207,0.0957651967525722,0.0924040417203159,16097.4866868024,0.10240827144717,82404.1049172708,99571.1165232691,0.423034995749965,0.519924364280208
0.427514752056027,0.425083556841579,0.0919652301827586,0.0974166893491011,0.0946355608128019,15943.6671015257,0.103353132398082,86605.0077991995,99903.4898332525,0.435886718232923,0.513782674605399
0.437573365858325,0.423772146943797,0.093256270149091,0.0979971035024362,0.0953571343247605,15645.4194203128,0.0998171677146127,88636.3201781566,100948.038051342,0.444997738856087,0.517309217056381
0.449180808680687,0.423111284245746,0.0952010605268659,0.0998779187752485,0.0968481310750656,16076.2158007647,0.102378731182912,88908.0427078609,99605.5085448335,0.45441135053124,0.517458602913148
0.459773395742492,0.421368998970751,0.0959567624873924,0.100256703822994,0.0969917876089735,14753.9201496811,0.0960556821171017,90588.3915459924,101489.445857161,0.463310642144014,0.522561808285617
0.445792562031479,0.415230245586889,0.0952157809778647,0.0980861595716203,0.0965742769125204,14989.6681519538,0.0950489146909625,89952.3656801055,101755.424182457,0.446799269856144,0.514841767380067
0.463367176401324,0.412793157115788,0.095243188212254,0.0999419211146096,0.0975988603229481,15301.6921991134,0.0960245398456162,92320.6980389094,101103.258305465,0.462046440498962,0.514309398707729
0.439307823178147,0.403488603820114,0.0996983481233617,0.102661324687332,0.100294710933123,17190.9261251414,0.0996718409326699,95192.4945524126,100233.512588598,0.471588517740316,0.506772798507899
0.457300731477345,0.406564146367187,0.10229184267186,0.108512624564721,0.10309973972067,16270.6642324151,0.100718320520678,96092.3949723551,99432.1352051733,0.489155120213639,0.5174581901319
0.448607302645595,0.408016937855703,0.106117642295575,0.10946790950249,0.105802026253092,16567.8528837645,0.0975994897175442,100311.907345257,102677.923209364,0.503326884224391,0.52568738389374
0.432637770006889,0.408363544209231,0.107351438111694,0.110239899324857,0.10717482464163,16970.7063484966,0.0991314400804427,99985.235091184,103539.599060805,0.497387316123182,0.526646828095275
0.423040003598035,0.40207465918788,0.107855468966419,0.111405521994048,0.10741190243334,15919.4454324698,0.0959656911389843,99759.9374723352,102880.736846757,0.498345595927473,0.524926392476284
0.422129640722634,0.398853446480852,0.107961644519907,0.10971081219291,0.107046816770102,15769.9757058794,0.0937524209737348,100420.520382985,103772.886435689,0.492837582645481,0.521858654470129
0.420160955860652,0.392699543426436,0.10723911984787,0.108628198359994,0.105649306895784,16003.9245237636,0.094151012681655,99824.8090415438,101867.28333883,0.491637463601037,0.512826036000559
0.424399804873037,0.392817199915305,0.109992890961828,0.110445771836018,0.108329393655222,16171.9722019488,0.0938576376560442,102337.113432528,103097.283304513,0.502189877320005,0.5177347277505
0.424958517571735,0.391064356407127,0.112624672958107,0.111693129746746,0.10846133161891,15803.1431179111,0.0934615433693728,102288.46659789,102538.277107782,0.505461585983509,0.51775727440341
0.422591764562912,0.388237383194795,0.116780462597555,0.114135908542162,0.111799599922491,16067.6699529851,0.0973855458477447,105281.907442606,103419.416018418,0.511163400540128,0.516787345811703
0.413613383245711,0.390513102863395,0.118872604471672,0.114309831263264,0.111416187293302,16418.2994334735,0.097099866291395,101563.885427517,103421.161393444,0.500522035896115,0.519139255128565
0.414774602780323,0.389553815242938,0.121107653483915,0.115466534423796,0.113259493135277,15397.8815045052,0.0940238919177391,105268.73934967,104780.251453006,0.511446640067907,0.524255950884272
0.412992392283915,0.388032254314437,0.12278790463311,0.117735799997248,0.113583002035549,15412.5556170741,0.0952813691122129,100969.497509623,102720.35556368,0.503957889059398,0.524069687235021
0.419007687989731,0.387423366125567,0.125742534955754,0.121070161878592,0.116371526979136,15414.2342113335,0.0952567249023294,104744.878909549,103291.642831221,0.523446158567588,0.529608330080966
0.411628047387595,0.380309926401531,0.129080451213248,0.122872378765395,0.117329901037108,16663.1438823504,0.10011736439428,103085.915921208,101621.980396469,0.518002313205774,0.520394841809753
0.39152778326068,0.379871427995831,0.131117446089161,0.123455571785845,0.116083396394622,15580.8540131155,0.0965193459483069,100376.211686204,101634.406921782,0.50649350390097,0.522891050227991
0.391022957385494,0.372241424455042,0.132393382760203,0.127621205996756,0.118234466655663,15961.8125139457,0.0973904153561339,99097.3897964274,100091.437160416,0.506160654662125,0.520706681751327
0.369817150595002,0.36310391107847,0.134696182052967,0.12824938795821,0.119802691671172,14326.2938058184,0.0922996322722347,98757.394010023,100686.486455407,0.495540231100123,0.518856358435618
0.369439635230183,0.358046575978437,0.137504870541629,0.132919355956851,0.12310540689849,14569.893700751,0.0936630422920312,100355.607876124,101093.399372992,0.503331915820878,0.520408296541747
0.369316808205925,0.357797040574947,0.139263554300401,0.134460579177447,0.12442244318278,14966.904907607,0.0959342451761055,97039.0462816639,100319.724638927,0.496188506636615,0.520745817759068
0.364467226770312,0.353968763831704,0.144238691988233,0.139044387205407,0.126142964625235,15408.4566698648,0.100421880546836,94304.7615619078,97549.172195076,0.495643716239102,0.51873423511551
0.370458526504169,0.348438520367911,0.142260200397073,0.139479725845809,0.125853806738385,16272.5646421497,0.0992998043059798,93755.484782752,97587.7546406907,0.49188488617342,0.514472248646125
0.361149142779616,0.346441269018283,0.148459028792009,0.142371526187672,0.127710806160412,15948.1414274326,0.099477381580615,95193.2607924189,98239.8742094217,0.498624078048671,0.517046219785752
0.351708330574226,0.342471248028819,0.150569372899522,0.143052228590524,0.126820499190442,15310.8991819056,0.1001871140612,91492.6507091543,95111.2843002298,0.489189542561857,0.512156861748586
0.352453452897677,0.337852195434876,0.154735342640284,0.147533853789207,0.130307554993948,15054.9163695707,0.0989046378092929,90736.2968320201,95361.6913808525,0.490371535010599,0.516788966408739
0.360143736119635,0.329583034900121,0.155984789012624,0.148217198184575,0.130124260050239,15940.6573345909,0.100690677262938,93514.6801965435,93726.3655411764,0.505918600824698,0.507233815871998
0.35432056821014,0.324633250893068,0.159686535868067,0.150715036362807,0.129500796656532,16398.3176751148,0.101765977790058,90571.3376591295,90432.0246114842,0.500615338085334,0.503083106122349
0.32985338882359,0.31345745327679,0.16334771194794,0.15243660175267,0.133162798852234,16363.107045388,0.0970268642889797,92833.6929096691,94170.3996323594,0.493422796516234,0.502029989592714
0.32284571418776,0.299001411583716,0.165982571477273,0.156177081838002,0.132110679180053,15705.2899431434,0.0980155431110302,89102.631003464,88214.7251412433,0.492869426686919,0.48927362949074
0.308807603100813,0.295273902176426,0.172242241072625,0.16048470198955,0.135524424800859,13411.1049070408,0.0909404058218646,89548.7137587203,89985.7504430048,0.498175528321252,0.500342623144971
0.28212907551224,0.285179003577718,0.17657458018554,0.161792917384806,0.137198803417081,13834.3108201017,0.0893427543573674,88808.6647572078,90466.9729200416,0.484603258064021,0.494827970022238
0.296252033638958,0.287487838091368,0.181902236853389,0.166782811417671,0.142797309972812,13310.951934177,0.0883558924373298,91493.6755126976,93310.9683647282,0.500202443754192,0.508712067044521
0.287416358612681,0.286298403021807,0.189460617305155,0.17029682267442,0.143568178120805,13259.650410775,0.0889616517576892,89561.9233326611,91852.6475539384,0.497837811867842,0.511201752059342
0.280362187922034,0.283191601291641,0.195444075989106,0.174042455713563,0.144765576172567,14799.4838190249,0.0927683058637945,89131.1259813976,89993.0882077891,0.503488460156084,0.509231327313977
0.280186193816646,0.285217003092701,0.207833258130417,0.18161004591004,0.152203048537335,13851.5889707094,0.0931583824528144,93005.4393533692,94169.8460536929,0.52523156265708,0.525871715087262
0.2874332029891,0.282886008580637,0.2045087677526,0.178683141745147,0.148352775303337,14988.1346773578,0.0959239781431382,91147.7052543473,90917.4041885095,0.517576708685638,0.513997947485983
0.278692782263188,0.279987399144928,0.209148899674302,0.180103593570339,0.151880359985191,14360.7103809933,0.0884731258628811,94959.586123965,95771.3262881442,0.52051672237418,0.523498226837577
0.279511523726796,0.277290368285459,0.213869664964945,0.185522129967193,0.157378765210059,13371.3913337709,0.0890822754043701,97133.7523229658,97065.9904137594,0.535529728778801,0.531108988058341
0.285063034209649,0.276767110586473,0.212212649432671,0.185315933600752,0.155824009299703,13740.8344452894,0.0900579491383915,96579.7218673067,94796.4035412,0.537849870944587,0.527849104348537
0.262168539803509,0.270069010119308,0.217573824189797,0.185815620994089,0.156366920098992,13612.2578372823,0.0863624651732347,97061.6691285305,96456.1122587981,0.530005178020436,0.525889086039155
0.257646655951758,0.265531885216624,0.218048665614202,0.18955978699977,0.159748065447579,14174.6203091462,0.0877775955811552,95069.7453108701,97056.1056346482,0.52161030737624,0.527062142082818
0.252082825461125,0.263358382115729,0.212877730795937,0.191779930161156,0.164652239732972,12879.4940230402,0.080716504202244,100071.517229926,102129.460210161,0.530786323518844,0.539074047807613
0.251065623700581,0.264479386468292,0.211390401921921,0.19643114279892,0.16823271199288,14384.2148702687,0.0919994391205268,96339.9021173105,99804.5993049039,0.520797134868254,0.537143802139566
0.255236178818568,0.267177141022116,0.207662092240488,0.195673233779887,0.167695450574769,11505.4102502004,0.0756757044927085,100905.80967988,105730.210200124,0.533680390195514,0.554870120884063
0.278230433274267,0.266956148961664,0.192613728244066,0.197791531136504,0.167917298372316,13001.8319260233,0.0865725483955628,100986.178628554,103289.209240359,0.539227451793615,0.546092430074921
0.285916423754171,0.268239089368439,0.185265465224327,0.203829948716845,0.175486508951026,12587.4338362964,0.0853474872911719,106428.603585324,107541.532625293,0.555286053627926,0.562208059745139
