,RealCoupon,FNMA after change,FNMAError,
12/27/2012,2.1768,2.12228,-2,0.05452
12/31/2012,2.20009,2.15173,-2,0.04836
12/28/2012,2.18544,2.14018,-2,0.04526
1/2/2013,2.26242,2.21798,-2,0.04444
12/26/2012,2.19828,2.15751,-2,0.04077
1/9/2013,2.29263,2.25424,-2,0.03839
12/21/2012,2.18757,2.14957,-2,0.038
12/24/2012,2.21511,2.17817,-2,0.03694
12/20/2012,2.22135,2.18928,-2,0.03207
1/11/2013,2.31308,2.28169,-2,0.03139
1/8/2013,2.31701,2.28722,-2,0.02979
1/7/2013,2.34263,2.31324,-2,0.02939
12/19/2012,2.23717,2.20826,-2,0.02891
12/17/2012,2.2148,2.18609,-2,0.02871
1/3/2013,2.36511,2.33894,-2,0.02617
1/10/2013,2.32919,2.30581,-2,0.02338
12/18/2012,2.27802,2.25496,-2,0.02306
1/4/2013,2.38072,2.35839,-2,0.02233
12/30/2014,2.852,2.852,0,0
12/29/2014,2.86098,2.86098,0,0
12/26/2014,2.89124,2.89124,0,0
12/24/2014,2.90975,2.90975,0,0
12/23/2014,2.91032,2.91032,0,0
12/22/2014,2.82564,2.82564,0,0
12/19/2014,2.83374,2.83374,0,0
12/18/2014,2.85823,2.85823,0,0
12/17/2014,2.83715,2.83715,0,0
12/16/2014,2.78725,2.78725,0,0
12/15/2014,2.82917,2.82917,0,0
12/12/2014,2.80058,2.80058,0,0
12/11/2014,2.86343,2.86343,0,0
12/10/2014,2.85151,2.85151,0,0
12/9/2014,2.88602,2.88602,0,0
12/8/2014,2.90876,2.90876,0,0
12/5/2014,2.95463,2.95463,0,0
12/4/2014,2.90251,2.90251,0,0
12/3/2014,2.93232,2.93232,0,0
12/2/2014,2.92504,2.92504,0,0
12/1/2014,2.86228,2.86228,0,0
11/28/2014,2.84569,2.84569,0,0
11/26/2014,2.8841,2.8841,0,0
11/25/2014,2.89872,2.89872,0,0
11/24/2014,2.95338,2.95338,0,0
11/21/2014,2.96503,2.96503,0,0
11/20/2014,2.98245,2.98245,0,0
11/19/2014,3.00395,3.00395,0,0
11/18/2014,2.98226,2.98226,0,0
11/17/2014,2.9941,2.9941,0,0
11/14/2014,2.98831,2.98831,0,0
11/13/2014,3.02409,3.02409,0,0
11/12/2014,3.03648,3.03648,0,0
11/10/2014,3.03634,3.03634,0,0
11/7/2014,3.00136,3.00136,0,0
11/6/2014,3.05201,3.05201,0,0
11/5/2014,3.04445,3.04445,0,0
11/4/2014,3.04424,3.04424,0,0
11/3/2014,3.04728,3.04728,0,0
10/31/2014,3.00974,3.00974,0,0
10/30/2014,2.98841,2.98841,0,0
10/29/2014,3.0091,3.0091,0,0
10/28/2014,2.97326,2.97326,0,0
10/27/2014,2.95063,2.95063,0,0
10/24/2014,2.96706,2.96706,0,0
10/23/2014,2.95697,2.95697,0,0
10/22/2014,2.91561,2.91561,0,0
10/21/2014,2.90261,2.90261,0,0
10/20/2014,2.88228,2.88228,0,0
10/17/2014,2.90897,2.90897,0,0
10/16/2014,2.88998,2.88998,0,0
10/15/2014,2.80128,2.80128,0,0
10/14/2014,2.91567,2.91567,0,0
10/10/2014,3.00647,3.00647,0,0
10/9/2014,3.00935,3.00935,0,0
10/8/2014,3.00696,3.00696,0,0
10/7/2014,3.05717,3.05717,0,0
10/6/2014,3.12298,3.12298,0,0
10/3/2014,3.1408,3.1408,0,0
10/2/2014,3.1361,3.1361,0,0
10/1/2014,3.11879,3.11879,0,0
9/30/2014,3.2079,3.2079,0,0
9/29/2014,3.19268,3.19268,0,0
9/26/2014,3.21517,3.21517,0,0
9/25/2014,3.19667,3.19667,0,0
9/24/2014,3.2402,3.2402,0,0
9/23/2014,3.21471,3.21471,0,0
9/22/2014,3.23976,3.23976,0,0
9/19/2014,3.2565,3.2565,0,0
9/18/2014,3.30017,3.30017,0,0
9/17/2014,3.28895,3.28895,0,0
9/16/2014,3.28408,3.28408,0,0
9/15/2014,3.28134,3.28134,0,0
9/12/2014,3.30131,3.30131,0,0
9/11/2014,3.23854,3.23854,0,0
9/10/2014,3.23967,3.23967,0,0
9/9/2014,3.20426,3.20426,0,0
9/8/2014,3.17608,3.17608,0,0
9/5/2014,3.16818,3.16818,0,0
9/4/2014,3.15283,3.15283,0,0
9/3/2014,3.12536,3.12536,0,0
9/2/2014,3.13347,3.13347,0,0
8/29/2014,3.08034,3.08034,0,0
8/28/2014,3.07812,3.07812,0,0
8/27/2014,3.09887,3.09887,0,0
8/26/2014,3.12944,3.12944,0,0
8/25/2014,3.13856,3.13856,0,0
8/22/2014,3.15082,3.15082,0,0
8/21/2014,3.15678,3.15678,0,0
8/20/2014,3.18288,3.18288,0,0
8/19/2014,3.16484,3.16484,0,0
8/18/2014,3.13998,3.13998,0,0
8/15/2014,3.09358,3.09358,0,0
8/14/2014,3.13996,3.13996,0,0
8/13/2014,3.16116,3.16116,0,0
8/12/2014,3.19212,3.19212,0,0
8/11/2014,3.18264,3.18264,0,0
8/8/2014,3.17218,3.17218,0,0
8/7/2014,3.1813,3.1813,0,0
8/6/2014,3.2168,3.2168,0,0
8/5/2014,3.21632,3.21632,0,0
8/4/2014,3.21782,3.21782,0,0
8/1/2014,3.22842,3.22842,0,0
7/31/2014,3.27611,3.27611,0,0
7/30/2014,3.26579,3.26579,0,0
7/29/2014,3.18238,3.18238,0,0
7/28/2014,3.20496,3.20496,0,0
7/25/2014,3.19153,3.19153,0,0
7/24/2014,3.23593,3.23593,0,0
7/23/2014,3.18443,3.18443,0,0
7/22/2014,3.17134,3.17134,0,0
7/21/2014,3.17973,3.17973,0,0
7/18/2014,3.18346,3.18346,0,0
7/17/2014,3.184,3.184,0,0
7/16/2014,3.23588,3.23588,0,0
7/15/2014,3.23276,3.23276,0,0
7/14/2014,3.22381,3.22381,0,0
7/11/2014,3.1874,3.1874,0,0
7/10/2014,3.20099,3.20099,0,0
7/9/2014,3.21851,3.21851,0,0
7/8/2014,3.23294,3.23294,0,0
7/7/2014,3.26648,3.26648,0,0
7/3/2014,3.2817,3.2817,0,0
7/2/2014,3.25805,3.25805,0,0
7/1/2014,3.21078,3.21078,0,0
6/30/2014,3.16006,3.16006,0,0
6/27/2014,3.17238,3.17238,0,0
6/26/2014,3.1705,3.1705,0,0
6/25/2014,3.1949,3.1949,0,0
6/24/2014,3.21805,3.21805,0,0
6/23/2014,3.24201,3.24201,0,0
6/20/2014,3.23871,3.23871,0,0
6/19/2014,3.2407,3.2407,0,0
6/18/2014,3.25545,3.25545,0,0
6/17/2014,3.29552,3.29552,0,0
6/16/2014,3.2402,3.2402,0,0
6/13/2014,3.25321,3.25321,0,0
6/12/2014,3.23683,3.23683,0,0
6/11/2014,3.2836,3.2836,0,0
6/10/2014,3.28637,3.28637,0,0
6/9/2014,3.26478,3.26478,0,0
6/6/2014,3.24953,3.24953,0,0
6/5/2014,3.23776,3.23776,0,0
6/4/2014,3.26353,3.26353,0,0
6/3/2014,3.25946,3.25946,0,0
6/2/2014,3.20774,3.20774,0,0
5/30/2014,3.13272,3.13272,0,0
5/29/2014,3.1236,3.1236,0,0
5/28/2014,3.09658,3.09658,0,0
5/27/2014,3.18634,3.18634,0,0
5/23/2014,3.20629,3.20629,0,0
5/22/2014,3.21443,3.21443,0,0
5/21/2014,3.20037,3.20037,0,0
5/20/2014,3.19062,3.19062,0,0
5/19/2014,3.22497,3.22497,0,0
5/16/2014,3.20717,3.20717,0,0
5/15/2014,3.17951,3.17951,0,0
5/14/2014,3.19709,3.19709,0,0
5/13/2014,3.2728,3.2728,0,0
5/12/2014,3.29573,3.29573,0,0
5/9/2014,3.26793,3.26793,0,0
5/8/2014,3.2302,3.2302,0,0
5/7/2014,3.23656,3.23656,0,0
5/6/2014,3.26769,3.26769,0,0
5/5/2014,3.2885,3.2885,0,0
5/2/2014,3.27582,3.27582,0,0
5/1/2014,3.28753,3.28753,0,0
4/30/2014,3.32743,3.32743,0,0
4/29/2014,3.37337,3.37337,0,0
4/28/2014,3.35146,3.35146,0,0
4/25/2014,3.34407,3.34407,0,0
4/24/2014,3.36531,3.36531,0,0
4/23/2014,3.37126,3.37126,0,0
4/22/2014,3.41581,3.41581,0,0
4/21/2014,3.42149,3.42149,0,0
4/17/2014,3.40802,3.40802,0,0
4/16/2014,3.3508,3.3508,0,0
4/15/2014,3.33793,3.33793,0,0
4/14/2014,3.34083,3.34083,0,0
4/11/2014,3.31617,3.31617,0,0
4/10/2014,3.31552,3.31552,0,0
4/9/2014,3.37509,3.37509,0,0
4/8/2014,3.37318,3.37318,0,0
4/7/2014,3.3951,3.3951,0,0
4/4/2014,3.42956,3.42956,0,0
4/3/2014,3.48403,3.48403,0,0
4/2/2014,3.50663,3.50663,0,0
4/1/2014,3.4727,3.4727,0,0
3/31/2014,3.44686,3.44686,0,0
3/28/2014,3.43061,3.43061,0,0
3/27/2014,3.40527,3.40527,0,0
3/26/2014,3.42174,3.42174,0,0
3/25/2014,3.45197,3.45197,0,0
3/24/2014,3.45267,3.45267,0,0
3/21/2014,3.45235,3.45235,0,0
3/20/2014,3.48581,3.48581,0,0
3/19/2014,3.47241,3.47241,0,0
3/18/2014,3.39423,3.39423,0,0
3/17/2014,3.41746,3.41746,0,0
3/14/2014,3.36349,3.36349,0,0
3/13/2014,3.34844,3.34844,0,0
3/12/2014,3.40859,3.40859,0,0
3/11/2014,3.44385,3.44385,0,0
3/10/2014,3.44657,3.44657,0,0
3/7/2014,3.46137,3.46137,0,0
3/6/2014,3.4237,3.4237,0,0
3/5/2014,3.40152,3.40152,0,0
3/4/2014,3.39831,3.39831,0,0
3/3/2014,3.3253,3.3253,0,0
2/28/2014,3.35149,3.35149,0,0
2/27/2014,3.33702,3.33702,0,0
2/26/2014,3.36186,3.36186,0,0
2/25/2014,3.37625,3.37625,0,0
2/24/2014,3.42988,3.42988,0,0
2/21/2014,3.42382,3.42382,0,0
2/20/2014,3.44099,3.44099,0,0
2/19/2014,3.42085,3.42085,0,0
2/18/2014,3.40225,3.40225,0,0
2/14/2014,3.42405,3.42405,0,0
2/13/2014,3.39638,3.39638,0,0
2/12/2014,3.43678,3.43678,0,0
2/11/2014,3.3874,3.3874,0,0
2/10/2014,3.34761,3.34761,0,0
2/7/2014,3.343,3.343,0,0
2/6/2014,3.37993,3.37993,0,0
2/5/2014,3.35841,3.35841,0,0
2/4/2014,3.31116,3.31116,0,0
2/3/2014,3.2711,3.2711,0,0
1/31/2014,3.34068,3.34068,0,0
1/30/2014,3.37103,3.37103,0,0
1/29/2014,3.36115,3.36115,0,0
1/28/2014,3.41467,3.41467,0,0
1/27/2014,3.42489,3.42489,0,0
1/24/2014,3.38218,3.38218,0,0
1/23/2014,3.42598,3.42598,0,0
1/22/2014,3.4813,3.4813,0,0
1/21/2014,3.43062,3.43062,0,0
1/17/2014,3.43708,3.43708,0,0
1/16/2014,3.45706,3.45706,0,0
1/15/2014,3.49478,3.49478,0,0
1/14/2014,3.48341,3.48341,0,0
1/13/2014,3.42646,3.42646,0,0
1/10/2014,3.47184,3.47184,0,0
1/9/2014,3.57494,3.57494,0,0
1/8/2014,3.59637,3.59637,0,0
1/7/2014,3.54285,3.54285,0,0
1/6/2014,3.57635,3.57635,0,0
1/3/2014,3.60326,3.60326,0,0
1/2/2014,3.5997,3.5997,0,0
12/30/2013,3.57467,3.57467,0,0
12/27/2013,3.60938,3.60938,0,0
12/26/2013,3.61108,3.61108,0,0
12/24/2013,3.61006,3.61006,0,0
12/23/2013,3.54225,3.54225,0,0
12/20/2013,3.52072,3.52072,0,0
12/19/2013,3.58946,3.58946,0,0
12/18/2013,3.54228,3.54228,0,0
12/17/2013,3.49989,3.49989,0,0
12/16/2013,3.53072,3.53072,0,0
12/13/2013,3.5291,3.5291,0,0
12/12/2013,3.54275,3.54275,0,0
12/11/2013,3.51569,3.51569,0,0
12/10/2013,3.46476,3.46476,0,0
12/9/2013,3.50449,3.50449,0,0
12/6/2013,3.53577,3.53577,0,0
12/5/2013,3.55213,3.55213,0,0
12/4/2013,3.53796,3.53796,0,0
12/3/2013,3.48201,3.48201,0,0
11/22/2013,3.37657,3.37657,0,0
11/21/2013,3.39022,3.39022,0,0
11/20/2013,3.39539,3.39539,0,0
11/18/2013,3.28922,3.28922,0,0
11/15/2013,3.3275,3.3275,0,0
11/14/2013,3.3344,3.3344,0,0
11/13/2013,3.38633,3.38633,0,0
11/12/2013,3.42394,3.42394,0,0
11/8/2013,3.41853,3.41853,0,0
11/7/2013,3.29153,3.29153,0,0
11/6/2013,3.29973,3.29973,0,0
11/5/2013,3.31201,3.31201,0,0
11/4/2013,3.23876,3.23876,0,0
11/1/2013,3.25928,3.25928,0,0
10/31/2013,3.18036,3.18036,0,0
10/30/2013,3.16114,3.16114,0,0
10/29/2013,3.15432,3.15432,0,0
10/28/2013,3.15932,3.15932,0,0
10/25/2013,3.15212,3.15212,0,0
10/24/2013,3.17723,3.17723,0,0
10/23/2013,3.15417,3.15417,0,0
10/22/2013,3.18366,3.18366,0,0
10/21/2013,3.28095,3.28095,0,0
10/18/2013,3.25857,3.25857,0,0
10/17/2013,3.25461,3.25461,0,0
10/16/2013,3.34533,3.34533,0,0
10/15/2013,3.38973,3.38973,0,0
10/11/2013,3.34888,3.34888,0,0
10/10/2013,3.34593,3.34593,0,0
10/9/2013,3.33121,3.33121,0,0
10/8/2013,3.32901,3.32901,0,0
10/7/2013,3.31522,3.31522,0,0
10/4/2013,3.31439,3.31439,0,0
10/3/2013,3.28508,3.28508,0,0
10/2/2013,3.30787,3.30787,0,0
10/1/2013,3.31544,3.31544,0,0
9/30/2013,3.29525,3.29525,0,0
9/27/2013,3.29489,3.29489,0,0
9/26/2013,3.32335,3.32335,0,0
9/25/2013,3.29616,3.29616,0,0
9/24/2013,3.34069,3.34069,0,0
9/23/2013,3.4029,3.4029,0,0
9/20/2013,3.43161,3.43161,0,0
9/19/2013,3.42348,3.42348,0,0
9/18/2013,3.40411,3.40411,0,0
9/17/2013,3.5863,3.5863,0,0
9/16/2013,3.60503,3.60503,0,0
9/13/2013,3.65073,3.65073,0,0
9/12/2013,3.6663,3.6663,0,0
9/11/2013,3.66718,3.66718,0,0
9/10/2013,3.70256,3.70256,0,0
9/9/2013,3.64949,3.64949,0,0
9/6/2013,3.72124,3.72124,0,0
9/5/2013,3.7867,3.7867,0,0
9/4/2013,3.67957,3.67957,0,0
9/3/2013,3.62303,3.62303,0,0
8/30/2013,3.51811,3.51811,0,0
8/29/2013,3.5164,3.5164,0,0
8/28/2013,3.56452,3.56452,0,0
8/27/2013,3.49501,3.49501,0,0
8/26/2013,3.56494,3.56494,0,0
8/23/2013,3.60146,3.60146,0,0
8/22/2013,3.71019,3.71019,0,0
8/21/2013,3.67464,3.67464,0,0
8/20/2013,3.63068,3.63068,0,0
8/19/2013,3.71105,3.71105,0,0
8/16/2013,3.63423,3.63423,0,0
8/15/2013,3.54246,3.54246,0,0
8/14/2013,3.48409,3.48409,0,0
8/13/2013,3.4866,3.4866,0,0
8/12/2013,3.38388,3.38388,0,0
8/9/2013,3.36395,3.36395,0,0
8/8/2013,3.38149,3.38149,0,0
8/7/2013,3.40953,3.40953,0,0
8/6/2013,3.44309,3.44309,0,0
8/5/2013,3.41781,3.41781,0,0
8/2/2013,3.40357,3.40357,0,0
8/1/2013,3.53287,3.53287,0,0
7/31/2013,3.40954,3.40954,0,0
7/30/2013,3.4286,3.4286,0,0
7/29/2013,3.40615,3.40615,0,0
7/26/2013,3.39532,3.39532,0,0
7/25/2013,3.44079,3.44079,0,0
7/24/2013,3.42968,3.42968,0,0
7/23/2013,3.36391,3.36391,0,0
7/22/2013,3.32208,3.32208,0,0
7/19/2013,3.33139,3.33139,0,0
7/18/2013,3.38885,3.38885,0,0
7/17/2013,3.34387,3.34387,0,0
7/16/2013,3.39147,3.39147,0,0
7/15/2013,3.40503,3.40503,0,0
7/12/2013,3.47482,3.47482,0,0
7/11/2013,3.46797,3.46797,0,0
7/10/2013,3.58537,3.58537,0,0
7/9/2013,3.48802,3.48802,0,0
7/8/2013,3.54464,3.54464,0,0
7/5/2013,3.67325,3.67325,0,0
7/3/2013,3.36892,3.36892,0,0
7/2/2013,3.31182,3.31182,0,0
7/1/2013,3.29795,3.29795,0,0
6/28/2013,3.30945,3.30945,0,0
6/27/2013,3.32066,3.32066,0,0
6/26/2013,3.44275,3.44275,0,0
6/25/2013,3.49791,3.49791,0,0
6/24/2013,3.48428,3.48428,0,0
6/21/2013,3.42906,3.42906,0,0
6/20/2013,3.27319,3.27319,0,0
6/19/2013,3.12738,3.12738,0,0
6/18/2013,2.98213,2.98213,0,0
6/17/2013,2.98385,2.98385,0,0
6/14/2013,2.93282,2.93282,0,0
6/13/2013,2.97052,2.97052,0,0
6/12/2013,3.0173,3.0173,0,0
6/11/2013,2.98862,2.98862,0,0
6/10/2013,3.01875,3.01875,0,0
6/7/2013,2.99312,2.99312,0,0
6/6/2013,2.93639,2.93639,0,0
6/5/2013,2.97372,2.97372,0,0
6/4/2013,2.98974,2.98974,0,0
6/3/2013,2.96032,2.96032,0,0
5/31/2013,2.95731,2.95731,0,0
5/30/2013,2.90465,2.90465,0,0
5/29/2013,2.91969,2.91969,0,0
5/28/2013,2.94396,2.94396,0,0
5/24/2013,2.81497,2.81497,0,0
5/23/2013,2.82191,2.82191,0,0
5/22/2013,2.78844,2.78844,0,0
5/21/2013,2.66453,2.66453,0,0
5/20/2013,2.71288,2.71288,0,0
5/17/2013,2.68581,2.68581,0,0
5/16/2013,2.56388,2.56388,0,0
5/15/2013,2.66187,2.66187,0,0
5/14/2013,2.66272,2.66272,0,0
5/13/2013,2.621,2.621,0,0
5/10/2013,2.58686,2.58686,0,0
5/9/2013,2.49665,2.49665,0,0
5/8/2013,2.47245,2.47245,0,0
5/7/2013,2.48894,2.48894,0,0
5/6/2013,2.4724,2.4724,0,0
5/3/2013,2.45615,2.45615,0,0
5/2/2013,2.3421,2.3421,0,0
5/1/2013,2.31036,2.31036,0,0
4/30/2013,2.35354,2.35354,0,0
4/29/2013,2.37448,2.37448,0,0
4/26/2013,2.37951,2.37951,0,0
4/25/2013,2.43235,2.43235,0,0
4/24/2013,2.43239,2.43239,0,0
4/23/2013,2.43753,2.43753,0,0
4/22/2013,2.4461,2.4461,0,0
4/19/2013,2.44783,2.44783,0,0
4/18/2013,2.43192,2.43192,0,0
4/17/2013,2.45005,2.45005,0,0
4/16/2013,2.45465,2.45465,0,0
4/15/2013,2.43066,2.43066,0,0
4/12/2013,2.45324,2.45324,0,0
4/11/2013,2.51808,2.51808,0,0
4/10/2013,2.54479,2.54479,0,0
4/9/2013,2.48938,2.48938,0,0
4/8/2013,2.47695,2.47695,0,0
4/5/2013,2.41738,2.41738,0,0
4/4/2013,2.48587,2.48587,0,0
4/3/2013,2.56472,2.56472,0,0
4/2/2013,2.6102,2.6102,0,0
4/1/2013,2.59513,2.59513,0,0
3/28/2013,2.61433,2.61433,0,0
3/27/2013,2.60807,2.60807,0,0
3/26/2013,2.64256,2.64256,0,0
3/25/2013,2.63948,2.63948,0,0
3/22/2013,2.64148,2.64148,0,0
3/21/2013,2.67627,2.67627,0,0
3/20/2013,2.64698,2.64698,0,0
3/19/2013,2.60686,2.60686,0,0
3/18/2013,2.62963,2.62963,0,0
3/15/2013,2.66434,2.66434,0,0
3/14/2013,2.70546,2.70546,0,0
3/13/2013,2.70044,2.70044,0,0
3/12/2013,2.70646,2.70646,0,0
3/11/2013,2.73998,2.73998,0,0
3/8/2013,2.75192,2.75192,0,0
3/7/2013,2.67331,2.67331,0,0
3/6/2013,2.61255,2.61255,0,0
3/5/2013,2.56076,2.56076,0,0
3/4/2013,2.54578,2.54578,0,0
3/1/2013,2.52993,2.52993,0,0
2/28/2013,2.54484,2.54484,0,0
2/27/2013,2.57322,2.57322,0,0
2/26/2013,2.53896,2.53896,0,0
2/25/2013,2.55786,2.55786,0,0
2/22/2013,2.62514,2.62514,0,0
2/21/2013,2.62574,2.62574,0,0
2/20/2013,2.63797,2.63797,0,0
2/19/2013,2.63802,2.63802,0,0
2/15/2013,2.62079,2.62079,0,0
2/14/2013,2.60855,2.60855,0,0
2/13/2013,2.65372,2.65372,0,0
2/12/2013,2.60701,2.60701,0,0
2/11/2013,2.56531,2.56531,0,0
2/8/2013,2.57318,2.57318,0,0
2/7/2013,2.55136,2.55136,0,0
2/6/2013,2.55943,2.55943,0,0
2/5/2013,2.60052,2.60052,0,0
2/4/2013,2.55563,2.55563,0,0
2/1/2013,2.59141,2.59141,0,0
1/31/2013,2.57377,2.57377,0,0
1/30/2013,2.57729,2.57729,0,0
1/29/2013,2.55981,2.55981,0,0
1/28/2013,2.53933,2.53933,0,0
1/25/2013,2.50532,2.50532,0,0
1/24/2013,2.36742,2.36742,-4,0
1/23/2013,2.34331,2.34331,-4,0
1/22/2013,2.35221,2.35221,-4,0
1/18/2013,2.35028,2.35028,-4,0
1/17/2013,2.36891,2.36891,-4,0
1/16/2013,2.29441,2.29441,-4,0
1/15/2013,2.29384,2.29384,-4,0
1/14/2013,2.2784,2.2784,-4,0
12/14/2012,2.17471,2.17471,-4,0
12/13/2012,2.17954,2.17954,-4,0
12/12/2012,2.16985,2.16985,-4,0
12/11/2012,2.1257,2.1257,-4,0
12/10/2012,2.12632,2.12632,-4,0
12/7/2012,2.16633,2.16633,-4,0
12/6/2012,2.10827,2.10827,-4,0
12/5/2012,2.07994,2.07994,-4,0
12/4/2012,2.06783,2.06783,-4,0
12/3/2012,2.08622,2.08622,-4,0
11/30/2012,2.07253,2.07253,-4,0
11/29/2012,2.07244,2.07244,-4,0
11/28/2012,2.05097,2.05097,-4,0
11/27/2012,2.04405,2.04405,-4,0
11/26/2012,2.1329,2.1329,-4,0
11/23/2012,2.20126,2.20126,-4,0
11/21/2012,2.19254,2.19254,-4,0
11/20/2012,2.14204,2.14204,-4,0
11/19/2012,2.06997,2.06997,-4,0
11/16/2012,2.03611,2.03611,-4,0
11/15/2012,2.09234,2.09234,-4,0
11/14/2012,2.13435,2.13435,-4,0
11/13/2012,2.08298,2.08298,-4,0
11/9/2012,2.0596,2.0596,0,0
11/8/2012,2.04956,2.04956,0,0
11/7/2012,2.09197,2.09197,0,0
11/6/2012,2.24889,2.24889,0,0
11/5/2012,2.14794,2.14794,0,0
11/2/2012,2.19493,2.19493,0,0
11/1/2012,2.23243,2.23243,0,0
10/31/2012,2.14235,2.14235,0,0
10/29/2012,2.17586,2.17586,0,0
10/26/2012,2.20624,2.20624,0,0
10/25/2012,2.27753,2.27753,0,0
10/24/2012,2.22502,2.22502,0,0
10/23/2012,2.18831,2.18831,0,0
10/22/2012,2.2048,2.2048,0,0
10/19/2012,2.17149,2.17149,0,0
10/18/2012,2.23804,2.23804,0,0
10/17/2012,2.19994,2.19994,0,0
10/16/2012,2.09031,2.09031,0,0
10/15/2012,2.0434,2.0434,0,0
10/12/2012,2.01487,2.01487,0,0
10/11/2012,2.01882,2.01882,0,0
10/10/2012,2.0567,2.0567,0,0
10/9/2012,2.1122,2.1122,0,0
10/5/2012,2.09992,2.09992,0,0
10/4/2012,2.06588,2.06588,0,0
9/28/2012,2.03991,2.03991,0,0
9/27/2012,2.05097,2.05097,0,0
9/24/2012,2.04335,2.04335,0,0
9/21/2012,2.0967,2.0967,0,0
9/20/2012,2.16993,2.16993,0,0
9/19/2012,2.21086,2.21086,0,0
9/18/2012,2.2694,2.2694,0,0
9/17/2012,2.28117,2.28117,0,0
9/14/2012,2.26805,2.26805,0,0
9/13/2012,2.20601,2.20601,0,0
9/12/2012,2.42922,2.42922,0,0
9/11/2012,2.39371,2.39371,0,0
9/10/2012,2.37785,2.37785,0,0
9/7/2012,2.37384,2.37384,0,0
9/6/2012,2.45607,2.45607,0,0
9/5/2012,2.39528,2.39528,0,0
9/4/2012,2.38417,2.38417,0,0
8/31/2012,2.36895,2.36895,0,0
8/30/2012,2.43371,2.43371,0,0
8/29/2012,2.46878,2.46878,0,0
8/28/2012,2.41104,2.41104,0,0
8/27/2012,2.44075,2.44075,0,0
8/24/2012,2.47609,2.47609,0,0
8/23/2012,2.44471,2.44471,0,0
8/22/2012,2.51207,2.51207,0,0
8/21/2012,2.62589,2.62589,0,0
8/20/2012,2.61868,2.61868,0,0
8/17/2012,2.63904,2.63904,0,0
8/16/2012,2.67019,2.67019,0,0
8/15/2012,2.63813,2.63813,0,0
8/14/2012,2.50321,2.50321,0,0
8/13/2012,2.43262,2.43262,0,0
8/10/2012,2.43735,2.43735,0,0
8/9/2012,2.45717,2.45717,0,0
8/8/2012,2.45388,2.45388,0,0
8/7/2012,2.46483,2.46483,0,0
8/6/2012,2.41026,2.41026,0,0
8/3/2012,2.42675,2.42675,0,0
8/2/2012,2.33657,2.33657,0,0
8/1/2012,2.36588,2.36588,0,0
7/31/2012,2.3146,2.3146,0,0
7/30/2012,2.33651,2.33651,0,0
7/27/2012,2.46854,2.46854,0,0
7/26/2012,2.28779,2.28779,0,0
7/25/2012,2.26337,2.26337,0,0
7/24/2012,2.24718,2.24718,0,0
7/23/2012,2.27723,2.27723,0,0
7/20/2012,2.32496,2.32496,0,0
7/19/2012,2.39312,2.39312,0,0
7/18/2012,2.37585,2.37585,0,0
7/17/2012,2.4361,2.4361,0,0
7/16/2012,2.39684,2.39684,0,0
7/13/2012,2.4585,2.4585,0,0
7/12/2012,2.40343,2.40343,0,0
7/11/2012,2.41162,2.41162,0,0
7/10/2012,2.42303,2.42303,0,0
7/9/2012,2.4492,2.4492,0,0
7/6/2012,2.47665,2.47665,0,0
7/5/2012,2.55638,2.55638,0,0
7/3/2012,2.58328,2.58328,0,0
7/2/2012,2.54532,2.54532,0,0
6/29/2012,2.62372,2.62372,0,0
6/28/2012,2.55096,2.55096,0,0
6/27/2012,2.58867,2.58867,0,0
6/26/2012,2.61639,2.61639,0,0
6/25/2012,2.5785,2.5785,0,0
6/22/2012,2.66819,2.66819,0,0
6/21/2012,2.61405,2.61405,0,0
6/20/2012,2.64221,2.64221,0,0
6/19/2012,2.5989,2.5989,0,0
6/18/2012,2.59515,2.59515,0,0
6/15/2012,2.61355,2.61355,0,0
6/14/2012,2.63094,2.63094,0,0
6/13/2012,2.65256,2.65256,0,0
6/12/2012,2.69596,2.69596,0,0
6/11/2012,2.6399,2.6399,0,0
6/8/2012,2.67911,2.67911,0,0
6/7/2012,2.67758,2.67758,0,0
6/6/2012,2.70699,2.70699,0,0
6/5/2012,2.67216,2.67216,0,0
6/4/2012,2.62226,2.62226,0,0
6/1/2012,2.53159,2.53159,0,0
5/31/2012,2.64639,2.64639,0,0
5/30/2012,2.68486,2.68486,0,0
5/29/2012,2.77149,2.77149,0,0
5/25/2012,2.76345,2.76345,0,0
5/24/2012,2.76054,2.76054,0,0
5/23/2012,2.73508,2.73508,0,0
5/22/2012,2.76969,2.76969,0,0
5/21/2012,2.73357,2.73357,0,0
5/18/2012,2.67797,2.67797,0,0
5/17/2012,2.67184,2.67184,0,0
5/16/2012,2.74013,2.74013,0,0
5/15/2012,2.76971,2.76971,0,0
5/14/2012,2.77397,2.77397,0,0
5/11/2012,2.80528,2.80528,0,0
5/10/2012,2.82461,2.82461,0,0
5/9/2012,2.83276,2.83276,0,0
5/8/2012,2.8457,2.8457,0,0
5/7/2012,2.85847,2.85847,0,0
5/4/2012,2.85087,2.85087,0,0
5/3/2012,2.88233,2.88233,0,0
5/2/2012,2.87338,2.87338,0,0
5/1/2012,2.89085,2.89085,0,0
4/30/2012,2.85859,2.85859,0,0
4/27/2012,2.87167,2.87167,0,0
4/26/2012,2.8924,2.8924,0,0
4/25/2012,2.92241,2.92241,0,0
4/24/2012,2.90097,2.90097,0,0
4/23/2012,2.87081,2.87081,0,0
4/20/2012,2.90335,2.90335,0,0
4/19/2012,2.88744,2.88744,0,0
4/18/2012,2.93046,2.93046,0,0
4/17/2012,2.9571,2.9571,0,0
4/16/2012,2.91808,2.91808,0,0
4/13/2012,2.93227,2.93227,0,0
4/12/2012,2.96745,2.96745,0,0
4/11/2012,2.93078,2.93078,0,0
4/10/2012,2.91099,2.91099,0,0
4/9/2012,2.91152,2.91152,0,0
4/6/2012,2.93072,2.93072,0,0
4/5/2012,3.05396,3.05396,0,0
4/4/2012,3.1088,3.1088,0,0
4/3/2012,3.16492,3.16492,0,0
4/2/2012,3.04496,3.04496,0,0
3/30/2012,3.06692,3.06692,0,0
3/29/2012,3.02196,3.02196,0,0
3/28/2012,3.05684,3.05684,0,0
3/27/2012,3.0399,3.0399,0,0
3/26/2012,3.11828,3.11828,0,0
3/23/2012,3.13245,3.13245,0,0
3/22/2012,3.15708,3.15708,0,0
3/21/2012,3.15732,3.15732,0,0
3/20/2012,3.24144,3.24144,0,0
3/19/2012,3.23638,3.23638,0,0
3/16/2012,3.13095,3.13095,0,0
3/15/2012,3.15896,3.15896,0,0
3/14/2012,3.16959,3.16959,0,0
3/13/2012,2.9914,2.9914,0,0
3/12/2012,2.91624,2.91624,0,0
3/9/2012,2.92195,2.92195,0,0
3/8/2012,2.93364,2.93364,0,0
3/7/2012,2.89962,2.89962,0,0
3/6/2012,2.86506,2.86506,0,0
3/5/2012,2.90077,2.90077,0,0
3/2/2012,2.8908,2.8908,0,0
3/1/2012,2.92872,2.92872,0,0
2/29/2012,2.88173,2.88173,0,0
2/28/2012,2.8102,2.8102,0,0
2/27/2012,2.82054,2.82054,0,0
2/24/2012,2.84685,2.84685,0,0
2/23/2012,2.83483,2.83483,0,0
2/22/2012,2.87313,2.87313,0,0
2/21/2012,2.92316,2.92316,0,0
2/17/2012,2.86836,2.86836,0,0
2/16/2012,2.83167,2.83167,0,0
2/15/2012,2.78221,2.78221,0,0
2/14/2012,2.76681,2.76681,0,0
2/13/2012,2.81749,2.81749,0,0
2/10/2012,2.80975,2.80975,0,0
2/9/2012,2.84585,2.84585,0,0
2/8/2012,2.76703,2.76703,0,0
2/7/2012,2.7946,2.7946,0,0
2/6/2012,2.76133,2.76133,0,0
2/3/2012,2.81014,2.81014,0,0
2/2/2012,2.7164,2.7164,0,0
2/1/2012,2.77294,2.77294,0,0
1/31/2012,2.7763,2.7763,0,0
1/30/2012,2.80895,2.80895,0,0
1/27/2012,2.80824,2.80824,0,0
1/26/2012,2.84358,2.84358,0,0
1/25/2012,2.90516,2.90516,0,0
1/24/2012,2.95988,2.95988,0,0
1/23/2012,2.97256,2.97256,0,0
1/20/2012,2.97611,2.97611,0,0
1/19/2012,2.96477,2.96477,0,0
1/18/2012,2.90295,2.90295,0,0
1/17/2012,2.86264,2.86264,0,0
1/13/2012,2.81631,2.81631,0,0
1/12/2012,2.85234,2.85234,0,0
1/11/2012,2.88377,2.88377,0,0
1/10/2012,2.91779,2.91779,0,0
1/9/2012,2.87572,2.87572,0,0
1/6/2012,2.85738,2.85738,0,0
1/5/2012,2.91011,2.91011,0,0
1/4/2012,2.9957,2.9957,0,0
1/3/2012,2.99221,2.99221,0,0
12/30/2011,3.0169,3.0169,0,0
12/29/2011,3.02888,3.02888,0,0
12/28/2011,3.04824,3.04824,0,0
12/27/2011,3.15254,3.15254,0,0
12/23/2011,3.1705,3.1705,0,0
12/22/2011,3.09573,3.09573,0,0
12/21/2011,3.10621,3.10621,0,0
12/20/2011,3.06827,3.06827,0,0
12/19/2011,2.98945,2.98945,0,0
12/16/2011,3.00104,3.00104,0,0
12/15/2011,3.05125,3.05125,0,0
12/14/2011,3.0099,3.0099,0,0
12/13/2011,3.0836,3.0836,0,0
12/12/2011,3.12819,3.12819,0,0
12/9/2011,3.13669,3.13669,0,0
12/8/2011,3.05821,3.05821,0,0
12/7/2011,3.09012,3.09012,0,0
12/6/2011,3.17019,3.17019,0,0
12/5/2011,3.15649,3.15649,0,0
12/2/2011,3.14293,3.14293,0,0
12/1/2011,3.20921,3.20921,0,0
11/30/2011,3.17702,3.17702,0,0
11/29/2011,3.18161,3.18161,0,0
11/28/2011,3.1879,3.1879,0,0
11/25/2011,3.22263,3.22263,0,0
11/23/2011,3.14517,3.14517,0,0
11/22/2011,3.14417,3.14417,0,0
11/21/2011,3.17668,3.17668,0,0
11/18/2011,3.21334,3.21334,0,0
11/17/2011,3.1637,3.1637,0,0
11/16/2011,3.20144,3.20144,0,0
11/15/2011,3.21924,3.21924,0,0
11/14/2011,3.19328,3.19328,0,0
11/10/2011,3.19683,3.19683,0,0
11/9/2011,3.14083,3.14083,0,0
11/8/2011,3.19153,3.19153,0,0
11/7/2011,3.11536,3.11536,0,0
11/4/2011,3.14592,3.14592,0,0
11/3/2011,3.18659,3.18659,0,0
11/2/2011,3.14036,3.14036,0,0
11/1/2011,3.128,3.128,0,0
10/31/2011,3.25158,3.25158,0,0
10/28/2011,3.36021,3.36021,0,0
10/27/2011,3.44092,3.44092,0,0
10/26/2011,3.3218,3.3218,0,0
10/25/2011,3.26467,3.26467,0,0
10/24/2011,3.3635,3.3635,0,0
10/21/2011,3.33066,3.33066,0,0
10/20/2011,3.32699,3.32699,0,0
10/19/2011,3.30171,3.30171,0,0
10/18/2011,3.29374,3.29374,0,0
10/17/2011,3.29814,3.29814,0,0
10/14/2011,3.36446,3.36446,0,0
10/13/2011,3.30672,3.30672,0,0
10/12/2011,3.33781,3.33781,0,0
10/11/2011,3.3168,3.3168,0,0
10/7/2011,3.28276,3.28276,0,0
10/6/2011,3.18596,3.18596,0,0
10/5/2011,3.11838,3.11838,0,0
10/4/2011,3.04282,3.04282,0,0
10/3/2011,2.96582,2.96582,0,0
9/30/2011,3.03853,3.03853,0,0
9/29/2011,3.08103,3.08103,0,0
9/28/2011,3.16373,3.16373,0,0
9/27/2011,3.19163,3.19163,0,0
9/26/2011,3.07072,3.07072,0,0
9/23/2011,2.9788,2.9788,0,0
9/22/2011,2.85137,2.85137,0,0
9/21/2011,3.01934,3.01934,0,0
9/20/2011,3.25926,3.25926,0,0
9/19/2011,3.23814,3.23814,0,0
9/16/2011,3.34689,3.34689,0,0
9/15/2011,3.34726,3.34726,0,0
9/14/2011,3.3005,3.3005,0,0
9/13/2011,3.30112,3.30112,0,0
9/12/2011,3.2661,3.2661,0,0
9/9/2011,3.21792,3.21792,0,0
9/8/2011,3.28505,3.28505,0,0
9/7/2011,3.31614,3.31614,0,0
9/6/2011,3.26302,3.26302,0,0
9/2/2011,3.26342,3.26342,0,0
9/1/2011,3.36362,3.36362,0,0
8/31/2011,3.42739,3.42739,0,0
8/30/2011,3.3589,3.3589,0,0
8/29/2011,3.44007,3.44007,0,0
8/26/2011,3.35269,3.35269,0,0
8/25/2011,3.3922,3.3922,0,0
8/24/2011,3.30817,3.30817,0,0
8/23/2011,3.36494,3.36494,0,0
8/22/2011,3.30379,3.30379,0,0
8/19/2011,3.28379,3.28379,0,0
8/18/2011,3.24924,3.24924,0,0
8/17/2011,3.26933,3.26933,0,0
8/16/2011,3.31182,3.31182,0,0
8/15/2011,3.38162,3.38162,0,0
8/12/2011,3.31671,3.31671,0,0
8/11/2011,3.37634,3.37634,0,0
8/10/2011,3.23281,3.23281,0,0
8/9/2011,3.36152,3.36152,0,0
8/8/2011,3.5273,3.5273,0,0
8/5/2011,3.64944,3.64944,0,0
8/4/2011,3.4866,3.4866,0,0
8/3/2011,3.61499,3.61499,0,0
8/2/2011,3.65709,3.65709,0,0
8/1/2011,3.76447,3.76447,0,0
7/29/2011,3.80882,3.80882,0,0
7/28/2011,3.93243,3.93243,0,0
7/27/2011,3.97403,3.97403,0,0
7/26/2011,3.9318,3.9318,0,0
7/25/2011,3.96047,3.96047,0,0
7/22/2011,3.92566,3.92566,0,0
7/21/2011,3.95043,3.95043,0,0
7/20/2011,3.91472,3.91472,0,0
7/19/2011,3.9029,3.9029,0,0
7/18/2011,3.91431,3.91431,0,0
7/15/2011,3.88293,3.88293,0,0
7/14/2011,3.89854,3.89854,0,0
7/13/2011,3.86432,3.86432,0,0
7/12/2011,3.89941,3.89941,0,0
7/11/2011,3.91248,3.91248,0,0
7/8/2011,3.95604,3.95604,0,0
7/7/2011,4.0553,4.0553,0,0
7/6/2011,4.00075,4.00075,0,0
7/5/2011,4.01093,4.01093,0,0
7/1/2011,4.04949,4.04949,0,0
6/30/2011,4.02102,4.02102,0,0
6/29/2011,3.99007,3.99007,0,0
6/28/2011,3.96459,3.96459,0,0
6/27/2011,3.88515,3.88515,0,0
6/24/2011,3.84131,3.84131,0,0
6/23/2011,3.84233,3.84233,0,0
6/22/2011,3.91031,3.91031,0,0
6/21/2011,3.93335,3.93335,0,0
6/20/2011,3.92605,3.92605,0,0
6/17/2011,3.90547,3.90547,0,0
6/16/2011,3.88416,3.88416,0,0
6/15/2011,3.9059,3.9059,0,0
6/14/2011,3.97534,3.97534,0,0
6/13/2011,3.90679,3.90679,0,0
6/10/2011,3.89696,3.89696,0,0
6/9/2011,3.89605,3.89605,0,0
6/8/2011,3.85668,3.85668,0,0
6/7/2011,3.89581,3.89581,0,0
6/6/2011,3.90071,3.90071,0,0
6/3/2011,3.89328,3.89328,0,0
6/2/2011,3.91387,3.91387,0,0
6/1/2011,3.86349,3.86349,0,0
5/31/2011,3.93235,3.93235,0,0
5/27/2011,3.93401,3.93401,0,0
5/26/2011,3.91109,3.91109,0,0
5/25/2011,3.98264,3.98264,0,0
5/24/2011,3.98401,3.98401,0,0
5/23/2011,3.99615,3.99615,0,0
5/20/2011,3.99284,3.99284,0,0
5/19/2011,4.00566,4.00566,0,0
5/18/2011,3.99817,3.99817,0,0
5/17/2011,3.9562,3.9562,0,0
5/16/2011,3.97145,3.97145,0,0
5/13/2011,3.98862,3.98862,0,0
5/12/2011,4.00521,4.00521,0,0
5/11/2011,3.98265,3.98265,0,0
5/10/2011,4.01017,4.01017,0,0
5/9/2011,3.96718,3.96718,0,0
5/6/2011,3.98104,3.98104,0,0
5/5/2011,3.98974,3.98974,0,0
5/4/2011,4.04029,4.04029,0,0
5/3/2011,4.07117,4.07117,0,0
5/2/2011,4.10174,4.10174,0,0
4/29/2011,4.09114,4.09114,0,0
4/28/2011,4.10853,4.10853,0,0
4/27/2011,4.17378,4.17378,0,0
4/26/2011,4.14881,4.14881,0,0
4/25/2011,4.17981,4.17981,0,0
4/21/2011,4.21188,4.21188,0,0
4/20/2011,4.21023,4.21023,0,0
4/19/2011,4.18056,4.18056,0,0
4/18/2011,4.1921,4.1921,0,0
4/15/2011,4.22535,4.22535,0,0
4/14/2011,4.29351,4.29351,0,0
4/13/2011,4.28687,4.28687,0,0
4/12/2011,4.30612,4.30612,0,0
4/11/2011,4.35733,4.35733,0,0
4/8/2011,4.36221,4.36221,0,0
4/7/2011,4.35342,4.35342,0,0
4/6/2011,4.35818,4.35818,0,0
4/5/2011,4.32683,4.32683,0,0
4/4/2011,4.27071,4.27071,0,0
4/1/2011,4.27252,4.27252,0,0
3/31/2011,4.26321,4.26321,0,0
3/30/2011,4.26883,4.26883,0,0
3/29/2011,4.30316,4.30316,0,0
3/28/2011,4.2631,4.2631,0,0
3/25/2011,4.26079,4.26079,0,0
3/24/2011,4.22854,4.22854,0,0
3/23/2011,4.20927,4.20927,0,0
3/22/2011,4.18936,4.18936,0,0
3/21/2011,4.16338,4.16338,0,0
3/18/2011,4.11118,4.11118,0,0
3/17/2011,4.10724,4.10724,0,0
3/16/2011,4.08162,4.08162,0,0
3/15/2011,4.17297,4.17297,0,0
3/14/2011,4.17953,4.17953,0,0
3/11/2011,4.21399,4.21399,0,0
3/10/2011,4.19841,4.19841,0,0
3/9/2011,4.24844,4.24844,0,0
3/8/2011,4.31211,4.31211,0,0
3/7/2011,4.27573,4.27573,0,0
3/4/2011,4.26582,4.26582,0,0
3/3/2011,4.3559,4.3559,0,0
3/2/2011,4.27915,4.27915,0,0
3/1/2011,4.23669,4.23669,0,0
2/28/2011,4.23083,4.23083,0,0
2/25/2011,4.24967,4.24967,0,0
2/24/2011,4.26362,4.26362,0,0
2/23/2011,4.30686,4.30686,0,0
2/22/2011,4.29998,4.29998,0,0
2/18/2011,4.36639,4.36639,0,0
2/17/2011,4.35044,4.35044,0,0
2/16/2011,4.39896,4.39896,0,0
2/15/2011,4.38511,4.38511,0,0
2/14/2011,4.39315,4.39315,0,0
2/11/2011,4.43431,4.43431,0,0
2/10/2011,4.50125,4.50125,0,0
2/9/2011,4.45294,4.45294,0,0
2/8/2011,4.48713,4.48713,0,0
2/7/2011,4.41202,4.41202,0,0
2/4/2011,4.39469,4.39469,0,0
2/3/2011,4.32675,4.32675,0,0
2/2/2011,4.2837,4.2837,0,0
2/1/2011,4.23302,4.23302,0,0
1/31/2011,4.17347,4.17347,0,0
1/28/2011,4.14864,4.14864,0,0
1/27/2011,4.17877,4.17877,0,0
1/26/2011,4.23018,4.23018,0,0
1/25/2011,4.1485,4.1485,0,0
1/24/2011,4.19564,4.19564,0,0
1/21/2011,4.18211,4.18211,0,0
1/20/2011,4.21623,4.21623,0,0
1/19/2011,4.11512,4.11512,0,0
1/18/2011,4.14124,4.14124,0,0
1/14/2011,4.08585,4.08585,0,0
1/13/2011,4.07277,4.07277,0,0
1/12/2011,4.12755,4.12755,0,0
1/11/2011,4.13046,4.13046,0,0
1/10/2011,4.0763,4.0763,0,0
1/7/2011,4.10211,4.10211,0,0
1/6/2011,4.20008,4.20008,0,0
1/5/2011,4.24694,4.24694,0,0
1/4/2011,4.1123,4.1123,0,0
1/3/2011,4.11937,4.11937,0,0
12/31/2010,4.10577,4.10577,0,0
12/30/2010,4.18878,4.18878,0,0
12/29/2010,4.1712,4.1712,0,0
12/28/2010,4.32678,4.32678,0,0
12/27/2010,4.21284,4.21284,0,0
12/23/2010,4.22651,4.22651,0,0
12/22/2010,4.1785,4.1785,0,0
12/21/2010,4.17478,4.17478,0,0
12/20/2010,4.21062,4.21062,0,0
12/17/2010,4.16702,4.16702,0,0
12/16/2010,4.35639,4.35639,0,0
12/15/2010,4.38412,4.38412,0,0
12/14/2010,4.28748,4.28748,0,0
12/13/2010,4.10897,4.10897,0,0
12/10/2010,4.12836,4.12836,0,0
12/9/2010,4.05607,4.05607,0,0
12/8/2010,4.10539,4.10539,0,0
12/7/2010,4.05507,4.05507,0,0
12/6/2010,3.85103,3.85103,0,0
12/3/2010,3.94457,3.94457,0,0
12/2/2010,3.9594,3.9594,0,0
12/1/2010,3.93437,3.93437,0,0
11/30/2010,3.77972,3.77972,0,0
11/29/2010,3.77045,3.77045,0,0
11/26/2010,3.82273,3.82273,0,0
11/24/2010,3.85371,3.85371,0,0
11/23/2010,3.70185,3.70185,0,0
11/22/2010,3.72761,3.72761,0,0
11/19/2010,3.7657,3.7657,0,0
11/18/2010,3.75041,3.75041,0,0
11/17/2010,3.71929,3.71929,0,0
11/16/2010,3.72168,3.72168,0,0
11/15/2010,3.73584,3.73584,0,0
11/12/2010,3.60847,3.60847,0,0
11/10/2010,3.48752,3.48752,0,0
11/9/2010,3.50051,3.50051,0,0
11/8/2010,3.40193,3.40193,0,0
11/5/2010,3.36448,3.36448,0,0
11/4/2010,3.29328,3.29328,0,0
11/3/2010,3.37888,3.37888,0,0
11/2/2010,3.39423,3.39423,0,0
11/1/2010,3.44378,3.44378,0,0
10/29/2010,3.39784,3.39784,0,0
10/28/2010,3.43496,3.43496,0,0
10/27/2010,3.49728,3.49728,0,0
10/26/2010,3.44702,3.44702,0,0
10/25/2010,3.37385,3.37385,0,0
10/22/2010,3.31808,3.31808,0,0
10/21/2010,3.29243,3.29243,0,0
10/20/2010,3.25515,3.25515,0,0
10/19/2010,3.26986,3.26986,0,0
10/18/2010,3.29994,3.29994,0,0
10/15/2010,3.37537,3.37537,0,0
10/14/2010,3.28492,3.28492,0,0
10/13/2010,3.26187,3.26187,0,0
10/12/2010,3.28568,3.28568,0,0
10/8/2010,3.23046,3.23046,0,0
10/7/2010,3.22365,3.22365,0,0
10/6/2010,3.26279,3.26279,0,0
10/5/2010,3.33659,3.33659,0,0
10/4/2010,3.33557,3.33557,0,0
10/1/2010,3.38871,3.38871,0,0
9/30/2010,3.38375,3.38375,0,0
9/29/2010,3.37806,3.37806,0,0
9/28/2010,3.31266,3.31266,0,0
9/27/2010,3.35455,3.35455,0,0
9/24/2010,3.44779,3.44779,0,0
9/23/2010,3.38126,3.38126,0,0
9/22/2010,3.34862,3.34862,0,0
9/21/2010,3.38169,3.38169,0,0
9/20/2010,3.50729,3.50729,0,0
9/17/2010,3.58122,3.58122,0,0
9/16/2010,3.54526,3.54526,0,0
9/15/2010,3.49999,3.49999,0,0
9/14/2010,3.42404,3.42404,0,0
9/13/2010,3.48266,3.48266,0,0
9/10/2010,3.58242,3.58242,0,0
9/9/2010,3.27423,3.27423,0,0
8/5/2010,3.55337,3.55337,-2,0
8/4/2010,3.5817,3.5817,-2,0
8/2/2010,3.5727,3.5727,0,0
7/29/2010,3.55631,3.55631,0,0
7/28/2010,3.57124,3.57124,-2,0
7/27/2010,3.62,3.62,0,0
7/26/2010,3.6203,3.6203,0,0
7/23/2010,3.61862,3.61862,0,0
7/22/2010,3.57445,3.57445,0,0
7/21/2010,3.56787,3.56787,0,0
7/20/2010,3.63593,3.63593,0,0
7/19/2010,3.65741,3.65741,0,0
7/16/2010,3.59773,3.59773,0,0
7/15/2010,3.61225,3.61225,0,0
7/14/2010,3.70043,3.70043,0,0
7/13/2010,3.75306,3.75306,0,0
7/12/2010,3.71395,3.71395,0,0
7/9/2010,3.71575,3.71575,0,0
7/8/2010,3.71168,3.71168,0,0
7/7/2010,3.69837,3.69837,0,0
7/6/2010,3.63513,3.63513,0,0
7/2/2010,3.71696,3.71696,0,0
7/1/2010,3.69379,3.69379,0,0
6/30/2010,3.72459,3.72459,0,0
6/29/2010,3.72533,3.72533,0,0
6/28/2010,3.76157,3.76157,0,0
6/25/2010,3.86458,3.86458,0,0
6/24/2010,3.90814,3.90814,0,0
6/23/2010,3.83092,3.83092,0,0
6/22/2010,3.87492,3.87492,0,0
6/21/2010,3.95504,3.95504,0,0
6/18/2010,3.97044,3.97044,0,0
6/17/2010,3.96819,3.96819,0,0
6/16/2010,4.05488,4.05488,0,0
6/15/2010,4.07554,4.07554,0,0
6/14/2010,4.03885,4.03885,0,0
6/11/2010,4.02205,4.02205,0,0
6/10/2010,4.10653,4.10653,0,0
6/9/2010,3.99425,3.99425,0,0
6/8/2010,3.99958,3.99958,0,0
6/7/2010,4.03222,4.03222,0,0
6/4/2010,4.0385,4.0385,0,0
6/3/2010,4.18758,4.18758,0,0
6/2/2010,4.17668,4.17668,0,0
6/1/2010,4.15107,4.15107,0,0
5/28/2010,4.15474,4.15474,0,0
5/27/2010,4.18162,4.18162,0,0
5/26/2010,4.08488,4.08488,0,0
5/25/2010,4.05822,4.05822,0,0
5/24/2010,4.11355,4.11355,0,0
5/21/2010,4.04344,4.04344,0,0
5/20/2010,4.0603,4.0603,0,0
5/19/2010,4.12777,4.12777,0,0
5/18/2010,4.1366,4.1366,0,0
5/17/2010,4.19016,4.19016,0,0
5/14/2010,4.19185,4.19185,0,0
5/13/2010,4.28249,4.28249,0,0
5/12/2010,4.29267,4.29267,0,0
5/11/2010,4.28638,4.28638,0,0
5/10/2010,4.31165,4.31165,0,0
5/7/2010,4.25838,4.25838,0,0
5/6/2010,4.22256,4.22256,0,0
5/5/2010,4.33516,4.33516,0,0
5/4/2010,4.38044,4.38044,0,0
5/3/2010,4.43302,4.43302,0,0
4/30/2010,4.3907,4.3907,0,0
4/29/2010,4.42317,4.42317,0,0
4/28/2010,4.46529,4.46529,0,0
4/27/2010,4.40982,4.40982,0,0
4/26/2010,4.48697,4.48697,0,0
4/23/2010,4.49658,4.49658,0,0
4/22/2010,4.47368,4.47368,0,0
4/21/2010,4.4287,4.4287,0,0
4/20/2010,4.47168,4.47168,0,0
4/19/2010,4.46477,4.46477,0,0
4/16/2010,4.42115,4.42115,0,0
4/15/2010,4.47895,4.47895,0,0
4/14/2010,4.48641,4.48641,0,0
4/13/2010,4.43649,4.43649,0,0
4/12/2010,4.46068,4.46068,0,0
4/9/2010,4.5415,4.5415,0,0
4/8/2010,4.55471,4.55471,0,0
4/7/2010,4.53391,4.53391,0,0
4/6/2010,4.63966,4.63966,0,0
4/5/2010,4.67493,4.67493,0,0
4/1/2010,4.55501,4.55501,0,0
3/31/2010,4.50331,4.50331,0,0
3/30/2010,4.48989,4.48989,0,0
3/29/2010,4.45928,4.45928,0,0
3/26/2010,4.45679,4.45679,0,0
3/25/2010,4.51081,4.51081,0,0
3/24/2010,4.44807,4.44807,0,0
3/23/2010,4.32888,4.32888,0,0
3/22/2010,4.32647,4.32647,0,0
3/19/2010,4.35592,4.35592,0,0
3/18/2010,4.33242,4.33242,0,0
3/17/2010,4.29599,4.29599,0,0
3/16/2010,4.31666,4.31666,0,0
3/15/2010,4.33894,4.33894,0,0
3/12/2010,4.34343,4.34343,0,0
3/11/2010,4.32585,4.32585,0,0
3/10/2010,4.31726,4.31726,0,0
3/9/2010,4.30864,4.30864,0,0
3/8/2010,4.3426,4.3426,0,0
3/5/2010,4.32644,4.32644,0,0
3/4/2010,4.28354,4.28354,0,0
3/3/2010,4.30757,4.30757,0,0
3/2/2010,4.33437,4.33437,0,0
3/1/2010,4.32837,4.32837,0,0
2/26/2010,4.29075,4.29075,0,0
2/25/2010,4.35418,4.35418,0,0
2/24/2010,4.39585,4.39585,0,0
2/23/2010,4.39144,4.39144,0,0
2/22/2010,4.46245,4.46245,0,0
2/19/2010,4.48631,4.48631,0,0
2/18/2010,4.46816,4.46816,0,0
2/17/2010,4.3914,4.3914,0,0
2/16/2010,4.32327,4.32327,0,0
2/12/2010,4.34606,4.34606,0,0
2/11/2010,4.39879,4.39879,0,0
2/10/2010,4.40636,4.40636,0,0
2/9/2010,4.36532,4.36532,0,0
2/8/2010,4.33204,4.33204,0,0
2/5/2010,4.2766,4.2766,0,0
2/4/2010,4.32385,4.32385,0,0
2/3/2010,4.39478,4.39478,0,0
2/2/2010,4.36193,4.36193,0,0
2/1/2010,4.38304,4.38304,0,0
1/29/2010,4.36203,4.36203,0,0
1/28/2010,4.40354,4.40354,0,0
1/27/2010,4.38713,4.38713,0,0
1/26/2010,4.37082,4.37082,0,0
1/25/2010,4.38081,4.38081,0,0
1/22/2010,4.34531,4.34531,0,0
1/21/2010,4.33517,4.33517,0,0
1/20/2010,4.36779,4.36779,0,0
1/19/2010,4.40197,4.40197,0,0
1/15/2010,4.36967,4.36967,0,0
1/14/2010,4.42659,4.42659,0,0
1/13/2010,4.45415,4.45415,0,0
1/12/2010,4.40876,4.40876,0,0
1/11/2010,4.48888,4.48888,0,0
1/8/2010,4.49953,4.49953,0,0
1/7/2010,4.50504,4.50504,0,0
1/6/2010,4.47574,4.47574,0,0
1/5/2010,4.43666,4.43666,0,0
1/4/2010,4.53253,4.53253,0,0
12/31/2009,4.55925,4.55925,0,0
12/30/2009,4.52277,4.52277,0,0
12/29/2009,4.55623,4.55623,0,0
12/28/2009,4.59678,4.59678,0,0
12/24/2009,4.54667,4.54667,0,0
12/23/2009,4.49594,4.49594,0,0
12/22/2009,4.4854,4.4854,0,0
12/21/2009,4.41004,4.41004,0,0
12/18/2009,4.26291,4.26291,0,0
12/17/2009,4.19822,4.19822,0,0
12/16/2009,4.32492,4.32492,0,0
12/15/2009,4.35407,4.35407,0,0
12/14/2009,4.28317,4.28317,0,0
12/11/2009,4.24709,4.24709,0,0
12/10/2009,4.22515,4.22515,0,0
12/9/2009,4.19167,4.19167,0,0
12/8/2009,4.15043,4.15043,0,0
12/7/2009,4.1946,4.1946,0,0
12/4/2009,4.24431,4.24431,0,0
12/3/2009,4.16943,4.16943,0,0
12/2/2009,4.10651,4.10651,0,0
12/1/2009,4.04365,4.04365,0,0
11/30/2009,3.949,3.949,0,0
11/27/2009,3.95395,3.95395,0,0
11/25/2009,3.99745,3.99745,0,0
11/24/2009,4.00757,4.00757,0,0
11/23/2009,4.08914,4.08914,0,0
11/20/2009,4.11407,4.11407,0,0
11/19/2009,4.14203,4.14203,0,0
11/18/2009,4.13219,4.13219,0,0
11/17/2009,4.08364,4.08364,0,0
11/16/2009,4.02764,4.02764,0,0
11/13/2009,4.12598,4.12598,0,0
11/12/2009,4.20549,4.20549,0,0
11/10/2009,4.25006,4.25006,0,0
11/9/2009,4.27718,4.27718,0,0
11/6/2009,4.29318,4.29318,0,0
11/5/2009,4.34027,4.34027,0,0
11/4/2009,4.39722,4.39722,0,0
11/3/2009,4.37341,4.37341,0,0
11/2/2009,4.34084,4.34084,0,0
10/30/2009,4.28974,4.28974,0,0
10/29/2009,4.35555,4.35555,0,0
10/28/2009,4.29321,4.29321,0,0
10/27/2009,4.3817,4.3817,0,0
10/26/2009,4.45896,4.45896,0,0
10/23/2009,4.38826,4.38826,0,0
10/22/2009,4.34888,4.34888,0,0
10/21/2009,4.35191,4.35191,0,0
10/20/2009,4.3051,4.3051,0,0
10/19/2009,4.34231,4.34231,0,0
10/16/2009,4.35815,4.35815,0,0
10/15/2009,4.40039,4.40039,0,0
10/14/2009,4.32297,4.32297,0,0
10/13/2009,4.21893,4.21893,0,0
10/9/2009,4.25157,4.25157,0,0
10/8/2009,4.12155,4.12155,0,0
10/7/2009,4.09165,4.09165,0,0
10/6/2009,4.14112,4.14112,0,0
10/5/2009,4.13197,4.13197,0,0
10/2/2009,4.10628,4.10628,0,0
10/1/2009,4.10367,4.10367,0,0
9/30/2009,4.22467,4.22467,0,0
9/29/2009,4.20862,4.20862,0,0
9/28/2009,4.21577,4.21577,0,0
9/25/2009,4.26938,4.26938,0,0
9/24/2009,4.30776,4.30776,0,0
9/23/2009,4.3747,4.3747,0,0
9/22/2009,4.3859,4.3859,0,0
9/21/2009,4.41353,4.41353,0,0
9/18/2009,4.38725,4.38725,0,0
9/17/2009,4.31061,4.31061,0,0
9/16/2009,4.3875,4.3875,0,0
9/15/2009,4.39235,4.39235,0,0
9/14/2009,4.35672,4.35672,0,0
9/11/2009,4.28939,4.28939,0,0
9/10/2009,4.28497,4.28497,0,0
9/9/2009,4.39986,4.39986,0,0
9/8/2009,4.41471,4.41471,0,0
9/4/2009,4.42369,4.42369,0,0
9/3/2009,4.36197,4.36197,0,0
9/2/2009,4.31469,4.31469,0,0
9/1/2009,4.4018,4.4018,0,0
8/31/2009,4.42184,4.42184,0,0
8/28/2009,4.48402,4.48402,0,0
8/27/2009,4.48932,4.48932,0,0
8/26/2009,4.4625,4.4625,0,0
8/25/2009,4.46678,4.46678,0,0
8/24/2009,4.48969,4.48969,0,0
8/21/2009,4.52183,4.52183,0,0
8/20/2009,4.44681,4.44681,0,0
8/19/2009,4.47725,4.47725,0,0
8/18/2009,4.50866,4.50866,0,0
8/17/2009,4.46616,4.46616,0,0
8/14/2009,4.49058,4.49058,0,0
8/13/2009,4.52706,4.52706,0,0
8/12/2009,4.63628,4.63628,0,0
8/11/2009,4.6274,4.6274,0,0
8/10/2009,4.69414,4.69414,0,0
8/7/2009,4.80233,4.80233,0,0
8/6/2009,4.70882,4.70882,0,0
8/5/2009,4.6917,4.6917,0,0
8/4/2009,4.57818,4.57818,0,0
8/3/2009,4.52002,4.52002,0,0
7/31/2009,4.39662,4.39662,0,0
7/30/2009,4.54111,4.54111,0,0
7/29/2009,4.54564,4.54564,0,0
7/28/2009,4.58806,4.58806,0,0
7/27/2009,4.63864,4.63864,0,0
7/24/2009,4.60961,4.60961,0,0
7/23/2009,4.67137,4.67137,0,0
7/22/2009,4.49585,4.49585,0,0
7/21/2009,4.44506,4.44506,0,0
7/20/2009,4.56841,4.56841,0,0
7/17/2009,4.63048,4.63048,0,0
7/16/2009,4.57215,4.57215,0,0
7/15/2009,4.64541,4.64541,0,0
7/14/2009,4.47507,4.47507,0,0
7/13/2009,4.40426,4.40426,0,0
7/10/2009,4.33427,4.33427,0,0
7/9/2009,4.43346,4.43346,0,0
7/8/2009,4.32917,4.32917,0,0
7/7/2009,4.47649,4.47649,0,0
7/6/2009,4.51321,4.51321,0,0
7/2/2009,4.51238,4.51238,0,0
7/1/2009,4.55199,4.55199,0,0
6/30/2009,4.58369,4.58369,0,0
6/29/2009,4.53823,4.53823,0,0
6/26/2009,4.52963,4.52963,0,0
6/25/2009,4.55736,4.55736,0,0
6/24/2009,4.72952,4.72952,0,0
6/23/2009,4.71717,4.71717,0,0
6/22/2009,4.70692,4.70692,0,0
6/19/2009,4.79977,4.79977,0,0
6/18/2009,4.86953,4.86953,0,0
6/17/2009,4.55337,4.55337,0,0
6/16/2009,4.65143,4.65143,0,0
6/15/2009,4.71585,4.71585,0,0
6/12/2009,4.84314,4.84314,0,0
6/11/2009,4.9734,4.9734,0,0
6/10/2009,5.05803,5.05803,0,0
6/9/2009,4.96809,4.96809,0,0
6/8/2009,5.02103,5.02103,0,0
6/5/2009,4.91336,4.91336,0,0
6/4/2009,4.72477,4.72477,0,0
6/3/2009,4.53166,4.53166,0,0
6/2/2009,4.60383,4.60383,0,0
6/1/2009,4.65719,4.65719,0,0
5/29/2009,4.3483,4.3483,0,0
5/28/2009,4.69701,4.69701,0,0
5/27/2009,4.54613,4.54613,0,0
5/26/2009,4.1848,4.1848,0,0
5/22/2009,4.12679,4.12679,0,0
5/21/2009,4.0625,4.0625,0,0
5/20/2009,3.96589,3.96589,0,0
5/19/2009,4.00194,4.00194,0,0
5/18/2009,3.99902,3.99902,0,0
5/15/2009,3.94836,3.94836,0,0
5/14/2009,3.93771,3.93771,0,0
5/13/2009,3.93444,3.93444,0,0
5/12/2009,3.98366,3.98366,0,0
5/11/2009,3.99949,3.99949,0,0
5/8/2009,4.12926,4.12926,0,0
5/7/2009,4.08542,4.08542,0,0
5/6/2009,3.96813,3.96813,0,0
5/5/2009,3.98397,3.98397,0,0
5/4/2009,4.03828,4.03828,0,0
5/1/2009,4.08589,4.08589,0,0
4/30/2009,4.0141,4.0141,0,0
4/29/2009,3.9857,3.9857,0,0
4/28/2009,3.90251,3.90251,0,0
4/27/2009,3.83804,3.83804,0,0
4/24/2009,3.99335,3.99335,0,0
4/23/2009,3.99401,3.99401,0,0
4/22/2009,4.02445,4.02445,0,0
4/21/2009,3.99604,3.99604,0,0
4/20/2009,3.99622,3.99622,0,0
4/17/2009,4.03458,4.03458,0,0
4/16/2009,3.97094,3.97094,0,0
4/15/2009,3.93676,3.93676,0,0
4/14/2009,3.95807,3.95807,0,0
4/13/2009,3.98164,3.98164,0,0
4/9/2009,4.01888,4.01888,0,0
4/8/2009,3.93131,3.93131,0,0
4/7/2009,4.0099,4.0099,0,0
4/6/2009,4.06849,4.06849,0,0
4/3/2009,4.07413,4.07413,0,0
4/2/2009,3.98127,3.98127,0,0
4/1/2009,3.90441,3.90441,0,0
3/31/2009,3.8956,3.8956,0,0
3/30/2009,3.88421,3.88421,0,0
3/27/2009,3.91313,3.91313,0,0
3/26/2009,3.93591,3.93591,0,0
3/25/2009,3.96227,3.96227,0,0
3/24/2009,3.93485,3.93485,0,0
3/23/2009,3.92894,3.92894,0,0
3/20/2009,3.89692,3.89692,0,0
3/19/2009,3.83377,3.83377,0,0
3/18/2009,3.87716,3.87716,0,0
3/17/2009,4.20916,4.20916,0,0
3/16/2009,4.20653,4.20653,0,0
3/13/2009,4.17876,4.17876,0,0
3/12/2009,4.17572,4.17572,0,0
3/11/2009,4.22952,4.22952,0,0
3/10/2009,4.2873,4.2873,0,0
3/9/2009,4.26007,4.26007,0,0
3/6/2009,4.21441,4.21441,0,0
3/5/2009,4.22296,4.22296,0,0
3/4/2009,4.38778,4.38778,0,0
3/3/2009,4.35917,4.35917,0,0
3/2/2009,4.39784,4.39784,0,0
2/27/2009,4.45539,4.45539,0,0
2/26/2009,4.4149,4.4149,0,0
2/25/2009,4.40221,4.40221,0,0
2/24/2009,4.28183,4.28183,0,0
2/23/2009,4.2296,4.2296,0,0
2/20/2009,4.19569,4.19569,0,0
2/19/2009,4.24084,4.24084,0,0
2/18/2009,4.11982,4.11982,0,0
2/17/2009,4.09683,4.09683,0,0
2/13/2009,4.24557,4.24557,0,0
2/12/2009,4.05528,4.05528,0,0
2/11/2009,4.0733,4.0733,0,0
2/10/2009,4.16012,4.16012,0,0
2/9/2009,4.34913,4.34913,0,0
2/6/2009,4.36683,4.36683,0,0
2/5/2009,4.31812,4.31812,0,0
2/4/2009,4.34958,4.34958,0,0
2/3/2009,4.28905,4.28905,0,0
2/2/2009,4.15784,4.15784,0,0
1/30/2009,4.29037,4.29037,0,0
1/29/2009,4.29591,4.29591,0,0
1/28/2009,4.00898,4.00898,0,0
1/27/2009,3.91328,3.91328,0,0
1/26/2009,4.02083,4.02083,0,0
1/23/2009,4.00493,4.00493,0,0
1/22/2009,4.05342,4.05342,0,0
1/21/2009,4.08436,4.08436,0,0
1/20/2009,3.92854,3.92854,0,0
1/16/2009,3.91302,3.91302,0,0
1/15/2009,3.80857,3.80857,0,0
1/14/2009,3.75495,3.75495,0,0
1/13/2009,3.75991,3.75991,0,0
1/12/2009,3.79585,3.79585,0,0
1/9/2009,3.81249,3.81249,0,0
1/8/2009,3.72187,3.72187,0,0
1/7/2009,3.60119,3.60119,0,0
1/6/2009,3.60517,3.60517,0,0
1/5/2009,4.06922,4.06922,0,0
1/2/2009,3.63296,3.63296,0,0
12/24/2008,4.00553,4.00553,-2,0
12/23/2008,4.10336,4.10336,-2,0
12/22/2008,4.03628,4.03628,0,0
12/16/2008,3.98071,3.98071,-2,0
12/15/2008,4.1355,4.1355,-2,0
12/12/2008,4.10814,4.10814,0,0
12/11/2008,4.11336,4.11336,0,0
12/10/2008,4.35737,4.35737,0,0
12/9/2008,4.52121,4.52121,0,0
12/8/2008,4.70612,4.70612,0,0
12/5/2008,4.72506,4.72506,0,0
12/4/2008,4.48864,4.48864,0,0
12/3/2008,4.56259,4.56259,0,0
12/2/2008,4.65028,4.65028,0,0
12/1/2008,4.6019,4.6019,0,0
11/28/2008,4.82937,4.82937,0,0
11/26/2008,4.76604,4.76604,0,0
11/25/2008,4.75014,4.75014,0,0
11/24/2008,5.34056,5.34056,0,0
11/21/2008,5.35168,5.35168,0,0
11/20/2008,5.40782,5.40782,0,0
11/19/2008,5.45948,5.45948,0,0
11/18/2008,5.4702,5.4702,0,0
11/17/2008,5.54453,5.54453,0,0
11/14/2008,5.49487,5.49487,0,0
11/13/2008,5.55392,5.55392,0,0
11/12/2008,5.42963,5.42963,0,0
11/10/2008,5.57721,5.57721,0,0
11/7/2008,5.48216,5.48216,0,0
11/6/2008,5.48354,5.48354,0,0
11/5/2008,5.44883,5.44883,0,0
11/4/2008,5.59651,5.59651,0,0
11/3/2008,5.94965,5.94965,0,0
10/31/2008,5.98811,5.98811,0,0
10/30/2008,6.024,6.024,0,0
10/29/2008,6.01414,6.01414,0,0
10/28/2008,6.04844,6.04844,0,0
10/27/2008,5.91991,5.91991,0,0
10/24/2008,5.67504,5.67504,0,0
10/23/2008,5.41055,5.41055,0,0
10/22/2008,5.37637,5.37637,0,0
10/21/2008,5.3554,5.3554,0,0
10/20/2008,5.50881,5.50881,0,0
10/17/2008,5.82867,5.82867,0,0
10/16/2008,5.84358,5.84358,0,0
10/15/2008,5.90519,5.90519,0,0
10/14/2008,6.01234,6.01234,0,0
10/10/2008,5.84477,5.84477,0,0
10/9/2008,5.66674,5.66674,0,0
10/8/2008,5.45232,5.45232,0,0
10/7/2008,5.26288,5.26288,0,0
10/6/2008,5.21162,5.21162,0,0
10/3/2008,5.4475,5.4475,0,0
10/2/2008,5.45694,5.45694,0,0
10/1/2008,5.49707,5.49707,0,0
9/30/2008,5.5156,5.5156,0,0
9/29/2008,5.36504,5.36504,0,0
9/26/2008,5.45085,5.45085,0,0
9/25/2008,5.4753,5.4753,0,0
9/24/2008,5.46486,5.46486,0,0
9/23/2008,5.46543,5.46543,0,0
9/22/2008,5.43345,5.43345,0,0
9/19/2008,5.29412,5.29412,0,0
9/18/2008,5.24059,5.24059,0,0
9/17/2008,5.21897,5.21897,0,0
9/16/2008,5.19951,5.19951,0,0
9/15/2008,5.01762,5.01762,0,0
9/12/2008,5.3042,5.3042,0,0
9/11/2008,5.20018,5.20018,0,0
9/10/2008,5.20774,5.20774,0,0
9/9/2008,5.14552,5.14552,0,0
9/8/2008,5.11343,5.11343,0,0
9/5/2008,5.64419,5.64419,0,0
9/4/2008,5.60593,5.60593,0,0
9/3/2008,5.70324,5.70324,0,0
9/2/2008,5.76158,5.76158,0,0
8/29/2008,5.79853,5.79853,0,0
8/28/2008,5.76723,5.76723,0,0
8/27/2008,5.8015,5.8015,0,0
8/26/2008,5.83232,5.83232,0,0
8/25/2008,5.87194,5.87194,0,0
8/22/2008,5.93749,5.93749,0,0
8/21/2008,5.9001,5.9001,0,0
8/20/2008,5.80583,5.80583,0,0
8/19/2008,5.95402,5.95402,0,0
8/18/2008,5.95599,5.95599,0,0
8/15/2008,5.96405,5.96405,0,0
8/14/2008,6.03352,6.03352,0,0
8/13/2008,6.05706,6.05706,0,0
8/12/2008,6.02876,6.02876,0,0
8/11/2008,6.08798,6.08798,0,0
8/8/2008,6.00624,6.00624,0,0
8/7/2008,6.05188,6.05188,0,0
8/6/2008,6.12899,6.12899,0,0
8/5/2008,6.04893,6.04893,0,0
8/4/2008,6.01006,6.01006,0,0
8/1/2008,5.94304,5.94304,0,0
7/31/2008,5.9366,5.9366,0,0
7/30/2008,5.98257,5.98257,0,0
7/29/2008,6.02543,6.02543,0,0
7/28/2008,5.97205,5.97205,0,0
7/25/2008,6.09366,6.09366,0,0
7/24/2008,5.96688,5.96688,0,0
7/23/2008,6.12548,6.12548,0,0
7/22/2008,6.15327,6.15327,0,0
7/21/2008,6.11861,6.11861,0,0
7/18/2008,6.13689,6.13689,0,0
7/17/2008,6.03498,6.03498,0,0
7/16/2008,5.84484,5.84484,0,0
7/15/2008,5.69922,5.69922,0,0
7/14/2008,5.7262,5.7262,0,0
7/11/2008,5.78406,5.78406,0,0
7/10/2008,5.7032,5.7032,0,0
7/9/2008,5.71617,5.71617,0,0
7/8/2008,5.81904,5.81904,0,0
7/7/2008,5.951,5.951,0,0
7/3/2008,5.94638,5.94638,0,0
7/2/2008,5.90336,5.90336,0,0
7/1/2008,5.87926,5.87926,0,0
6/30/2008,5.82023,5.82023,0,0
6/27/2008,5.84366,5.84366,0,0
6/26/2008,5.90352,5.90352,0,0
6/25/2008,5.95788,5.95788,0,0
6/24/2008,5.9575,5.9575,0,0
6/23/2008,5.98819,5.98819,0,0
6/20/2008,5.92151,5.92151,0,0
6/19/2008,5.94374,5.94374,0,0
6/18/2008,5.90615,5.90615,0,0
6/17/2008,6.00955,6.00955,0,0
6/16/2008,6.08137,6.08137,0,0
6/13/2008,6.05793,6.05793,0,0
6/12/2008,6.01778,6.01778,0,0
6/11/2008,5.88874,5.88874,0,0
6/10/2008,5.96254,5.96254,0,0
6/9/2008,5.81817,5.81817,0,0
6/6/2008,5.72572,5.72572,0,0
6/5/2008,5.76712,5.76712,0,0
6/4/2008,5.66156,5.66156,0,0
6/3/2008,5.55953,5.55953,0,0
6/2/2008,5.60869,5.60869,0,0
5/30/2008,5.67041,5.67041,0,0
5/29/2008,5.71441,5.71441,0,0
5/28/2008,5.635,5.635,0,0
5/27/2008,5.51062,5.51062,0,0
5/23/2008,5.40601,5.40601,0,0
5/22/2008,5.4751,5.4751,0,0
5/21/2008,5.35903,5.35903,0,0
5/20/2008,5.30407,5.30407,0,0
5/19/2008,5.35742,5.35742,0,0
5/16/2008,5.39561,5.39561,0,0
5/15/2008,5.40203,5.40203,0,0
5/14/2008,5.55211,5.55211,0,0
5/13/2008,5.54224,5.54224,0,0
5/12/2008,5.40558,5.40558,0,0
5/9/2008,5.35232,5.35232,0,0
5/8/2008,5.32256,5.32256,0,0
5/7/2008,5.39367,5.39367,0,0
5/6/2008,5.43589,5.43589,0,0
5/5/2008,5.4155,5.4155,0,0
5/2/2008,5.38863,5.38863,0,0
5/1/2008,5.34362,5.34362,0,0
4/30/2008,5.40219,5.40219,0,0
4/29/2008,5.47144,5.47144,0,0
4/28/2008,5.49081,5.49081,0,0
4/25/2008,5.5306,5.5306,0,0
4/24/2008,5.51979,5.51979,0,0
4/23/2008,5.4325,5.4325,0,0
4/22/2008,5.38548,5.38548,0,0
4/21/2008,5.42507,5.42507,0,0
4/18/2008,5.48385,5.48385,0,0
4/17/2008,5.57791,5.57791,0,0
4/16/2008,5.54358,5.54358,0,0
4/15/2008,5.38224,5.38224,0,0
4/14/2008,5.2727,5.2727,0,0
4/11/2008,5.2083,5.2083,0,0
4/10/2008,5.2699,5.2699,0,0
4/9/2008,5.19316,5.19316,0,0
4/8/2008,5.28216,5.28216,0,0
4/7/2008,5.23363,5.23363,0,0
4/4/2008,5.16736,5.16736,0,0
4/3/2008,5.37571,5.37571,0,0
4/2/2008,5.43194,5.43194,0,0
4/1/2008,5.36824,5.36824,0,0
3/31/2008,5.26202,5.26202,0,0
3/28/2008,5.28215,5.28215,0,0
3/27/2008,5.39164,5.39164,0,0
3/26/2008,5.29599,5.29599,0,0
3/25/2008,5.30409,5.30409,0,0
3/24/2008,5.3473,5.3473,0,0
3/20/2008,5.06543,5.06543,0,0
3/19/2008,5.1225,5.1225,0,0
3/18/2008,5.26363,5.26363,0,0
3/17/2008,5.08274,5.08274,0,0
3/14/2008,5.47714,5.47714,0,0
3/13/2008,5.5453,5.5453,0,0
3/12/2008,5.50334,5.50334,0,0
3/11/2008,5.77938,5.77938,0,0
3/10/2008,5.76087,5.76087,0,0
3/7/2008,5.79413,5.79413,0,0
3/6/2008,5.94293,5.94293,0,0
3/5/2008,5.81134,5.81134,0,0
3/4/2008,5.63182,5.63182,0,0
3/3/2008,5.43774,5.43774,0,0
2/29/2008,5.35969,5.35969,0,0
2/28/2008,5.4989,5.4989,0,0
2/27/2008,5.69071,5.69071,0,0
2/26/2008,5.78509,5.78509,0,0
2/25/2008,5.86195,5.86195,0,0
2/22/2008,5.71944,5.71944,0,0
2/21/2008,5.5927,5.5927,0,0
2/20/2008,5.76701,5.76701,0,0
2/19/2008,5.73451,5.73451,0,0
2/15/2008,5.50329,5.50329,0,0
2/14/2008,5.51998,5.51998,0,0
2/13/2008,5.32945,5.32945,0,0
2/12/2008,5.25661,5.25661,0,0
2/11/2008,5.19384,5.19384,0,0
2/8/2008,5.20211,5.20211,0,0
2/7/2008,5.26285,5.26285,0,0
2/6/2008,5.11977,5.11977,0,0
2/5/2008,5.04078,5.04078,0,0
2/4/2008,5.14855,5.14855,0,0
2/1/2008,5.07129,5.07129,0,0
1/31/2008,5.12147,5.12147,0,0
1/30/2008,5.18726,5.18726,0,0
1/29/2008,5.11346,5.11346,0,0
1/28/2008,5.03004,5.03004,0,0
1/25/2008,5.08433,5.08433,0,0
1/24/2008,5.20552,5.20552,0,0
1/23/2008,4.86534,4.86534,0,0
1/22/2008,4.82456,4.82456,0,0
1/18/2008,5.07507,5.07507,0,0
1/17/2008,5.04624,5.04624,0,0
1/16/2008,5.12728,5.12728,0,0
1/15/2008,5.04364,5.04364,0,0
1/14/2008,5.13481,5.13481,0,0
1/11/2008,5.17318,5.17318,0,0
1/10/2008,5.28583,5.28583,0,0
1/9/2008,5.2107,5.2107,0,0
1/8/2008,5.25517,5.25517,0,0
1/7/2008,5.23878,5.23878,0,0
1/4/2008,5.28617,5.28617,0,0
1/3/2008,5.3789,5.3789,0,0
1/2/2008,5.39414,5.39414,0,0
12/31/2007,5.5067,5.5067,0,0
12/28/2007,5.59539,5.59539,0,0
12/27/2007,5.73511,5.73511,0,0
12/26/2007,5.79908,5.79908,0,0
12/24/2007,5.74257,5.74257,0,0
12/21/2007,5.68464,5.68464,0,0
12/20/2007,5.52723,5.52723,0,0
12/19/2007,5.53357,5.53357,0,0
12/18/2007,5.61771,5.61771,0,0
12/17/2007,5.73971,5.73971,0,0
12/14/2007,5.75288,5.75288,0,0
12/13/2007,5.66802,5.66802,0,0
12/12/2007,5.59488,5.59488,0,0
12/11/2007,5.54528,5.54528,0,0
12/10/2007,5.7185,5.7185,0,0
12/7/2007,5.68009,5.68009,0,0
12/6/2007,5.49202,5.49202,0,0
12/5/2007,5.40073,5.40073,0,0
12/4/2007,5.39349,5.39349,0,0
12/3/2007,5.39401,5.39401,0,0
11/30/2007,5.43923,5.43923,0,0
11/29/2007,5.48448,5.48448,0,0
11/28/2007,5.58194,5.58194,0,0
11/27/2007,5.62014,5.62014,0,0
11/26/2007,5.47701,5.47701,0,0
11/23/2007,5.66973,5.66973,0,0
11/21/2007,5.72955,5.72955,0,0
11/20/2007,5.80547,5.80547,0,0
11/19/2007,5.74195,5.74195,0,0
11/16/2007,5.77368,5.77368,0,0
11/15/2007,5.74313,5.74313,0,0
11/14/2007,5.81237,5.81237,0,0
11/13/2007,5.83079,5.83079,0,0
11/9/2007,5.81494,5.81494,0,0
11/8/2007,5.85192,5.85192,0,0
11/7/2007,5.87137,5.87137,0,0
11/6/2007,5.86598,5.86598,0,0
11/5/2007,5.81429,5.81429,0,0
11/2/2007,5.72404,5.72404,0,0
11/1/2007,5.76173,5.76173,0,0
10/31/2007,5.82636,5.82636,0,0
10/30/2007,5.74383,5.74383,0,0
10/29/2007,5.74053,5.74053,0,0
10/26/2007,5.7513,5.7513,0,0
10/25/2007,5.69814,5.69814,0,0
10/24/2007,5.68865,5.68865,0,0
10/23/2007,5.77363,5.77363,0,0
10/22/2007,5.79053,5.79053,0,0
10/19/2007,5.78826,5.78826,0,0
10/18/2007,5.85501,5.85501,0,0
10/17/2007,5.90414,5.90414,0,0
10/16/2007,5.9741,5.9741,0,0
10/15/2007,5.98213,5.98213,0,0
10/12/2007,5.98161,5.98161,0,0
10/11/2007,5.9681,5.9681,0,0
10/10/2007,5.98497,5.98497,0,0
10/9/2007,5.98408,5.98408,0,0
10/5/2007,5.98487,5.98487,0,0
10/4/2007,5.88909,5.88909,0,0
10/3/2007,5.90551,5.90551,0,0
10/2/2007,5.91811,5.91811,0,0
10/1/2007,5.93729,5.93729,0,0
9/28/2007,5.95066,5.95066,0,0
9/27/2007,5.92373,5.92373,0,0
9/26/2007,5.98048,5.98048,0,0
9/25/2007,5.97037,5.97037,0,0
9/24/2007,5.97496,5.97496,0,0
9/21/2007,5.95164,5.95164,0,0
9/20/2007,5.96554,5.96554,0,0
9/19/2007,5.795,5.795,0,0
9/18/2007,5.79823,5.79823,0,0
9/17/2007,5.894,5.894,0,0
9/14/2007,5.89106,5.89106,0,0
9/13/2007,5.9126,5.9126,0,0
9/12/2007,5.87022,5.87022,0,0
9/11/2007,5.80365,5.80365,0,0
9/10/2007,5.73113,5.73113,0,0
9/7/2007,5.76133,5.76133,0,0
9/6/2007,5.9335,5.9335,0,0
9/5/2007,5.92707,5.92707,0,0
9/4/2007,6.01567,6.01567,0,0
8/31/2007,5.99344,5.99344,0,0
8/30/2007,5.97114,5.97114,0,0
8/29/2007,5.97927,5.97927,0,0
8/28/2007,5.9438,5.9438,0,0
8/27/2007,5.97041,5.97041,0,0
8/24/2007,5.98703,5.98703,0,0
8/23/2007,6.02021,6.02021,0,0
8/22/2007,6.02985,6.02985,0,0
8/21/2007,6.01298,6.01298,0,0
8/20/2007,6.07633,6.07633,0,0
8/17/2007,6.11128,6.11128,0,0
8/16/2007,6.14169,6.14169,0,0
8/15/2007,6.20664,6.20664,0,0
8/14/2007,6.1677,6.1677,0,0
8/13/2007,6.16927,6.16927,0,0
8/10/2007,6.15063,6.15063,0,0
8/9/2007,6.12613,6.12613,0,0
8/8/2007,6.16603,6.16603,0,0
8/7/2007,6.10728,6.10728,0,0
8/6/2007,6.12133,6.12133,0,0
8/3/2007,6.10397,6.10397,0,0
8/2/2007,6.17056,6.17056,0,0
8/1/2007,6.20234,6.20234,0,0
7/31/2007,6.22355,6.22355,0,0
7/30/2007,6.24717,6.24717,0,0
7/27/2007,6.21896,6.21896,0,0
7/26/2007,6.2137,6.2137,0,0
7/25/2007,6.27441,6.27441,0,0
7/24/2007,6.28258,6.28258,0,0
7/23/2007,6.28112,6.28112,0,0
7/20/2007,6.265,6.265,0,0
7/19/2007,6.30406,6.30406,0,0
7/18/2007,6.28572,6.28572,0,0
7/17/2007,6.33529,6.33529,0,0
7/16/2007,6.30073,6.30073,0,0
7/13/2007,6.33145,6.33145,0,0
7/12/2007,6.33541,6.33541,0,0
7/11/2007,6.3107,6.3107,0,0
7/10/2007,6.28291,6.28291,0,0
7/9/2007,6.35041,6.35041,0,0
7/6/2007,6.3727,6.3727,0,0
7/5/2007,6.3398,6.3398,0,0
7/3/2007,6.25963,6.25963,0,0
7/2/2007,6.22665,6.22665,0,0
6/29/2007,6.25387,6.25387,0,0
6/28/2007,6.2982,6.2982,0,0
6/27/2007,6.26639,6.26639,0,0
6/26/2007,6.28234,6.28234,0,0
6/25/2007,6.2647,6.2647,0,0
6/22/2007,6.30384,6.30384,0,0
6/21/2007,6.32487,6.32487,0,0
6/20/2007,6.28873,6.28873,0,0
6/19/2007,6.22539,6.22539,0,0
6/18/2007,6.27743,6.27743,0,0
6/15/2007,6.29718,6.29718,0,0
6/14/2007,6.35536,6.35536,0,0
6/13/2007,6.36267,6.36267,0,0
6/12/2007,6.38983,6.38983,0,0
6/11/2007,6.28557,6.28557,0,0
6/8/2007,6.28132,6.28132,0,0
6/7/2007,6.26442,6.26442,0,0
6/6/2007,6.12429,6.12429,0,0
6/5/2007,6.11896,6.11896,0,0
6/4/2007,6.06,6.06,0,0
6/1/2007,6.07372,6.07372,0,0
5/31/2007,6.00727,6.00727,0,0
5/30/2007,5.99207,5.99207,0,0
5/29/2007,5.99219,5.99219,0,0
5/25/2007,5.96443,5.96443,0,0
5/24/2007,5.98156,5.98156,0,0
5/23/2007,5.97429,5.97429,0,0
5/22/2007,5.94901,5.94901,0,0
5/21/2007,5.91467,5.91467,0,0
5/18/2007,5.92507,5.92507,0,0
5/17/2007,5.8856,5.8856,0,0
5/16/2007,5.84391,5.84391,0,0
5/15/2007,5.84727,5.84727,0,0
5/14/2007,5.83042,5.83042,0,0
5/11/2007,5.80676,5.80676,0,0
5/10/2007,5.78653,5.78653,0,0
5/9/2007,5.79797,5.79797,0,0
5/8/2007,5.76477,5.76477,0,0
5/7/2007,5.76324,5.76324,0,0
5/4/2007,5.77033,5.77033,0,0
5/3/2007,5.80799,5.80799,0,0
5/2/2007,5.77791,5.77791,0,0
5/1/2007,5.78013,5.78013,0,0
4/30/2007,5.769,5.769,0,0
4/27/2007,5.82011,5.82011,0,0
4/26/2007,5.80346,5.80346,0,0
4/25/2007,5.76223,5.76223,0,0
4/24/2007,5.73675,5.73675,0,0
4/23/2007,5.76361,5.76361,0,0
4/20/2007,5.77947,5.77947,0,0
4/19/2007,5.767,5.767,0,0
4/18/2007,5.76155,5.76155,0,0
4/17/2007,5.79239,5.79239,0,0
4/16/2007,5.83698,5.83698,0,0
4/13/2007,5.85428,5.85428,0,0
4/12/2007,5.83404,5.83404,0,0
4/11/2007,5.82867,5.82867,0,0
4/10/2007,5.816,5.816,0,0
4/9/2007,5.83389,5.83389,0,0
4/5/2007,5.76985,5.76985,0,0
4/4/2007,5.75562,5.75562,0,0
4/3/2007,5.76023,5.76023,0,0
4/2/2007,5.75504,5.75504,0,0
3/30/2007,5.76151,5.76151,0,0
3/29/2007,5.74611,5.74611,0,0
3/28/2007,5.73479,5.73479,0,0
3/27/2007,5.72023,5.72023,0,0
3/26/2007,5.69346,5.69346,0,0
3/23/2007,5.70792,5.70792,0,0
3/22/2007,5.67216,5.67216,0,0
3/21/2007,5.61128,5.61128,0,0
3/20/2007,5.65758,5.65758,0,0
3/19/2007,5.68532,5.68532,0,0
3/16/2007,5.67116,5.67116,0,0
3/15/2007,5.66107,5.66107,0,0
3/14/2007,5.64978,5.64978,0,0
3/13/2007,5.62499,5.62499,0,0
3/12/2007,5.6818,5.6818,0,0
3/9/2007,5.70828,5.70828,0,0
3/8/2007,5.63625,5.63625,0,0
3/7/2007,5.64065,5.64065,0,0
3/6/2007,5.68031,5.68031,0,0
3/5/2007,5.69602,5.69602,0,0
3/2/2007,5.6857,5.6857,0,0
3/1/2007,5.70088,5.70088,0,0
2/28/2007,5.69793,5.69793,0,0
2/27/2007,5.666,5.666,0,0
2/26/2007,5.73856,5.73856,0,0
2/23/2007,5.76857,5.76857,0,0
2/22/2007,5.79825,5.79825,0,0
2/21/2007,5.76648,5.76648,0,0
2/20/2007,5.75967,5.75967,0,0
2/16/2007,5.76704,5.76704,0,0
2/15/2007,5.76575,5.76575,0,0
2/14/2007,5.78171,5.78171,0,0
2/13/2007,5.874,5.874,0,0
2/12/2007,5.8661,5.8661,0,0
2/9/2007,5.83455,5.83455,0,0
2/8/2007,5.77907,5.77907,0,0
2/7/2007,5.7765,5.7765,0,0
2/6/2007,5.78845,5.78845,0,0
2/5/2007,5.8258,5.8258,0,0
2/2/2007,5.86395,5.86395,0,0
2/1/2007,5.89772,5.89772,0,0
1/31/2007,5.89771,5.89771,0,0
1/30/2007,5.95304,5.95304,0,0
1/29/2007,5.96445,5.96445,0,0
1/26/2007,5.94379,5.94379,0,0
1/25/2007,5.93337,5.93337,0,0
1/24/2007,5.86891,5.86891,0,0
1/23/2007,5.85716,5.85716,0,0
1/22/2007,5.81193,5.81193,0,0
1/19/2007,5.82398,5.82398,0,0
1/18/2007,5.80081,5.80081,0,0
1/17/2007,5.82895,5.82895,0,0
1/16/2007,5.79288,5.79288,0,0
1/12/2007,5.79949,5.79949,0,0
1/11/2007,5.78313,5.78313,0,0
1/10/2007,5.73098,5.73098,0,0
1/9/2007,5.69234,5.69234,0,0
1/8/2007,5.68939,5.68939,0,0
1/5/2007,5.6641,5.6641,0,0
1/4/2007,5.64398,5.64398,0,0
1/3/2007,5.70619,5.70619,0,0
1/2/2007,5.75132,5.75132,0,0
12/29/2006,5.78466,5.78466,0,0
12/28/2006,5.77848,5.77848,0,0
12/27/2006,5.74329,5.74329,0,0
12/26/2006,5.6947,5.6947,0,0
12/22/2006,5.70687,5.70687,0,0
12/21/2006,5.63329,5.63329,0,0
12/20/2006,5.69257,5.69257,0,0
12/19/2006,5.70048,5.70048,0,0
12/18/2006,5.69459,5.69459,0,0
12/15/2006,5.68714,5.68714,0,0
12/14/2006,5.68114,5.68114,0,0
12/13/2006,5.65971,5.65971,0,0
12/12/2006,5.57128,5.57128,0,0
12/11/2006,5.63028,5.63028,0,0
12/8/2006,5.66464,5.66464,0,0
12/7/2006,5.59388,5.59388,0,0
12/6/2006,5.56671,5.56671,0,0
12/5/2006,5.50829,5.50829,0,0
12/4/2006,5.50335,5.50335,0,0
12/1/2006,5.51164,5.51164,0,0
11/30/2006,5.57153,5.57153,0,0
11/29/2006,5.65536,5.65536,0,0
11/28/2006,5.65634,5.65634,0,0
11/27/2006,5.68837,5.68837,0,0
11/24/2006,5.70001,5.70001,0,0
11/22/2006,5.70866,5.70866,0,0
11/21/2006,5.71028,5.71028,0,0
11/20/2006,5.71107,5.71107,0,0
11/17/2006,5.72502,5.72502,0,0
11/16/2006,5.79681,5.79681,0,0
11/15/2006,5.77565,5.77565,0,0
11/14/2006,5.74146,5.74146,0,0
11/13/2006,5.77515,5.77515,0,0
11/10/2006,5.74642,5.74642,0,0
11/9/2006,5.78174,5.78174,0,0
11/8/2006,5.79337,5.79337,0,0
11/7/2006,5.82192,5.82192,0,0
11/6/2006,5.87026,5.87026,0,0
11/3/2006,5.88299,5.88299,0,0
11/2/2006,5.78378,5.78378,0,0
11/1/2006,5.75928,5.75928,0,0
10/31/2006,5.80171,5.80171,0,0
10/30/2006,5.8671,5.8671,0,0
10/27/2006,5.86557,5.86557,0,0
10/26/2006,5.89961,5.89961,0,0
10/25/2006,5.95115,5.95115,0,0
10/24/2006,5.9672,5.9672,0,0
10/23/2006,5.96406,5.96406,0,0
10/20/2006,5.95696,5.95696,0,0
10/19/2006,5.96276,5.96276,0,0
10/18/2006,5.93335,5.93335,0,0
10/17/2006,5.94472,5.94472,0,0
10/16/2006,5.95948,5.95948,0,0
10/13/2006,5.98671,5.98671,0,0
10/12/2006,5.97705,5.97705,0,0
10/11/2006,5.96583,5.96583,0,0
10/10/2006,5.95749,5.95749,0,0
10/6/2006,5.90327,5.90327,0,0
10/5/2006,5.81752,5.81752,0,0
10/4/2006,5.77873,5.77873,0,0
10/3/2006,5.83864,5.83864,0,0
10/2/2006,5.84966,5.84966,0,0
9/29/2006,5.86441,5.86441,0,0
9/28/2006,5.84481,5.84481,0,0
9/27/2006,5.82374,5.82374,0,0
9/26/2006,5.81463,5.81463,0,0
9/25/2006,5.78502,5.78502,0,0
9/22/2006,5.82063,5.82063,0,0
9/21/2006,5.85597,5.85597,0,0
9/20/2006,5.93042,5.93042,0,0
9/19/2006,5.93924,5.93924,0,0
9/18/2006,5.97548,5.97548,0,0
9/15/2006,5.95972,5.95972,0,0
9/14/2006,5.97232,5.97232,0,0
9/13/2006,5.94056,5.94056,0,0
9/12/2006,5.94017,5.94017,0,0
9/11/2006,5.95898,5.95898,0,0
9/8/2006,5.93338,5.93338,0,0
9/7/2006,5.95526,5.95526,0,0
9/6/2006,5.96864,5.96864,0,0
9/5/2006,5.96084,5.96084,0,0
9/1/2006,5.92844,5.92844,0,0
8/31/2006,5.94217,5.94217,0,0
8/30/2006,5.97019,5.97019,0,0
8/29/2006,5.95256,5.95256,0,0
8/28/2006,5.96424,5.96424,0,0
8/25/2006,5.98067,5.98067,0,0
8/24/2006,5.96254,5.96254,0,0
8/23/2006,5.96807,5.96807,0,0
8/22/2006,5.96177,5.96177,0,0
8/21/2006,5.97864,5.97864,0,0
8/18/2006,5.95802,5.95802,0,0
8/17/2006,5.98775,5.98775,0,0
8/16/2006,5.96852,5.96852,0,0
8/15/2006,6.05662,6.05662,0,0
8/14/2006,6.15487,6.15487,0,0
8/11/2006,6.1083,6.1083,0,0
8/10/2006,6.06588,6.06588,0,0
8/9/2006,6.06042,6.06042,0,0
8/8/2006,6.06446,6.06446,0,0
8/7/2006,6.09028,6.09028,0,0
8/4/2006,6.052,6.052,0,0
8/3/2006,6.14072,6.14072,0,0
8/2/2006,6.1257,6.1257,0,0
8/1/2006,6.14776,6.14776,0,0
7/31/2006,6.157,6.157,0,0
7/28/2006,6.16396,6.16396,0,0
7/27/2006,6.23661,6.23661,0,0
7/26/2006,6.24659,6.24659,0,0
7/25/2006,6.28745,6.28745,0,0
7/24/2006,6.26827,6.26827,0,0
7/21/2006,6.26926,6.26926,0,0
7/20/2006,6.26198,6.26198,0,0
7/19/2006,6.30891,6.30891,0,0
7/18/2006,6.38524,6.38524,0,0
7/17/2006,6.33844,6.33844,0,0
7/14/2006,6.33093,6.33093,0,0
7/13/2006,6.33821,6.33821,0,0
7/12/2006,6.35306,6.35306,0,0
7/11/2006,6.35726,6.35726,0,0
7/10/2006,6.37626,6.37626,0,0
7/7/2006,6.37728,6.37728,0,0
7/6/2006,6.42768,6.42768,0,0
7/5/2006,6.46164,6.46164,0,0
7/3/2006,6.3934,6.3934,0,0
6/30/2006,6.37105,6.37105,0,0
6/29/2006,6.41651,6.41651,0,0
6/28/2006,6.46466,6.46466,0,0
6/27/2006,6.44877,6.44877,0,0
6/26/2006,6.48238,6.48238,0,0
6/23/2006,6.45996,6.45996,0,0
6/22/2006,6.41959,6.41959,0,0
6/21/2006,6.37557,6.37557,0,0
6/20/2006,6.36772,6.36772,0,0
6/19/2006,6.34836,6.34836,0,0
6/16/2006,6.33511,6.33511,0,0
6/15/2006,6.31432,6.31432,0,0
6/14/2006,6.27295,6.27295,0,0
6/13/2006,6.18622,6.18622,0,0
6/12/2006,6.20035,6.20035,0,0
6/9/2006,6.17939,6.17939,0,0
6/8/2006,6.18785,6.18785,0,0
6/7/2006,6.21197,6.21197,0,0
6/6/2006,6.18614,6.18614,0,0
6/5/2006,6.19509,6.19509,0,0
6/2/2006,6.16329,6.16329,0,0
6/1/2006,6.28186,6.28186,0,0
5/31/2006,6.28572,6.28572,0,0
5/30/2006,6.25047,6.25047,0,0
5/26/2006,6.21195,6.21195,0,0
5/25/2006,6.23265,6.23265,0,0
5/24/2006,6.21225,6.21225,0,0
5/23/2006,6.22234,6.22234,0,0
5/22/2006,6.20311,6.20311,0,0
5/19/2006,6.19903,6.19903,0,0
5/18/2006,6.18733,6.18733,0,0
5/17/2006,6.24194,6.24194,0,0
5/16/2006,6.19369,6.19369,0,0
5/15/2006,6.24133,6.24133,0,0
5/12/2006,6.26368,6.26368,0,0
5/11/2006,6.22021,6.22021,0,0
5/10/2006,6.19707,6.19707,0,0
5/9/2006,6.18872,6.18872,0,0
5/8/2006,6.18394,6.18394,0,0
5/5/2006,6.1718,6.1718,0,0
5/4/2006,6.21857,6.21857,0,0
5/3/2006,6.21175,6.21175,0,0
5/2/2006,6.17078,6.17078,0,0
5/1/2006,6.16765,6.16765,0,0
4/28/2006,6.10033,6.10033,0,0
4/27/2006,6.13335,6.13335,0,0
4/26/2006,6.17592,6.17592,0,0
4/25/2006,6.14044,6.14044,0,0
4/24/2006,6.06864,6.06864,0,0
4/21/2006,6.08935,6.08935,0,0
4/20/2006,6.11105,6.11105,0,0
4/19/2006,6.09526,6.09526,0,0
4/18/2006,6.06145,6.06145,0,0
4/17/2006,6.11546,6.11546,0,0
4/13/2006,6.14222,6.14222,0,0
4/12/2006,6.09232,6.09232,0,0
4/11/2006,6.06233,6.06233,0,0
4/10/2006,6.09392,6.09392,0,0
4/7/2006,6.08549,6.08549,0,0
4/6/2006,6.01797,6.01797,0,0
4/5/2006,5.99685,5.99685,0,0
4/4/2006,6.02555,6.02555,0,0
4/3/2006,6.03045,6.03045,0,0
3/31/2006,6.00641,6.00641,0,0
3/30/2006,6.00824,6.00824,0,0
3/29/2006,5.9759,5.9759,0,0
3/28/2006,5.94486,5.94486,0,0
3/27/2006,5.87878,5.87878,0,0
3/24/2006,5.86241,5.86241,0,0
3/23/2006,5.92181,5.92181,0,0
3/22/2006,5.89887,5.89887,0,0
3/21/2006,5.908,5.908,0,0
3/20/2006,5.84727,5.84727,0,0
3/17/2006,5.85862,5.85862,0,0
3/16/2006,5.83067,5.83067,0,0
3/15/2006,5.90812,5.90812,0,0
3/14/2006,5.87236,5.87236,0,0
3/13/2006,5.95766,5.95766,0,0
3/10/2006,5.93554,5.93554,0,0
3/9/2006,5.9135,5.9135,0,0
3/8/2006,5.94583,5.94583,0,0
3/7/2006,5.95092,5.95092,0,0
3/6/2006,5.94346,5.94346,0,0
3/3/2006,5.88613,5.88613,0,0
3/2/2006,5.85392,5.85392,0,0
3/1/2006,5.80004,5.80004,0,0
2/28/2006,5.73453,5.73453,0,0
2/27/2006,5.77249,5.77249,0,0
2/24/2006,5.76417,5.76417,0,0
2/23/2006,5.79537,5.79537,0,0
2/22/2006,5.77416,5.77416,0,0
2/21/2006,5.80752,5.80752,0,0
2/17/2006,5.78083,5.78083,0,0
2/16/2006,5.84815,5.84815,0,0
2/15/2006,5.86838,5.86838,0,0
2/14/2006,5.87946,5.87946,0,0
2/13/2006,5.84977,5.84977,0,0
2/10/2006,5.8435,5.8435,0,0
2/9/2006,5.81487,5.81487,0,0
2/8/2006,5.82338,5.82338,0,0
2/7/2006,5.80179,5.80179,0,0
2/6/2006,5.80186,5.80186,0,0
2/3/2006,5.79888,5.79888,0,0
2/2/2006,5.80672,5.80672,0,0
2/1/2006,5.80873,5.80873,0,0
1/31/2006,5.76373,5.76373,0,0
1/30/2006,5.75539,5.75539,0,0
1/27/2006,5.73348,5.73348,0,0
1/26/2006,5.75541,5.75541,0,0
1/25/2006,5.7074,5.7074,0,0
1/24/2006,5.61489,5.61489,0,0
1/23/2006,5.58096,5.58096,0,0
1/20/2006,5.58423,5.58423,0,0
1/19/2006,5.62211,5.62211,0,0
1/18/2006,5.58661,5.58661,0,0
1/17/2006,5.57624,5.57624,0,0
1/13/2006,5.5807,5.5807,0,0
1/12/2006,5.64441,5.64441,0,0
1/11/2006,5.707,5.707,0,0
1/10/2006,5.68246,5.68246,0,0
1/9/2006,5.62104,5.62104,0,0
1/6/2006,5.63322,5.63322,0,0
1/5/2006,5.63968,5.63968,0,0
1/4/2006,5.65324,5.65324,0,0
1/3/2006,5.70253,5.70253,0,0
,,,0,0
,,,0,0
8/3/2010,3.52286,3.52314,0,-0.00028
9/25/2012,1.97862,1.97956,-2,-0.00094
8/16/2010,3.30867,3.30976,-2,-0.00109
9/26/2012,1.9725,1.97366,-2,-0.00116
10/1/2012,1.97791,1.97911,-2,-0.0012
8/17/2010,3.40141,3.40274,-2,-0.00133
8/18/2010,3.44987,3.45131,-2,-0.00144
10/3/2012,1.97292,1.97444,-2,-0.00152
8/6/2010,3.48719,3.48958,-2,-0.00239
8/27/2010,3.47055,3.47364,-2,-0.00309
8/20/2010,3.42281,3.42593,-2,-0.00312
8/9/2010,3.48853,3.4918,-2,-0.00327
9/3/2010,3.48233,3.48595,-2,-0.00362
7/30/2010,3.48603,3.48969,-2,-0.00366
8/23/2010,3.42399,3.42819,-2,-0.0042
10/2/2012,1.89432,1.89927,-2,-0.00495
8/19/2010,3.30888,3.31465,-2,-0.00577
8/10/2010,3.44746,3.4543,-2,-0.00684
8/12/2010,3.44748,3.45473,-2,-0.00725
12/31/2008,4.00708,4.01505,0,-0.00797
8/24/2010,3.3561,3.36483,-2,-0.00873
8/25/2010,3.36868,3.37757,-2,-0.00889
12/17/2008,3.79209,3.80274,-2,-0.01065
8/26/2010,3.30296,3.31484,-2,-0.01188
9/2/2010,3.37636,3.38905,-2,-0.01269
8/13/2010,3.37661,3.38997,-2,-0.01336
12/19/2008,3.79982,3.81329,0,-0.01347
8/30/2010,3.33669,3.35098,-2,-0.01429
12/18/2008,3.77292,3.78839,0,-0.01547
9/1/2010,3.30826,3.32481,-2,-0.01655
8/11/2010,3.34099,3.35855,-2,-0.01756
8/31/2010,3.19108,3.21591,-2,-0.02483
12/26/2008,3.87289,3.90336,-2,-0.03047
12/30/2008,3.89246,3.95173,0,-0.05927
12/29/2008,3.75228,3.82881,-2,-0.07653
