,FN_CMM_15Yr,FN_CMM_30Yr,G2_CMM_30Yr,GN_CMM_30Yr
7/22/2013,2.493235931,3.322082871,3.18593188,3.19280209
7/23/2013,2.511127483,3.363905054,3.227704289,3.234137327
7/24/2013,2.581673555,3.429675595,3.29123929,3.298715023
7/25/2013,2.605776249,3.440786392,3.296016174,3.303433966
7/26/2013,2.550979622,3.395320608,3.251561069,3.255230721
7/29/2013,2.552303699,3.406146431,3.265949624,3.266346874
7/30/2013,2.552038244,3.428596757,3.298218074,3.296017714
7/31/2013,2.512690069,3.409539266,3.272213179,3.267871185
8/1/2013,2.627841379,3.531618202,3.405433394,3.398282841
8/2/2013,2.511161766,3.403566251,3.26839748,3.260422978
8/5/2013,2.535460958,3.417811799,3.275540192,3.265951682
8/6/2013,2.567574117,3.443086937,3.295229419,3.284294615
8/7/2013,2.531344405,3.409529347,3.260133407,3.248709035
8/8/2013,2.494838271,3.381400903,3.231623465,3.254550673
8/9/2013,2.474417224,3.363425002,3.21156823,3.231565107
8/12/2013,2.488388277,3.383718701,3.230784961,3.247187439
8/13/2013,2.59591014,3.486597699,3.336848863,3.353440784
8/14/2013,2.588278851,3.484088488,3.347923981,3.363265004
8/15/2013,2.660234826,3.539662929,3.413839143,3.42997685
8/16/2013,2.754880264,3.634228528,3.489887001,3.509503119
8/19/2013,2.861203087,3.711047841,3.563913137,3.58341334
8/20/2013,2.774803801,3.630683034,3.469068777,3.483184104
8/21/2013,2.811974193,3.674644297,3.51370647,3.526307601
8/22/2013,2.83447493,3.710193792,3.559127002,3.572376008
8/23/2013,2.737432084,3.601459175,3.441969709,3.448003846
8/26/2013,2.696845355,3.564942741,3.392981165,3.394801963
8/27/2013,2.631783992,3.495012068,3.35492202,3.360989703
8/28/2013,2.695836226,3.558200604,3.424628467,3.429321675
8/29/2013,2.648318165,3.516399821,3.349675794,3.344187845
8/30/2013,2.644266158,3.518108287,3.347405318,3.340081416
9/3/2013,2.749140054,3.623034363,3.458174282,3.451316125
9/4/2013,2.827708931,3.679574162,3.528161097,3.526325797
9/5/2013,2.911181829,3.786695106,3.657852883,3.660538751
9/6/2013,2.835061721,3.721237686,3.593646171,3.592189855
9/9/2013,2.787713213,3.649491732,3.511778044,3.504735328
9/10/2013,2.840164483,3.702557065,3.559510987,3.59708837
9/11/2013,2.803653084,3.667179206,3.510339603,3.548292501
9/12/2013,2.811249857,3.666295035,3.509539492,3.547004844
9/13/2013,2.799827091,3.650733594,3.489931639,3.528472718
9/16/2013,2.735222287,3.605029104,3.438136704,3.472455894
9/17/2013,2.739374532,3.58629601,3.416707663,3.451264229
9/18/2013,2.534015629,3.404107518,3.269899624,3.297333757
9/19/2013,2.570946139,3.42348147,3.270521,3.300650557
9/20/2013,2.575516936,3.431607739,3.28834515,3.315737427
9/23/2013,2.546526622,3.40290346,3.265086071,3.28969502
9/24/2013,2.479185584,3.340691954,3.20250611,3.225480472
9/25/2013,2.43186735,3.296156202,3.134014765,3.163573464
9/26/2013,2.455424099,3.323348772,3.164650793,3.191270543
9/27/2013,2.406154772,3.294887122,3.140551944,3.164377802
9/30/2013,2.399086478,3.295248984,3.145172061,3.173402348
10/1/2013,2.431010741,3.315442133,3.172004836,3.206044814
10/2/2013,2.424732732,3.30787303,3.162231734,3.196306167
10/3/2013,2.40700341,3.285077933,3.139600416,3.174634844
10/4/2013,2.435136998,3.314390462,3.174880956,3.205061439
10/7/2013,2.439867335,3.315216343,3.176198262,3.203628259
10/8/2013,2.460367345,3.328829167,3.188633605,3.246144341
10/9/2013,2.456412031,3.330970071,3.185183297,3.241024912
10/10/2013,2.474200287,3.345617063,3.196109581,3.246558276
10/11/2013,2.479137483,3.348246371,3.20602096,3.250326416
10/15/2013,2.51273094,3.389732996,3.253197163,3.292234042
10/16/2013,2.471322888,3.345330363,3.22011652,3.255166362
10/17/2013,2.377130208,3.254614911,3.131965367,3.159837379
10/18/2013,2.369438831,3.258567572,3.129806205,3.15610222
10/21/2013,2.386646392,3.280953351,3.139738087,3.162233887
10/22/2013,2.288510865,3.183659646,3.02974516,3.048802655
10/23/2013,2.262180804,3.154171494,3.015767692,3.02385734
10/24/2013,2.293621982,3.177228721,3.041787683,3.047926587
10/25/2013,2.272497182,3.152121286,3.011947134,3.01585127
10/28/2013,2.275215314,3.159323662,3.015073902,3.021859997
10/29/2013,2.271098629,3.154323744,3.016173414,3.021914796
10/30/2013,2.274113384,3.161138644,3.023048481,3.027875737
10/31/2013,2.294967541,3.180356588,3.037229575,3.043480648
11/1/2013,2.35867884,3.259283092,3.112269116,3.119871739
11/4/2013,2.329915127,3.238758452,3.096510287,3.100533698
11/5/2013,2.406063772,3.312008808,3.176392154,3.182661619
11/6/2013,2.378435303,3.299734791,3.166735676,3.170120853
11/7/2013,2.367744926,3.291530573,3.164243714,3.16872716
11/8/2013,2.501842693,3.418532948,3.290623624,3.300056383
11/12/2013,2.520418974,3.423942364,3.291693262,3.326109879
11/13/2013,2.459833383,3.386328791,3.246134718,3.276623328
11/14/2013,2.41966569,3.334402323,3.198279492,3.22261437
11/15/2013,2.406827457,3.327497526,3.189012262,3.210058387
11/18/2013,2.351932193,3.289217095,3.150429851,3.169632234
11/19/2013,2.406892056,3.32491628,3.185808767,3.20085481
11/20/2013,2.477106233,3.395388864,3.252763913,3.266078818
11/21/2013,2.465226828,3.390224157,3.246754797,3.260914205
11/22/2013,2.452527282,3.376571748,3.233971633,3.246558276
11/25/2013,2.454434582,3.378602467,3.23674958,3.245954481
11/26/2013,2.436322837,3.365675597,3.223670804,3.23150765
11/27/2013,2.498548044,3.411865029,3.270178504,3.278765481
11/29/2013,2.495349443,3.415206515,3.271233706,3.276905994
12/2/2013,2.575680783,3.482784935,3.336480706,3.341718191
12/3/2013,2.585148395,3.482013446,3.333312374,3.339125883
12/4/2013,2.649584774,3.535754236,3.387828481,3.394553272
12/5/2013,2.641983527,3.552129361,3.360317228,3.369519347
12/6/2013,2.614898677,3.535772171,3.339644618,3.347646574
12/9/2013,2.586535884,3.499462787,3.294777059,3.344712773
12/10/2013,2.537694476,3.464415562,3.309220224,3.342863015
12/11/2013,2.604377359,3.515328052,3.355679388,3.390286556
12/12/2013,2.651312649,3.542393131,3.323367618,3.371713254
12/13/2013,2.666321163,3.528782306,3.305183953,3.353862745
12/16/2013,2.649593312,3.530724532,3.295014338,3.333347625
12/17/2013,2.614754722,3.493759662,3.244150074,3.289150953
12/18/2013,2.647047185,3.542275537,3.308326636,3.351056384
12/19/2013,2.70355015,3.589455866,3.358087187,3.384724225
12/20/2013,2.642969371,3.520718929,3.258849864,3.288201907
12/23/2013,2.657594269,3.542252049,3.282558938,3.305904896
12/24/2013,2.717299027,3.610062137,3.367580099,3.388586227
12/26/2013,2.709939868,3.611084184,3.372112072,3.391288149
12/27/2013,2.708403101,3.609380466,3.376313845,3.390421772
12/30/2013,2.668240347,3.574674339,3.330831259,3.343349438
12/31/2013,2.684615038,3.593025496,3.355220031,3.366391181
1/2/2014,2.693230918,3.599696423,3.360585846,3.367184168
1/3/2014,2.704689686,3.603255085,3.372254218,3.378067734
1/6/2014,2.676014848,3.576348595,3.333341818,3.334840331
1/7/2014,2.628168372,3.542850041,3.294389638,3.299184351
1/8/2014,2.684760277,3.596371254,3.359552825,3.362303204
1/9/2014,2.691235977,3.574106625,3.318455196,3.362791159
1/10/2014,2.568057473,3.470917432,3.271105779,3.297794124
1/13/2014,2.512142224,3.426205975,3.237147694,3.262993519
1/14/2014,2.580646724,3.483411189,3.304029149,3.332294812
1/15/2014,2.615088206,3.494779947,3.311589174,3.335338535
1/16/2014,2.580140529,3.457056024,3.271947052,3.292825073
1/17/2014,2.550689531,3.437084405,3.250798431,3.270050303
1/21/2014,2.544520656,3.430616746,3.237721747,3.253461759
1/22/2014,2.608807654,3.481300341,3.288370273,3.303209232
1/23/2014,2.542363611,3.425984878,3.227248503,3.241728466
1/24/2014,2.491808022,3.382179535,3.182066077,3.192839272
1/27/2014,2.541165678,3.424892982,3.234187338,3.24094249
1/28/2014,2.528427936,3.414669913,3.222776612,3.228738983
1/29/2014,2.440579229,3.361147509,3.159718102,3.161299823
1/30/2014,2.462984381,3.371025087,3.169853518,3.168454852
1/31/2014,2.432534043,3.340675257,3.130324386,3.125975115
2/3/2014,2.361261587,3.271099204,3.054798226,3.044385454
2/4/2014,2.40321942,3.311161648,3.108754062,3.098086674
2/5/2014,2.436082474,3.358409008,3.162719515,3.151800129
2/6/2014,2.452662979,3.379929647,3.181060478,3.170266181
2/7/2014,2.392332338,3.343001702,3.14295037,3.130055837
2/10/2014,2.395940957,3.347610543,3.132055516,3.115729646
2/11/2014,2.451512504,3.387400369,3.171980811,3.19205308
2/12/2014,2.50269701,3.436781424,3.224909192,3.245608204
2/13/2014,2.453436786,3.396382059,3.171318036,3.188922458
2/14/2014,2.482417566,3.424046875,3.206457549,3.221483224
2/18/2014,2.459089359,3.402251054,3.18411934,3.193529596
2/19/2014,2.472622757,3.420846234,3.206168296,3.214776648
2/20/2014,2.507304486,3.440987497,3.221757732,3.229448916
2/21/2014,2.490813987,3.423815247,3.202555932,3.209536769
2/24/2014,2.503707653,3.429876322,3.216937411,3.219849002
2/25/2014,2.444417871,3.376248373,3.162918945,3.161526033
2/26/2014,2.405293564,3.361855617,3.146165079,3.143569949
2/27/2014,2.374593601,3.337020566,3.118957552,3.114310499
2/28/2014,2.389047667,3.351486185,3.129541707,3.124360047
3/3/2014,2.356518311,3.325298818,3.104289321,3.094552393
3/4/2014,2.430391958,3.398313259,3.19013523,3.180095736
3/5/2014,2.446592793,3.401518512,3.192488909,3.180419408
3/6/2014,2.475674975,3.423703573,3.208719931,3.194021807
3/7/2014,2.508754055,3.461366771,3.24932965,3.233886022
3/10/2014,2.498543567,3.44656714,3.232589269,3.213877392
3/11/2014,2.501755411,3.443849366,3.233664727,3.253134087
3/12/2014,2.463174384,3.408589337,3.198192432,3.216692254
3/13/2014,2.417647446,3.34843876,3.122931575,3.139084691
3/14/2014,2.423215361,3.36348753,3.143191129,3.158481072
3/17/2014,2.475444878,3.417461723,3.21387323,3.226018916
3/18/2014,2.442329285,3.394228345,3.186043788,3.196174645
3/19/2014,2.553439614,3.47240963,3.267202604,3.277087944
3/20/2014,2.560061944,3.4858097,3.277748562,3.286725544
3/21/2014,2.507649399,3.452353622,3.238169635,3.24695452
3/24/2014,2.51445198,3.452667549,3.240886604,3.247059343
3/25/2014,2.528368448,3.451969426,3.243758034,3.250320738
3/26/2014,2.490350356,3.421740554,3.207962316,3.213566439
3/27/2014,2.486875833,3.405267198,3.186901826,3.191139601
3/28/2014,2.521918577,3.430609428,3.213663802,3.217195989
3/31/2014,2.528790182,3.446859351,3.228956741,3.228363818
4/1/2014,2.531933419,3.472701633,3.256980325,3.255719195
4/2/2014,2.561406343,3.506626942,3.295791587,3.293476585
4/3/2014,2.533153984,3.484031813,3.2731427,3.269230663
4/4/2014,2.457340563,3.429556053,3.215351699,3.211168966
4/7/2014,2.427949827,3.395287012,3.181846357,3.209365481
4/8/2014,2.422279307,3.373013793,3.15965958,3.185720906
4/9/2014,2.418527062,3.37487842,3.158671668,3.183630543
4/10/2014,2.361721562,3.315293511,3.095884926,3.118979916
4/11/2014,2.374095894,3.316007688,3.094991186,3.117831409
4/14/2014,2.406916028,3.340827242,3.122528727,3.144223642
4/15/2014,2.420806987,3.337931296,3.118716817,3.138844146
4/16/2014,2.436283231,3.350801022,3.132952988,3.149870949
4/17/2014,2.483745345,3.408020932,3.198594109,3.216078615
4/21/2014,2.49231015,3.42149447,3.212495577,3.225096871
4/22/2014,2.487955307,3.41581155,3.204225268,3.213824048
4/23/2014,2.435790128,3.371259456,3.149468591,3.157060028
4/24/2014,2.420854984,3.365314918,3.141182539,3.147922316
4/25/2014,2.40807295,3.344072329,3.107332063,3.112558557
4/28/2014,2.421736917,3.351461141,3.115062331,3.11660466
4/29/2014,2.438820007,3.373374339,3.148767053,3.149323608
4/30/2014,2.391631157,3.327426965,3.092732786,3.087490743
5/1/2014,2.354248703,3.287525533,3.039724524,3.036369446
5/2/2014,2.357749361,3.275821228,3.027146091,3.022444542
5/5/2014,2.359118765,3.288499419,3.04248343,3.034144689
5/6/2014,2.344574117,3.267692876,3.022935815,3.010677624
5/7/2014,2.321566934,3.236287275,2.99552082,3.018891279
5/8/2014,2.303705096,3.229866809,2.991130364,3.012942605
5/9/2014,2.334939934,3.26748807,3.034713567,3.056527978
5/12/2014,2.357756781,3.29551711,3.071100384,3.08997998
5/13/2014,2.334144892,3.272802662,3.048850413,3.065611932
5/14/2014,2.266838131,3.197089227,2.959991054,2.967247696
5/15/2014,2.254881178,3.179509773,2.943965003,2.954495561
5/16/2014,2.285289668,3.207172294,2.974381761,2.9849408
5/19/2014,2.294428416,3.224971181,2.99756973,3.004546803
5/20/2014,2.246540413,3.190624935,2.961060942,2.965418198
5/21/2014,2.247779951,3.200372932,2.973717872,2.976936883
5/22/2014,2.253990259,3.214431211,2.999640874,3.000032971
5/23/2014,2.249547057,3.206285031,2.99199476,2.98960431
5/27/2014,2.236047806,3.18633615,2.966380612,2.95780092
5/28/2014,2.16400903,3.096582454,2.854152486,2.839558366
5/29/2014,2.18894893,3.123600038,2.88971579,2.876180404
5/30/2014,2.197009717,3.132717049,2.895678552,2.88068677
6/2/2014,2.271881913,3.207735823,2.98285938,2.964923274
6/3/2014,2.316023898,3.259455121,3.028789079,3.015378815
6/4/2014,2.313419045,3.263525466,3.032379109,3.017722559
6/5/2014,2.28483346,3.237762811,3.002176615,2.984944954
6/6/2014,2.316664392,3.249597959,3.006376755,3.032431891
6/9/2014,2.331589839,3.264938162,3.022757932,3.049721788
6/10/2014,2.360264847,3.286221701,3.031321714,3.058819439
6/11/2014,2.348215935,3.283332178,3.027946907,3.053812276
6/12/2014,2.295554252,3.236634735,2.953719067,2.976869057
6/13/2014,2.331697964,3.253043792,2.958319365,3.002744233
6/16/2014,2.328593032,3.240198009,2.949559259,2.987590015
6/17/2014,2.377030346,3.295523701,3.025068787,3.065854606
6/18/2014,2.334943193,3.255450735,2.970354284,3.010302919
6/19/2014,2.298002743,3.240699648,2.957210945,2.99402223
6/20/2014,2.299477165,3.238709267,2.953522327,2.989422983
6/23/2014,2.295190959,3.242005935,2.964583245,2.995425326
6/24/2014,2.273199864,3.218052399,2.940557416,2.973035078
6/25/2014,2.252843694,3.19489738,2.908934721,2.938934059
6/26/2014,2.228220586,3.170502648,2.873598116,2.904897156
6/27/2014,2.232510232,3.172376826,2.885754763,2.914624989
6/30/2014,2.222050442,3.16005862,2.865717414,2.888859789
7/1/2014,2.264283109,3.21078082,2.935005946,2.955992659
7/2/2014,2.304880483,3.258048575,2.986513756,3.00693752
7/3/2014,2.333199707,3.281697185,3.014462814,3.033307285
7/7/2014,2.334423048,3.266475926,2.992671346,3.004272132
7/8/2014,2.315787791,3.232892092,2.945006804,2.99588541
7/9/2014,2.288939595,3.21841771,2.918912898,2.96999453
7/10/2014,2.269596958,3.200978702,2.901700459,2.952101605
7/11/2014,2.252990044,3.18733446,2.881842209,2.94319017
7/14/2014,2.285653474,3.223812813,2.960708687,2.998620864
7/15/2014,2.301595303,3.232761277,2.94036768,2.996458291
7/16/2014,2.326535752,3.235879716,2.933970093,2.992079945
7/17/2014,2.282562047,3.183999016,2.864321066,2.918067273
7/18/2014,2.294887485,3.18345525,2.853627322,2.908364736
7/21/2014,2.303973871,3.179728705,2.851057926,2.899566
7/22/2014,2.275864325,3.171342769,2.839445924,2.887152774
7/23/2014,2.282712193,3.184431668,2.866485653,2.904758519
7/24/2014,2.318741338,3.235925606,2.924742408,2.965758334
7/25/2014,2.297254979,3.191530656,2.843494449,2.893944009
7/28/2014,2.308871796,3.204960201,2.864306808,2.907981513
7/29/2014,2.301449509,3.18237576,2.842248516,2.8810534
7/30/2014,2.382269533,3.265792204,2.954803101,2.987643968
7/31/2014,2.396928285,3.276106593,2.965390402,2.996282041
8/1/2014,2.346044345,3.228423638,2.892155973,2.926989162
8/4/2014,2.323728476,3.21782179,2.867416295,2.901829956
8/5/2014,2.32219319,3.216324288,2.858845519,2.895987789
8/6/2014,2.336014778,3.216597326,2.863764344,2.941615227
8/7/2014,2.301724126,3.181144548,2.809428748,2.893046466
8/8/2014,2.303292865,3.172109112,2.80521006,2.88281937
8/11/2014,2.320661838,3.182516079,2.828561737,2.892882823
8/12/2014,2.332602966,3.192123229,2.858971648,2.915378911
8/13/2014,2.297135297,3.161159497,2.813638662,2.87236916
8/14/2014,2.283391626,3.139955164,2.779689578,2.832336396
8/15/2014,2.260218158,3.093576422,2.702170709,2.759741693
8/18/2014,2.290010679,3.13997866,2.841377583,2.830588362
8/19/2014,2.302287039,3.164838422,2.828851592,2.844774745
8/20/2014,2.323829196,3.182883968,2.854780306,2.861131834
8/21/2014,2.310040318,3.156779577,2.825360526,2.837404693
8/22/2014,2.3184027,3.150821636,2.835498903,2.837802087
8/25/2014,2.322540069,3.138559256,2.82356884,2.815614523
8/26/2014,2.305143405,3.129436961,2.807808009,2.799636769
8/27/2014,2.283882844,3.098870228,2.766217313,2.757353609
8/28/2014,2.266209923,3.078122534,2.741413778,2.721540948
8/29/2014,2.262446641,3.080337198,2.746942568,2.725692332
9/2/2014,2.287186182,3.133469292,2.826734618,2.8053735
9/3/2014,2.284057094,3.125355292,2.800396532,2.785453482
9/4/2014,2.29704688,3.152831691,2.836026441,2.818419317
9/5/2014,2.312321439,3.16842653,2.863801407,2.898450329
9/8/2014,2.318492827,3.176419514,2.878620866,2.906638224
9/9/2014,2.36241546,3.204263543,2.89747683,2.881537651
9/10/2014,2.395133082,3.239456932,2.940543935,2.968073747
9/11/2014,2.397877427,3.238287161,2.929124877,2.956947657
9/12/2014,2.430467945,3.30106879,3.006875992,3.032314141
9/15/2014,2.42529288,3.281341106,2.970866969,2.989974938
9/16/2014,2.419141096,3.284083023,2.97465864,2.992442964
9/17/2014,2.426931936,3.288945629,2.988983942,3.002237671
9/18/2014,2.434474358,3.300173167,2.994040234,3.00619671
9/19/2014,2.410049921,3.256497913,2.925552326,2.934419546
9/22/2014,2.387671197,3.239762331,2.908366092,2.911876782
9/23/2014,2.366826501,3.214714844,2.878145584,2.879439258
9/24/2014,2.39011533,3.240203804,2.914057748,2.914542924
9/25/2014,2.363213012,3.196674734,2.859128676,2.852474587
9/26/2014,2.388235841,3.215168487,2.891942553,2.884731418
9/29/2014,2.383966737,3.192683536,2.859407273,2.84945542
9/30/2014,2.396319752,3.207895713,2.881480716,2.87052015
10/1/2014,2.319560608,3.118786702,2.758194125,2.741105006
10/2/2014,2.325411973,3.136101686,2.786090019,2.768517597
10/3/2014,2.338316483,3.140802455,2.792758009,2.773786363
10/6/2014,2.31984307,3.122978196,2.773896001,2.751412369
10/7/2014,2.27519784,3.057165668,2.711922575,2.682629291
10/8/2014,2.211922281,3.005026382,2.640479318,2.654403705
10/9/2014,2.225100409,3.006845724,2.669423702,2.680587665
10/10/2014,2.229439917,3.003462203,2.660310017,2.665981736
10/14/2014,2.137728991,2.915673526,2.695278231,2.708484153
10/15/2014,2.035612327,2.801276349,2.588732093,2.602359091
10/16/2014,2.088753364,2.889976967,2.673223411,2.684417821
10/17/2014,2.098077641,2.908968155,2.69195647,2.701194714
10/20/2014,2.060649655,2.882282766,2.652900742,2.657438248
10/21/2014,2.078393758,2.902605962,2.67693007,2.679500231
10/22/2014,2.092187398,2.9156084,2.689175722,2.690194072
10/23/2014,2.126069415,2.956972997,2.724942592,2.725213644
10/24/2014,2.129228895,2.967064179,2.724793825,2.725315623
10/27/2014,2.11780863,2.950630557,2.710877059,2.708787224
10/28/2014,2.136800494,2.973261565,2.732687404,2.729447898
10/29/2014,2.186529732,3.009098539,2.762876566,2.758495229
10/30/2014,2.179076004,2.988414197,2.744411643,2.739989825
10/31/2014,2.203562201,3.009740547,2.759361879,2.753896667
11/3/2014,2.236168676,3.047277921,2.70187155,2.670563633
11/4/2014,2.234493732,3.0442418,2.708716099,2.678643728
11/5/2014,2.218892344,3.044449498,2.701912225,2.67066085
11/6/2014,2.236262706,3.052010837,2.702911321,2.668944044
11/7/2014,2.184661945,3.000230643,2.636391862,2.649120033
11/10/2014,2.218885622,3.036352859,2.678240186,2.684753865
11/12/2014,2.210760105,3.036484332,2.670652433,2.684753865
11/13/2014,2.205908642,3.024088031,2.66601456,2.679515571
11/14/2014,2.170649472,2.988308063,2.765645947,2.776628227
11/17/2014,2.167306261,2.994097733,2.768835634,2.778446592
11/18/2014,2.155226852,2.982257943,2.760093967,2.7680068
11/19/2014,2.179746626,3.005051888,2.784095444,2.791941136
11/20/2014,2.170788066,2.982454223,2.766207353,2.772907692
11/21/2014,2.146088995,2.965030716,2.750265777,2.75675307
11/24/2014,2.137508833,2.953375429,2.738083735,2.743337228
11/25/2014,2.102813075,2.898723575,2.694631436,2.697902752
11/26/2014,2.088725319,2.884095288,2.688747199,2.690260226
11/28/2014,2.063987787,2.845685264,2.644332674,2.642914808
12/1/2014,2.070265584,2.86228009,2.658426459,2.65341252
12/2/2014,2.130960779,2.925041291,2.716395942,2.711132371
12/3/2014,2.159218543,2.932315967,2.723743972,2.718844272
