"","grp","x","actual.smm","model.smm","ratio","track.err","curt.smm","dflt.smm","cout.smm","turn.smm","refi.smm","pct_inv","pct_2nd","pct_owner","pct_purchase","pct_REFI_NCO","pct_REFI_CO","pct_REFI_Other","pct_REFI","pct_dq","incentive","burnout","refi_elig_pct","cltv","wacls","acls","wala","wam","wac","fico","pct_HARPed","pct_tpo","cai","hpa2yr","media_effect","sato","bal","std","n"
"1","0",0,0.0735966074517637,0.0793743485134621,0.927208963980114,0.00577774106169839,0.00186073704495837,0.00055783560141713,2.40138897503798e-07,0.0769796008480542,-2.40651198650318e-05,11.2550171943372,8.09561927142774,80.6493635342351,73.1307157857525,16.4096665690761,10.4596176451714,0,16.4096665690761,6.05025254813474e-05,-35.2286320807227,0.0249144708453484,99.8710998192126,76.6817688436357,265.773245231943,264.170850229355,-0.00147304942596704,359.51165232889,3.9360525813741,744.854774846189,2.75111316095482,0,126.025300273123,113.269799802382,48.9445326974326,-19.7760365310128,16190605304.6,0.0211978486571438,17018
"2","0",5,0.259409838127557,0.217150482661189,1.19460861863385,-0.0422593554663672,0.0253342671591316,0.00172679562592282,3.10565844260412e-05,0.142544033134675,0.0475143301570338,12.6082781837817,4.65588266963188,82.7358391465864,46.3451501464576,31.928272183452,21.7265776700903,0,31.928272183452,0.155295623818982,-36.2744020803254,11.6017413446371,99.9249935398694,69.1207158609733,270.960251593531,269.19549818693,2.96767220777999,355.460636468631,3.83778843848488,752.377106026538,7.46651455955883,0,141.692180474265,114.029072832041,38.1238691542287,-11.5672173881476,393063871419.4,0.0360045604087676,197937
"3","0",10,0.420435391501475,0.398129523948631,1.05602666019745,-0.0223058675528444,0.0351068584422537,0.00289931230961077,0.00336628243324648,0.26799320061693,0.08876387014659,9.42917818102163,4.90301445115799,85.6678073678204,42.2021691066195,36.5520633597435,21.245767533637,0,36.5520633597435,0.228391379233118,-37.0220528753145,53.2887362383412,99.9603044107664,65.259391742721,273.823610982834,272.028187708625,7.50411999485752,349.795643900208,3.74517785249276,757.611066961994,9.64999223569976,0,152.193866010668,114.770266332934,32.9143727835096,-9.0683669672593,360223649576,0.0506216745916221,149692
"4","0",15,0.47922344028939,0.543148107485067,0.882307116024638,0.0639246671956775,0.0354371893473712,0.00547590073257215,0.0207567560704045,0.392293274896709,0.0891849864380104,9.81377275583591,4.82772451804915,85.3585027261149,39.823626873812,41.0583692140381,19.1180039121499,0,41.0583692140381,0.33983346481103,-36.9234902170086,103.473795650254,99.9619541136407,62.5594562771323,266.249564822781,264.457733039096,12.6507599992783,343.527526728762,3.72672989588227,758.974623359428,10.5026962413122,0,148.240959596962,115.133412274267,34.124979691823,-10.59384608955,433450278794.2,0.0504910673772618,135798
"5","0",20,0.494599098162202,0.558763044118127,0.885167878170626,0.064163945955925,0.0362386060587137,0.00821436628606104,0.0218677124368042,0.410281719375107,0.082160639961441,8.19273566501716,5.13475209455285,86.67251224043,30.7208805954558,45.5512454461163,23.7277224255534,0.000151532874428938,45.5513969789907,0.410812849860058,-37.4569157633188,190.769091923304,99.9602370678828,58.8141249402272,257.66253088875,255.898480997685,16.9922817640174,338.178323439874,3.76212037211502,763.694772665109,10.5933503685348,0,130.394334293559,115.686474869102,37.1749812820874,-3.01312044260264,363369798187.4,0.0559549530981321,129606
"6","0",25,0.536643577318481,0.571601164549951,0.938842694172966,0.0349575872314701,0.038057122971913,0.00770322346472024,0.0171717649480295,0.427587570807439,0.0810814823578497,8.91686561380063,5.26521316380273,85.8179212223966,31.6743749498239,47.4389581988002,20.8865123997644,0.00015445161141798,47.4391126504117,0.305251618658488,-37.5469924535101,258.396274509118,99.9759170273429,56.2480893035652,252.579924840121,250.735796888025,22.9026669191791,331.049763461471,3.73437368191581,766.899285105529,6.77843252253021,0,131.844626920028,115.224261026935,37.3295920984482,-15.990418259417,499737680244.2,0.053565389735008,141686
"7","0",30,0.615819968103806,0.63311713340365,0.972679359967951,0.0172971652998437,0.0394753022760618,0.00804042168968121,0.0109350259550516,0.488927429469377,0.0857389540134786,11.8539174260812,5.07178484239939,83.0742977315194,34.0283373171406,47.5275130632744,18.444149619585,0,47.5275130632744,0.292590228806192,-33.5397654709082,145.050056561668,99.9687174888319,54.4662608124367,238.323869520013,236.439797571526,26.6180641588222,326.758516474647,3.61363023872458,768.67385256507,5.52112472305432,0,134.834980791261,112.789059945828,44.754141459013,-21.3338348089227,256931335753.1,0.060719489085593,101175
"8","0",35,0.602236674242478,0.61845063990247,0.973782926859694,0.0162139656599921,0.0422759179555775,0.00883715275655029,0.00979564356911531,0.473537784214982,0.0840041414062451,9.77763354551669,5.18807149372556,85.0342949607577,35.8891160795093,45.2338406794573,18.8770432410334,0,45.2338406794573,0.324742608362292,-35.3818864766725,113.665239848252,99.9755141899078,54.0518312704162,241.090733632348,239.221145021044,33.1360433209595,319.509842768099,3.57915490801071,768.016510061578,4.25151039559229,0,145.889257026682,111.904572123615,41.9893737242288,-20.0424039686334,312989465837.9,0.0560304132459026,94935
"9","0",40,0.57232942722237,0.604204533850142,0.947244509363979,0.0318751066277727,0.0440699442010008,0.00965585823435742,0.00967321379972295,0.455031931744019,0.0857735858710423,14.0415974870335,4.73541478192021,81.2229877310463,27.1697516596393,52.0060670110465,20.8241813293143,0,52.0060670110465,0.337972061795898,-33.1287289084384,135.936154381653,99.9715249677712,48.8840969555757,232.038447307613,230.338790951072,36.5373384294541,315.273247636936,3.55751607786586,771.102507048585,5.5228116935599,0,147.236184891501,112.209107198714,44.2055266827167,-20.4595770135068,104531493604.3,0.0671247575316015,58195
"10","0",45,0.606611998306141,0.641565670042083,0.945518170051636,0.0349536717359413,0.0467831017774344,0.00996148936093276,0.0106610557954175,0.494951413634769,0.0792086094735295,21.3389200335638,4.50670449147497,74.1543754749612,38.8724190101701,42.8322747776565,18.2953062121734,0,42.8322747776565,0.351405363731788,-33.948095883263,163.171355540063,99.9471871982128,51.3824648993307,222.329993553347,220.716828290567,42.6985322974249,309.062165401278,3.61492572305596,768.761400839737,5.76504434627898,0,157.415291797646,112.377642485814,39.5685848029484,-23.5092592251632,92786081386.3,0.0594558750480432,63262
"11","0",50,0.68570288354973,0.70932806327229,0.966693578125795,0.0236251797225599,0.0528229113309526,0.0103000052000894,0.0126520257074619,0.55110240542114,0.0824507156126455,8.73062069414512,5.18590659932692,86.083472706528,29.9093229087637,49.6161024821145,20.4745746091219,0,49.6161024821145,0.394769157786654,-36.0869781747788,239.187787146241,99.9634294765058,45.4494353912088,229.89534226073,228.304340159051,55.4365431334543,295.251111716632,3.58640872153406,768.827813569375,6.57243401625895,0,173.022151495759,113.440054461104,28.6071036898938,-15.3231158913091,652642727387.2,0.0646148327222908,281405
"12","1",0,0.00712530379190903,0.0714351428026277,0.0997450766158045,0.0643098390107187,0.00225053357614026,0.000583463170820059,4.95873942511037e-07,0.0686069096045239,-6.25942279898008e-06,10.8503079187852,1.18832822177909,87.9613638594357,39.3041156298458,55.3733159077304,5.32256846242373,0,55.3733159077304,4.98437661185549e-05,-37.0509418551722,0.0742267895571348,99.2646273645362,69.8010168639567,303.304156657278,302.512923113808,-0.000356182674974096,358.536236954692,3.94341735396523,731.128427554236,24.6168966115446,0,121.915420092946,114.172589770159,46.5905594748315,-22.9802318514408,800151214.6,0.00222455864437239,2252
"13","1",5,0.187829650311617,0.219162206279174,0.857034857882181,0.031332555967557,0.026216313240802,0.00208685608709608,5.32299416372782e-05,0.135816476337324,0.0549893306723143,3.57969232962827,1.07182903205654,95.3484786383152,28.3045467535269,64.4841358497039,7.21131739676917,0,64.4841358497039,0.171519771659382,-37.7459312754927,19.0607575269541,99.8060221804631,63.4680401072023,325.889529170621,324.790166542449,3.21770292538558,354.617067311201,3.78699178396211,744.348451201235,25.7705391759962,0,133.574562812794,114.067029756126,38.2310057097567,-9.98297338485729,27859076361,0.0360350671233478,31817
"14","1",10,0.324282216314606,0.384283104953505,0.8438627983758,0.060000888638899,0.0353081371073736,0.00404643602456868,0.00687075656740362,0.248571900685633,0.0894858745685259,3.3435505558664,1.35787651178057,95.298572932353,24.7570655770791,68.5512785035069,6.691655919414,0,68.5512785035069,0.247373195741869,-38.1165971973451,80.0319559429097,99.8365932014724,59.9358479593439,316.493563080916,315.337173487332,7.55681199416778,349.198097995008,3.78069437091505,746.564376568978,30.8982106988725,0,133.805915709953,115.248042516692,35.6080077033245,-1.16113104189346,29574671298.6,0.0512710252776541,32482
"15","1",15,0.466080022974425,0.53571426923557,0.870016069647521,0.0696342462611458,0.0356299189598616,0.00722525622327199,0.037229339076968,0.371263104457596,0.0843666505178725,3.09589311273965,1.11655753172768,95.7875493555327,15.2746217613642,78.0932937058936,6.6320845327422,0,78.0932937058936,0.333670514098446,-38.656094606797,168.084663016214,99.8570971902709,57.2427716096212,300.89469455063,299.52491836265,12.7392046586807,342.95808951404,3.80066154075016,748.351036865347,34.4999561905285,0,122.173867111015,115.709679525755,37.2115135308512,2.04057252182944,42743513839.5,0.053852109786542,32568
"16","1",20,0.477034095678266,0.551712241957333,0.864642941374424,0.0746781462790668,0.0362335239652527,0.00812326553883013,0.0288529290162486,0.39102940422344,0.0874731192135617,2.3974114165975,1.21023869466956,96.3923498887329,16.3309724905384,75.3620557535253,8.30697175593632,0,75.3620557535253,0.334636032069252,-38.0020147447505,227.962612184965,99.9108726007801,54.9732286508324,303.14067553267,301.711837945093,17.1051354131075,338.533982142626,3.76479366689235,755.014959672497,28.5992302423172,0,120.281723675513,115.048809258807,38.5619648141497,0.0750545105927817,48631130478,0.0620153558154553,32567
"17","1",25,0.481749127404349,0.536114660000552,0.898593460219598,0.054365532596203,0.0376819356164234,0.00716114295632078,0.0199116834011573,0.382906066351411,0.0884538316752396,1.85233955602787,1.0616873490369,97.0859730949352,16.6312942893294,73.9766538495276,9.39205186114302,0,73.9766538495276,0.245512242519279,-38.154032961254,272.509741770884,99.9387202235608,52.488342247522,301.720752196707,300.196910447928,22.7283362212065,332.455684558627,3.69508767889142,759.767552733559,19.0862672890494,0,123.846258691144,113.714028481674,39.6690877993576,-16.5568804388342,55077765994.9,0.054706159616207,32304
"18","1",30,0.628677162342138,0.59330097208131,1.05962604466453,-0.0353761902608273,0.0390741995831373,0.00717283598621399,0.0152527208142743,0.434747463508135,0.0970537521895494,3.62369259933386,1.11364711421877,95.2626602864474,19.0308150697674,70.3251905121005,10.6439944181321,0,70.3251905121005,0.239053633358708,-34.5039662240613,131.70615647938,99.9048479081353,50.0265456547911,292.42508637998,290.854146889622,26.7049287369249,327.975218356559,3.5552337997016,760.513002826889,16.8008422308305,0,131.803254548976,111.854433733405,45.9294173472276,-25.2020595791801,24723696482,0.0647830053402326,19581
"19","1",35,0.682159861390399,0.576469779064379,1.18334019607681,-0.10569008232602,0.0416502061900857,0.00754951950643796,0.0128427165910951,0.417976995347157,0.0964503414296035,2.56553219121189,0.987084421545883,96.4473833872422,20.277253961255,69.2544016620588,10.4683443766862,0,69.2544016620588,0.263501506562618,-36.3185266028687,99.7855817807808,99.949513217868,49.5842542976371,297.84490729485,296.251049364917,32.9729423199461,321.075075426063,3.51913749465697,760.570376340278,13.480518127152,0,144.133057432728,111.070506063653,42.9504580019595,-22.3833126556133,30381827952.5,0.0593364876335012,17528
"20","1",40,0.590937795168613,0.544961116816249,1.08436689689159,-0.0459766783523637,0.0435351402812578,0.00877434354401971,0.0153936130144353,0.380946540848422,0.0963114791281145,3.47617674696381,1.18410621003026,95.3397170430059,12.7293197695111,74.849596524451,12.4210837060379,0,74.849596524451,0.297549875870019,-34.7143452887569,139.161449846705,99.9201989378236,45.9622253475743,286.286976339914,284.903590106788,36.605156278339,316.557075443932,3.51253805669455,763.080477523448,15.31388284567,0,146.127880005536,111.503199669164,43.0138972561715,-25.1530219540996,10826129144,0.0685751055365919,10687
"21","1",45,0.681191001635864,0.586508624234127,1.16143390478763,-0.0946823774017367,0.0462949066257392,0.00972404364086144,0.0218628779296189,0.420057478011349,0.0885693180265588,6.83946527716437,1.24905979796881,91.9114749248668,20.2329639131338,70.2273399157358,9.53969617113035,0,70.2273399157358,0.349225408452492,-36.0160298236064,159.307402132491,99.8108157094839,48.1370633611968,275.316756868763,274.093765725842,43.0331625158026,310.220768322116,3.57246017722492,756.804156191987,21.4924416054786,0,159.891599980348,112.118317447362,34.7549243600407,-29.8842352234709,8519680328.6,0.0771757979795351,12213
"22","1",50,0.798125131318114,0.676579388399528,1.1796474220211,-0.121545742918586,0.0520087990711052,0.0100702180987864,0.0195768196715322,0.503080077849749,0.0918434737083551,2.8217604859258,1.26388597931872,95.9143535347555,14.573676234456,74.4947435985581,10.931580166986,0,74.4947435985581,0.389423166964909,-36.9010470716503,257.780184637644,99.9216193486949,42.0353446808917,274.690588735687,273.426432840716,54.9701110332562,297.151419461551,3.56579625179325,759.561532317189,19.9816372601425,0,173.158633927516,113.00628238238,27.7510398228747,-15.9914297262558,75340432513.8,0.0745596694883349,63963
