asOfDate,RealCoupon,ModelCoupon,RealMortgageRate
12/30/2014,2.852,2.994273132,3.77
12/29/2014,2.86098,3.012036234,3.77
12/26/2014,2.89124,3.053999317,3.77
12/24/2014,2.90975,3.069169749,3.77
12/23/2014,2.91032,3.070402349,3.73
12/22/2014,2.82564,3.004477503,3.73
12/19/2014,2.83374,3.015108055,3.73
12/18/2014,2.85823,3.03442677,3.73
12/17/2014,2.83715,2.983085139,3.7
12/16/2014,2.78725,2.932095961,3.7
12/15/2014,2.82917,2.960343852,3.7
12/12/2014,2.80058,2.935397979,3.7
12/11/2014,2.86343,2.980863375,3.7
12/10/2014,2.85151,2.949866025,3.805
12/9/2014,2.88602,2.995096326,3.805
12/8/2014,2.90876,3.027747012,3.805
12/5/2014,2.95463,3.061176306,3.805
12/4/2014,2.90251,3.003039455,3.805
12/3/2014,2.93232,3.042598839,3.765
12/2/2014,2.92504,3.041650185,3.765
12/1/2014,2.86228,2.985594163,3.765
11/28/2014,2.84569,2.960135359,3.765
11/26/2014,2.8841,2.995694155,3.845
11/25/2014,2.89872,3.014362577,3.845
11/24/2014,2.95338,3.045153855,3.845
11/21/2014,2.96503,3.046948922,3.845
11/20/2014,2.98245,3.064955209,3.845
11/19/2014,3.00395,3.074802438,3.845
11/18/2014,2.98226,3.046200283,3.865
11/17/2014,2.9941,3.060125155,3.865
11/14/2014,2.98831,3.04013383,3.865
11/13/2014,3.02409,3.054249983,3.865
11/12/2014,3.03648,3.080362467,3.885
11/10/2014,3.03634,3.089489581,3.885
11/7/2014,3.00136,3.051793589,3.885
11/6/2014,3.05201,3.115588295,3.885
11/5/2014,3.04445,3.096522638,3.895
11/4/2014,3.04424,3.087919982,3.895
11/3/2014,3.04728,3.092766985,3.895
10/31/2014,3.00974,3.086838234,3.895
10/30/2014,2.98841,3.064576302,3.895
10/29/2014,3.0091,3.080921234,3.855
10/28/2014,2.97326,3.068752221,3.855
10/27/2014,2.95063,3.059503457,3.855
10/24/2014,2.96706,3.080516889,3.855
10/23/2014,2.95697,3.081287965,3.855
10/22/2014,2.91561,3.029021186,3.795
10/21/2014,2.90261,3.010905955,3.795
10/20/2014,2.88228,2.976568225,3.795
10/17/2014,2.90897,3.008123126,3.795
10/16/2014,2.88998,3.004639707,3.795
10/15/2014,2.80128,2.968721059,3.845
10/14/2014,2.91567,2.994285414,3.845
10/10/2014,3.00647,3.061847982,3.845
10/9/2014,3.00935,3.081505856,3.845
10/8/2014,3.00696,3.07909237,3.995
10/7/2014,3.05717,3.124478223,3.995
10/6/2014,3.12298,3.176965956,3.995
10/3/2014,3.1408,3.196817331,3.995
10/2/2014,3.1361,3.183346555,3.995
10/1/2014,3.11879,3.153013134,4.04
9/30/2014,3.2079,3.23137016,4.04
9/29/2014,3.19268,3.216432053,4.04
9/26/2014,3.21517,3.225245981,4.04
9/25/2014,3.19667,3.194342501,4.04
9/24/2014,3.2402,3.230959968,4.075
9/23/2014,3.21471,3.195118858,4.075
9/22/2014,3.23976,3.218819191,4.075
9/19/2014,3.2565,3.252343622,4.075
9/18/2014,3.30017,3.288709757,4.075
9/17/2014,3.28895,3.264839796,4.105
9/16/2014,3.28408,3.250938941,4.105
9/15/2014,3.28134,3.255260067,4.105
9/12/2014,3.30131,3.267174602,4.105
9/11/2014,3.23854,3.212153137,4.105
9/10/2014,3.23967,3.218356042,3.995
9/9/2014,3.20426,3.18427043,3.995
9/8/2014,3.17608,3.154108263,3.995
9/5/2014,3.16818,3.138383978,3.995
9/4/2014,3.15283,3.137591319,3.995
9/3/2014,3.12536,3.1034756,3.975
9/2/2014,3.13347,3.123933549,3.975
8/29/2014,3.08034,3.07879868,3.975
8/28/2014,3.07812,3.072502751,3.975
8/27/2014,3.09887,3.083589204,3.975
8/26/2014,3.12944,3.099145132,3.975
8/25/2014,3.13856,3.104594533,3.975
8/22/2014,3.15082,3.136782085,3.975
8/21/2014,3.15678,3.157616495,3.975
8/20/2014,3.18288,3.179258024,3.975
8/19/2014,3.16484,3.16178347,3.975
8/18/2014,3.13998,3.148857202,3.975
8/15/2014,3.09358,3.114295502,3.975
8/14/2014,3.13996,3.135780128,3.975
8/13/2014,3.16116,3.137319217,4.02
8/12/2014,3.19212,3.168795578,4.02
8/11/2014,3.18264,3.157665394,4.02
8/8/2014,3.17218,3.156094649,4.02
8/7/2014,3.1813,3.153796809,4.02
8/6/2014,3.2168,3.183298179,4.065
8/5/2014,3.21632,3.19091518,4.065
8/4/2014,3.21782,3.196698102,4.065
8/1/2014,3.22842,3.211015888,4.065
7/31/2014,3.27611,3.256008336,4.065
7/30/2014,3.26579,3.244948374,4.02
7/29/2014,3.18238,3.154237301,4.02
7/28/2014,3.20496,3.161223629,4.02
7/25/2014,3.19153,3.135100171,4.02
7/24/2014,3.23593,3.164992748,4.02
7/23/2014,3.18443,3.120916315,4.03
7/22/2014,3.17134,3.123138734,4.03
7/21/2014,3.17973,3.126668137,4.03
7/18/2014,3.18346,3.114333957,4.03
7/17/2014,3.184,3.109836084,4.03
7/16/2014,3.23588,3.146675728,4.03
7/15/2014,3.23276,3.154110994,4.03
7/14/2014,3.22381,3.149087125,4.03
7/11/2014,3.1874,3.121592249,4.03
7/10/2014,3.20099,3.132025007,4.03
7/9/2014,3.21851,3.134664184,4.075
7/8/2014,3.23294,3.149256178,4.075
7/7/2014,3.26648,3.203276748,4.075
7/3/2014,3.2817,3.225405347,4.075
7/2/2014,3.25805,3.216566632,3.995
7/1/2014,3.21078,3.156824255,3.995
6/30/2014,3.16006,3.111847012,3.995
6/27/2014,3.17238,3.130859316,3.995
6/26/2014,3.1705,3.124849087,3.995
6/25/2014,3.1949,3.153023658,4.015
6/24/2014,3.21805,3.182714695,4.015
6/23/2014,3.24201,3.206898321,4.015
6/20/2014,3.23871,3.209578808,4.015
6/19/2014,3.2407,3.208009864,4.015
6/18/2014,3.25545,3.200413912,4.07
6/17/2014,3.29552,3.237553264,4.07
6/16/2014,3.2402,3.193528229,4.07
6/13/2014,3.25321,3.202877369,4.07
6/12/2014,3.23683,3.19053233,4.07
6/11/2014,3.2836,3.244113466,4.1
6/10/2014,3.28637,3.260579651,4.1
6/9/2014,3.26478,3.247952768,4.1
6/6/2014,3.24953,3.236138566,4.1
6/5/2014,3.23776,3.235697207,4.1
6/4/2014,3.26353,3.253855452,4.015
6/3/2014,3.25946,3.23819776,4.015
6/2/2014,3.20774,3.190796765,4.015
5/30/2014,3.13272,3.117679768,4.015
5/29/2014,3.1236,3.101147602,4.015
5/28/2014,3.09658,3.075610667,4.02
5/27/2014,3.18634,3.129903909,4.02
5/23/2014,3.20629,3.146225609,4.02
5/22/2014,3.21443,3.16527281,4.02
5/21/2014,3.20037,3.146302092,4.04
5/20/2014,3.19062,3.127866537,4.04
5/19/2014,3.22497,3.152101478,4.04
5/16/2014,3.20717,3.138494192,4.04
5/15/2014,3.17951,3.118066999,4.04
5/14/2014,3.19709,3.139709336,4.1
5/13/2014,3.2728,3.194910225,4.1
5/12/2014,3.29573,3.222489893,4.1
5/9/2014,3.26793,3.195487448,4.1
5/8/2014,3.2302,3.17502602,4.1
5/7/2014,3.23656,3.193509186,4.11
5/6/2014,3.26769,3.208795972,4.11
5/5/2014,3.2885,3.221924146,4.11
5/2/2014,3.27582,3.207678528,4.11
5/1/2014,3.28753,3.216844613,4.11
4/30/2014,3.32743,3.239855767,4.215
4/29/2014,3.37337,3.28054753,4.215
4/28/2014,3.35146,3.267422555,4.215
4/25/2014,3.34407,3.257699856,4.215
4/24/2014,3.36531,3.274596443,4.215
4/23/2014,3.37126,3.268958666,4.23
4/22/2014,3.41581,3.305892726,4.23
4/21/2014,3.42149,3.300376787,4.23
4/17/2014,3.40802,3.30724021,4.23
4/16/2014,3.3508,3.243717771,4.195
4/15/2014,3.33793,3.225026321,4.195
4/14/2014,3.34083,3.232990404,4.195
4/11/2014,3.31617,3.208330805,4.195
4/10/2014,3.31552,3.211048946,4.195
4/9/2014,3.37509,3.249323489,4.265
4/8/2014,3.37318,3.254664033,4.265
4/7/2014,3.3951,3.275616469,4.265
4/4/2014,3.42956,3.310260814,4.265
4/3/2014,3.48403,3.383437803,4.265
4/2/2014,3.50663,3.394706261,4.335
4/1/2014,3.4727,3.36668213,4.335
3/31/2014,3.44686,3.340979943,4.335
3/28/2014,3.43061,3.341854424,4.335
3/27/2014,3.40527,3.318729763,4.335
3/26/2014,3.42174,3.342405349,4.3
3/25/2014,3.45197,3.375934446,4.3
3/24/2014,3.45267,3.374242455,4.3
3/21/2014,3.45235,3.379846514,4.3
3/20/2014,3.48581,3.40521151,4.3
3/19/2014,3.47241,3.398428583,4.22
3/18/2014,3.39423,3.306393321,4.22
3/17/2014,3.41746,3.323171293,4.22
3/14/2014,3.36349,3.282436545,4.22
3/13/2014,3.34844,3.281600451,4.22
3/12/2014,3.40859,3.326675771,4.27
3/11/2014,3.44385,3.358765796,4.27
3/10/2014,3.44657,3.378083005,4.27
3/7/2014,3.46137,3.397063963,4.27
3/6/2014,3.4237,3.356249107,4.27
3/5/2014,3.40152,3.318820141,4.205
3/4/2014,3.39831,3.328339106,4.205
3/3/2014,3.3253,3.241411162,4.205
2/28/2014,3.35149,3.273129318,4.205
2/27/2014,3.33702,3.258967155,4.205
2/26/2014,3.36186,3.26701214,4.295
2/25/2014,3.37625,3.292457476,4.295
2/24/2014,3.42988,3.336853042,4.295
2/21/2014,3.42382,3.32955393,4.295
2/20/2014,3.44099,3.358017141,4.295
2/19/2014,3.42085,3.345784235,4.255
2/18/2014,3.40225,3.325281353,4.255
2/14/2014,3.42405,3.352036363,4.255
2/13/2014,3.39638,3.35050718,4.255
2/12/2014,3.43678,3.405985059,4.205
2/11/2014,3.3874,3.370893722,4.205
2/10/2014,3.34761,3.329016432,4.205
2/7/2014,3.343,3.340862192,4.205
2/6/2014,3.37993,3.388484213,4.205
2/5/2014,3.35841,3.364213713,4.155
2/4/2014,3.31116,3.337265871,4.155
2/3/2014,3.2711,3.293257152,4.155
1/31/2014,3.34068,3.361140068,4.155
1/30/2014,3.37103,3.380902759,4.155
1/29/2014,3.36115,3.352175074,4.245
1/28/2014,3.41467,3.399727076,4.245
1/27/2014,3.42489,3.399705242,4.245
1/24/2014,3.38218,3.371784171,4.245
1/23/2014,3.42598,3.406232501,4.245
1/22/2014,3.4813,3.480255688,4.315
1/21/2014,3.43062,3.439683022,4.315
1/17/2014,3.43708,3.447997258,4.315
1/16/2014,3.45706,3.461916104,4.315
1/15/2014,3.49478,3.49426512,4.335
1/14/2014,3.48341,3.472446279,4.335
1/13/2014,3.42646,3.418619029,4.335
1/10/2014,3.47184,3.467646007,4.335
1/9/2014,3.57494,3.587554989,4.335
1/8/2014,3.59637,3.605747569,4.435
1/7/2014,3.54285,3.552816818,4.435
1/6/2014,3.57635,3.586165233,4.435
1/3/2014,3.60326,3.621400559,4.435
1/2/2014,3.5997,3.622663801,4.435
12/30/2013,3.57467,3.605420259,4.48
12/27/2013,3.60938,3.624771203,4.48
12/26/2013,3.61108,3.637877401,4.48
12/24/2013,3.61006,3.63312578,4.405
12/23/2013,3.54225,3.588557637,4.405
12/20/2013,3.52072,3.547744936,4.405
12/19/2013,3.58946,3.579482442,4.405
12/18/2013,3.54228,3.521644704,4.395
12/17/2013,3.49989,3.490740477,4.395
12/16/2013,3.53072,3.531628007,4.395
12/13/2013,3.5291,3.529780273,4.395
12/12/2013,3.54275,3.541339936,4.395
12/11/2013,3.51569,3.508214147,4.345
12/10/2013,3.46476,3.469707,4.345
12/9/2013,3.50449,3.515066749,4.345
12/6/2013,3.53577,3.545410941,4.345
12/5/2013,3.55213,3.541908585,4.345
12/4/2013,3.53796,3.53966548,4.335
12/3/2013,3.48201,3.476125183,4.335
11/22/2013,3.37657,3.401088299,4.215
11/21/2013,3.39022,3.408274099,4.215
11/20/2013,3.39539,3.407659676,4.145
11/18/2013,3.28922,3.327419989,4.145
11/15/2013,3.3275,3.373038665,4.145
11/14/2013,3.3344,3.392288676,4.145
11/13/2013,3.38633,3.45478911,4.275
11/12/2013,3.42394,3.502765058,4.275
11/8/2013,3.41853,3.485409077,4.275
11/7/2013,3.29153,3.354174549,4.275
11/6/2013,3.29973,3.285172291,4.11
11/5/2013,3.31201,3.409781332,4.11
11/4/2013,3.23876,3.344702435,4.11
11/1/2013,3.25928,3.364880901,4.11
10/31/2013,3.18036,3.290822617,4.11
10/30/2013,3.16114,3.2670061,4.025
10/29/2013,3.15432,3.245838689,4.025
10/28/2013,3.15932,3.255695996,4.025
10/25/2013,3.15212,3.255941161,4.025
10/24/2013,3.17723,3.276423515,4.025
10/23/2013,3.15417,3.245911585,4.08
10/22/2013,3.18366,3.272957278,4.08
10/21/2013,3.28095,3.368693141,4.08
10/18/2013,3.25857,3.357495806,4.08
10/17/2013,3.25461,3.356356639,4.08
10/16/2013,3.34533,3.431872005,4.205
10/15/2013,3.38973,3.476850936,4.205
10/11/2013,3.34888,3.443868438,4.205
10/10/2013,3.34593,3.4495991,4.205
10/9/2013,3.33121,3.42890123,4.155
10/8/2013,3.32901,3.410440172,4.155
10/7/2013,3.31522,3.415847677,4.155
10/4/2013,3.31439,3.436796266,4.155
10/3/2013,3.28508,3.399788529,4.155
10/2/2013,3.30787,3.423251288,4.145
10/1/2013,3.31544,3.443972346,4.145
9/30/2013,3.29525,3.413149413,4.145
9/27/2013,3.29489,3.414578204,4.145
9/26/2013,3.32335,3.418502472,4.145
9/25/2013,3.29616,3.385276988,4.245
9/24/2013,3.34069,3.424409348,4.245
9/23/2013,3.4029,3.470425091,4.245
9/20/2013,3.43161,3.494905848,4.245
9/19/2013,3.42348,3.515620081,4.245
9/18/2013,3.40411,3.481140543,4.425
9/17/2013,3.5863,3.641861285,4.425
9/16/2013,3.60503,3.67866463,4.425
9/13/2013,3.65073,3.728265898,4.425
9/12/2013,3.6663,3.74453508,4.425
9/11/2013,3.66718,3.767886489,4.52
9/10/2013,3.70256,3.811603984,4.52
9/9/2013,3.64949,3.763755728,4.52
9/6/2013,3.72124,3.804987973,4.52
9/5/2013,3.7867,3.848477208,4.52
9/4/2013,3.67957,3.762085498,4.495
9/3/2013,3.62303,3.71835641,4.495
8/30/2013,3.51811,3.635979555,4.495
8/29/2013,3.5164,3.623174709,4.495
8/28/2013,3.56452,3.646342877,4.435
8/27/2013,3.49501,3.577273612,4.435
8/26/2013,3.56494,3.640641654,4.435
8/23/2013,3.60146,3.661486941,4.435
8/22/2013,3.71019,3.738090501,4.435
8/21/2013,3.67464,3.691227543,4.53
8/20/2013,3.63068,3.635091256,4.53
8/19/2013,3.71105,3.694030109,4.53
8/16/2013,3.63423,3.63144901,4.53
8/15/2013,3.54246,3.562902143,4.53
8/14/2013,3.48409,3.52058299,4.325
8/13/2013,3.4866,3.527289826,4.325
8/12/2013,3.38388,3.432198147,4.325
8/9/2013,3.36395,3.406368209,4.325
8/8/2013,3.38149,3.419261983,4.325
8/7/2013,3.40953,3.445525683,4.325
8/6/2013,3.44309,3.495977842,4.325
8/5/2013,3.41781,3.486971223,4.325
8/2/2013,3.40357,3.452895034,4.325
8/1/2013,3.53287,3.583108771,4.325
7/31/2013,3.40954,3.459761988,4.315
7/30/2013,3.4286,3.469208853,4.315
7/29/2013,3.40615,3.456469474,4.315
7/26/2013,3.39532,3.438120884,4.315
7/25/2013,3.44079,3.473712136,4.315
7/24/2013,3.42968,3.457178896,4.26
7/23/2013,3.36391,3.374325291,4.26
7/22/2013,3.32208,3.351419883,4.26
7/19/2013,3.33139,3.347783135,4.26
7/18/2013,3.38885,3.381763661,4.26
7/17/2013,3.34387,3.355482359,4.295
7/16/2013,3.39147,3.40986508,4.295
7/15/2013,3.40503,3.440315697,4.295
7/12/2013,3.47482,3.495433565,4.295
7/11/2013,3.46797,3.457812713,4.295
7/10/2013,3.58537,3.560136598,4.46
7/9/2013,3.48802,3.527520893,4.46
7/8/2013,3.54464,3.563659836,4.46
7/5/2013,3.67325,3.638793064,4.46
7/3/2013,3.36892,3.414639954,4.215
7/2/2013,3.31182,3.369439795,4.215
7/1/2013,3.29795,3.375026241,4.215
6/28/2013,3.30945,3.374758346,4.215
6/27/2013,3.32066,3.349243205,4.41
6/26/2013,3.44275,3.456624768,4.215
6/25/2013,3.49791,3.514320277,4.41
6/24/2013,3.48428,3.48832569,4.41
6/21/2013,3.42906,3.43914297,4.41
6/20/2013,3.27319,3.350066088,4.41
6/19/2013,3.12738,3.204261053,3.88
6/18/2013,2.98213,3.046868389,3.88
6/17/2013,2.98385,3.03458109,3.88
6/14/2013,2.93282,2.990612702,3.88
6/13/2013,2.97052,3.058126499,3.88
6/12/2013,3.0173,3.135370617,3.905
6/11/2013,2.98862,3.122068372,3.905
6/10/2013,3.01875,3.144125676,3.905
6/7/2013,2.99312,3.080796165,3.905
6/6/2013,2.93639,2.997131225,3.905
6/5/2013,2.97372,3.021758172,3.835
6/4/2013,2.98974,3.051758895,3.835
6/3/2013,2.96032,3.016834958,3.835
5/31/2013,2.95731,3.011247517,3.835
5/30/2013,2.90465,2.955557841,3.835
5/29/2013,2.91969,2.94308782,3.76
5/28/2013,2.94396,2.923186843,3.76
5/24/2013,2.81497,2.772505094,3.76
5/23/2013,2.82191,2.769545725,3.76
5/22/2013,2.78844,2.759942476,3.515
5/21/2013,2.66453,2.681240729,3.515
5/20/2013,2.71288,2.703788401,3.515
5/17/2013,2.68581,2.698307152,3.515
5/16/2013,2.56388,2.61813578,3.515
5/15/2013,2.66187,2.678311806,3.435
5/14/2013,2.66272,2.691714156,3.435
5/13/2013,2.621,2.66425773,3.435
5/10/2013,2.58686,2.638933026,3.435
5/9/2013,2.49665,2.573124975,3.435
5/8/2013,2.47245,2.568900412,3.345
5/7/2013,2.48894,2.582895072,3.345
5/6/2013,2.4724,2.574924603,3.345
5/3/2013,2.45615,2.549086478,3.345
5/2/2013,2.3421,2.460384035,3.345
5/1/2013,2.31036,2.463332162,3.275
4/30/2013,2.35354,2.486727385,3.275
4/29/2013,2.37448,2.476788836,3.275
4/26/2013,2.37951,2.483002188,3.275
4/25/2013,2.43235,2.516124897,3.275
4/24/2013,2.43239,2.509430888,3.35
4/23/2013,2.43753,2.517506042,3.35
4/22/2013,2.4461,2.51140584,3.35
4/19/2013,2.44783,2.514616174,3.35
4/18/2013,2.43192,2.489663745,3.35
4/17/2013,2.45005,2.508824156,3.335
4/16/2013,2.45465,2.524981202,3.335
4/15/2013,2.43066,2.507078914,3.335
4/12/2013,2.45324,2.531722789,3.335
4/11/2013,2.51808,2.579821773,3.335
4/10/2013,2.54479,2.60148695,3.38
4/9/2013,2.48938,2.559601246,3.38
4/8/2013,2.47695,2.558609728,3.38
4/5/2013,2.41738,2.51135116,3.38
4/4/2013,2.48587,2.569667147,3.38
4/3/2013,2.56472,2.611300596,3.49
4/2/2013,2.6102,2.658552497,3.49
4/1/2013,2.59513,2.643607197,3.49
3/28/2013,2.61433,2.667237632,3.49
3/27/2013,2.60807,2.661339083,3.52
3/26/2013,2.64256,2.704997081,3.52
3/25/2013,2.63948,2.70214445,3.52
3/22/2013,2.64148,2.710873593,3.52
3/21/2013,2.67627,2.720265367,3.52
3/20/2013,2.64698,2.714034646,3.49
3/19/2013,2.60686,2.693698249,3.49
3/18/2013,2.62963,2.718764396,3.49
3/15/2013,2.66434,2.731999104,3.49
3/14/2013,2.70546,2.764030983,3.49
3/13/2013,2.70044,2.739929961,3.58
3/12/2013,2.70646,2.738994551,3.58
3/11/2013,2.73998,2.764614188,3.58
3/8/2013,2.75192,2.766484122,3.58
3/7/2013,2.67331,2.713725304,3.58
3/6/2013,2.61255,2.663686573,3.445
3/5/2013,2.56076,2.628644635,3.445
3/4/2013,2.54578,2.62134167,3.445
3/1/2013,2.52993,2.620174856,3.445
2/28/2013,2.54484,2.644945898,3.445
2/27/2013,2.57322,2.65371677,3.46
2/26/2013,2.53896,2.628508461,3.46
2/25/2013,2.55786,2.634058339,3.46
2/22/2013,2.62514,2.681817267,3.46
2/21/2013,2.62574,2.690625066,3.46
2/20/2013,2.63797,2.720849716,3.51
2/19/2013,2.63802,2.72369675,3.51
2/15/2013,2.62079,2.703696066,3.51
2/14/2013,2.60855,2.699269101,3.51
2/13/2013,2.65372,2.744118173,3.48
2/12/2013,2.60701,2.708276216,3.48
2/11/2013,2.56531,2.675747831,3.48
2/8/2013,2.57318,2.68181613,3.48
2/7/2013,2.55136,2.679060128,3.48
2/6/2013,2.55943,2.68416538,3.48
2/5/2013,2.60052,2.72792885,3.48
2/4/2013,2.55563,2.673158932,3.48
2/1/2013,2.59141,2.713338,3.48
1/31/2013,2.57377,2.682794021,3.48
1/30/2013,2.57729,2.704749096,3.455
1/29/2013,2.55981,2.683436491,3.455
1/28/2013,2.53933,2.664803391,3.455
1/25/2013,2.50532,2.624446894,3.455
1/24/2013,2.36742,2.510614206,3.455
1/23/2013,2.34331,2.493699063,3.345
1/22/2013,2.35221,2.488418113,3.345
1/18/2013,2.35028,2.495632079,3.345
1/17/2013,2.36891,2.512972611,3.345
1/16/2013,2.29441,2.449222725,3.305
1/15/2013,2.29384,2.449830349,3.305
1/14/2013,2.2784,2.479738879,3.305
1/11/2013,2.31308,2.499826027,3.305
1/10/2013,2.32919,2.510564286,3.305
1/9/2013,2.29263,2.473165176,3.325
1/8/2013,2.31701,2.4890942,3.325
1/7/2013,2.34263,2.51722051,3.325
1/4/2013,2.38072,2.532480753,3.325
1/3/2013,2.36511,2.521813885,3.325
1/2/2013,2.26242,2.487058189,3.265
12/31/2012,2.20009,2.424650415,3.265
12/28/2012,2.18544,2.385752368,3.265
12/27/2012,2.1768,2.402494996,3.265
12/26/2012,2.19828,2.432954749,3.275
12/24/2012,2.21511,2.4437928,3.275
12/21/2012,2.18757,2.420538533,3.275
12/20/2012,2.22135,2.452935081,3.275
12/19/2012,2.23717,2.468369175,3.295
12/18/2012,2.27802,2.505871764,3.295
12/17/2012,2.2148,2.442836994,3.295
12/14/2012,2.17471,2.387657017,3.295
12/13/2012,2.17954,2.393506912,3.295
12/12/2012,2.16985,2.365266935,3.245
12/11/2012,2.1257,2.316772095,3.245
12/10/2012,2.12632,2.294732838,3.245
12/7/2012,2.16633,2.303094314,3.245
12/6/2012,2.10827,2.27006088,3.245
12/5/2012,2.07994,2.27328577,3.265
12/4/2012,2.06783,2.286332976,3.265
12/3/2012,2.08622,2.300803433,3.265
11/30/2012,2.07253,2.295420188,3.265
11/29/2012,2.07244,2.2993772,3.265
11/28/2012,2.05097,2.296327035,3.27
11/27/2012,2.04405,2.320923609,3.27
11/26/2012,2.1329,2.354584355,3.27
11/23/2012,2.20126,2.378963969,3.27
11/21/2012,2.19254,2.375140029,3.235
11/20/2012,2.14204,2.351066642,3.235
11/19/2012,2.06997,2.32330672,3.235
11/16/2012,2.03611,2.292195806,3.235
11/15/2012,2.09234,2.298523391,3.265
11/14/2012,2.13435,2.290283698,3.235
11/13/2012,2.08298,2.289617901,3.265
11/9/2012,2.0596,2.303566004,3.265
11/8/2012,2.04956,2.287414101,3.265
11/7/2012,2.09197,2.317900683,3.325
11/6/2012,2.24889,2.428922802,3.325
11/5/2012,2.14794,2.367553826,3.325
11/2/2012,2.19493,2.399729029,3.325
11/1/2012,2.23243,2.398684042,3.325
10/31/2012,2.14235,2.378596939,3.315
10/29/2012,2.17586,2.402821955,3.315
10/26/2012,2.20624,2.42825062,3.315
10/25/2012,2.27753,2.498325597,3.315
10/24/2012,2.22502,2.439113518,3.335
10/23/2012,2.18831,2.443106912,3.335
10/22/2012,2.2048,2.46402409,3.335
10/19/2012,2.17149,2.431410097,3.335
10/18/2012,2.23804,2.481227439,3.335
10/17/2012,2.19994,2.477739722,3.295
10/16/2012,2.09031,2.381748758,3.295
10/15/2012,2.0434,2.350131268,3.295
10/12/2012,2.01487,2.341384145,3.295
10/11/2012,2.01882,2.350247233,3.295
10/10/2012,2.0567,2.373556443,3.315
10/9/2012,2.1122,2.404325215,3.315
10/5/2012,2.09992,2.428712001,3.315
10/4/2012,2.06588,2.383594657,3.315
10/3/2012,1.97292,2.340280713,3.26
10/2/2012,1.89432,2.350642629,3.26
10/1/2012,1.97791,2.354544992,3.26
9/28/2012,2.03991,2.364495831,3.26
9/27/2012,2.05097,2.360507169,3.26
9/26/2012,1.9725,2.348948974,3.3
9/25/2012,1.97862,2.387057941,3.3
9/24/2012,2.04335,2.402723344,3.3
9/21/2012,2.0967,2.437348955,3.3
9/20/2012,2.16993,2.4479799,3.3
9/19/2012,2.21086,2.464682395,3.39
9/18/2012,2.2694,2.506299066,3.39
9/17/2012,2.28117,2.536465436,3.39
9/14/2012,2.26805,2.567098309,3.39
9/13/2012,2.20601,2.486947567,3.39
9/12/2012,2.42922,2.55276728,3.45
9/11/2012,2.39371,2.488736001,3.45
9/10/2012,2.37785,2.477940005,3.45
9/7/2012,2.37384,2.471341433,3.45
9/6/2012,2.45607,2.495925864,3.45
9/5/2012,2.39528,2.414797348,3.475
9/4/2012,2.38417,2.422475685,3.475
8/31/2012,2.36895,2.42845582,3.475
8/30/2012,2.43371,2.479074768,3.475
8/29/2012,2.46878,2.500165285,3.49
8/28/2012,2.41104,2.469955615,3.49
8/27/2012,2.44075,2.485827498,3.49
8/24/2012,2.47609,2.509043147,3.49
8/23/2012,2.44471,2.495398077,3.49
8/22/2012,2.51207,2.540241479,3.585
8/21/2012,2.62589,2.616463478,3.585
8/20/2012,2.61868,2.647929631,3.585
8/17/2012,2.63904,2.649471496,3.585
8/16/2012,2.67019,2.688768214,3.585
8/15/2012,2.63813,2.648454852,3.52
8/14/2012,2.50321,2.556084095,3.52
8/13/2012,2.43262,2.488938994,3.52
8/10/2012,2.43735,2.481315997,3.52
8/9/2012,2.45717,2.51913882,3.52
8/8/2012,2.45388,2.506462138,3.49
8/7/2012,2.46483,2.486446192,3.49
8/6/2012,2.41026,2.416757567,3.49
8/3/2012,2.42675,2.451302363,3.49
8/2/2012,2.33657,2.364234917,3.49
8/1/2012,2.36588,2.398915375,3.475
7/31/2012,2.3146,2.344318562,3.475
7/30/2012,2.33651,2.349311026,3.475
7/27/2012,2.46854,2.414532389,3.475
7/26/2012,2.28779,2.300337841,3.475
7/25/2012,2.26337,2.284753112,3.415
7/24/2012,2.24718,2.292322316,3.415
7/23/2012,2.27723,2.313112149,3.415
7/20/2012,2.32496,2.334802348,3.415
7/19/2012,2.39312,2.372741521,3.415
7/18/2012,2.37585,2.364912834,3.455
7/17/2012,2.4361,2.39124099,3.455
7/16/2012,2.39684,2.361033003,3.455
7/13/2012,2.4585,2.377197581,3.455
7/12/2012,2.40343,2.356163235,3.455
7/11/2012,2.41162,2.381614133,3.485
7/10/2012,2.42303,2.400961069,3.485
7/9/2012,2.4492,2.408110322,3.485
7/6/2012,2.47665,2.44737735,3.485
7/5/2012,2.55638,2.495652548,3.485
7/3/2012,2.58328,2.517632275,3.57
7/2/2012,2.54532,2.489902362,3.57
6/29/2012,2.62372,2.531062108,3.57
6/28/2012,2.55096,2.479161845,3.57
6/27/2012,2.58867,2.505199633,3.585
6/26/2012,2.61639,2.51232552,3.585
6/25/2012,2.5785,2.494055445,3.585
6/22/2012,2.66819,2.540608016,3.585
6/21/2012,2.61405,2.519519291,3.585
6/20/2012,2.64221,2.530286661,3.585
6/19/2012,2.5989,2.541459466,3.585
6/18/2012,2.59515,2.519863553,3.585
6/15/2012,2.61355,2.53213733,3.585
6/14/2012,2.63094,2.567805167,3.585
6/13/2012,2.65256,2.564246156,3.635
6/12/2012,2.69596,2.608850405,3.635
6/11/2012,2.6399,2.574294314,3.635
6/8/2012,2.67911,2.587441159,3.635
6/7/2012,2.67758,2.592909075,3.635
6/6/2012,2.70699,2.577131962,3.595
6/5/2012,2.67216,2.524495943,3.595
6/4/2012,2.62226,2.516468216,3.595
6/1/2012,2.53159,2.466720593,3.595
5/31/2012,2.64639,2.525597941,3.595
5/30/2012,2.68486,2.555030117,3.7
5/29/2012,2.77149,2.648951063,3.7
5/25/2012,2.76345,2.66710612,3.7
5/24/2012,2.76054,2.676820278,3.7
5/23/2012,2.73508,2.6648851,3.73
5/22/2012,2.76969,2.71193026,3.73
5/21/2012,2.73357,2.647186242,3.73
5/18/2012,2.67797,2.629071239,3.73
5/17/2012,2.67184,2.627849036,3.73
5/16/2012,2.74013,2.683649684,3.715
5/15/2012,2.76971,2.730341533,3.715
5/14/2012,2.77397,2.735692222,3.715
5/11/2012,2.80528,2.751190771,3.715
5/10/2012,2.82461,2.766615565,3.715
5/9/2012,2.83276,2.752329005,3.755
5/8/2012,2.8457,2.740851039,3.755
5/7/2012,2.85847,2.755727223,3.755
5/4/2012,2.85087,2.744959345,3.755
5/3/2012,2.88233,2.796244881,3.755
5/2/2012,2.87338,2.793896212,3.79
5/1/2012,2.89085,2.832699699,3.79
4/30/2012,2.85859,2.779419805,3.79
4/27/2012,2.87167,2.809160587,3.79
4/26/2012,2.8924,2.84416641,3.79
4/25/2012,2.92241,2.870572172,3.805
4/24/2012,2.90097,2.869248654,3.805
4/23/2012,2.87081,2.847074432,3.805
4/20/2012,2.90335,2.870970638,3.805
4/19/2012,2.88744,2.856554397,3.805
4/18/2012,2.93046,2.886284635,3.85
4/17/2012,2.9571,2.901702088,3.85
4/16/2012,2.91808,2.875053806,3.85
4/13/2012,2.93227,2.891159937,3.85
4/12/2012,2.96745,2.922972198,3.85
4/11/2012,2.93078,2.903935935,3.805
4/10/2012,2.91099,2.879210841,3.805
4/9/2012,2.91152,2.890125454,3.805
4/6/2012,2.93072,2.921811222,3.805
4/5/2012,3.05396,3.063322479,3.805
4/4/2012,3.1088,3.103984056,3.905
4/3/2012,3.16492,3.123185667,3.905
4/2/2012,3.04496,3.020055419,3.905
3/30/2012,3.06692,3.044212705,3.905
3/29/2012,3.02196,2.984402048,3.905
3/28/2012,3.05684,3.022879533,3.915
3/27/2012,3.0399,3.026680141,3.915
3/26/2012,3.11828,3.10988715,3.915
3/23/2012,3.13245,3.104163877,3.915
3/22/2012,3.15708,3.144601751,3.915
3/21/2012,3.15732,3.175174367,4.03
3/20/2012,3.24144,3.257997414,4.03
3/19/2012,3.23638,3.244117665,4.03
3/16/2012,3.13095,3.138066075,4.03
3/15/2012,3.15896,3.135263891,4.03
3/14/2012,3.16959,3.152216903,3.87
3/13/2012,2.9914,2.976328992,3.87
3/12/2012,2.91624,2.896796374,3.87
3/9/2012,2.92195,2.910252892,3.87
3/8/2012,2.93364,2.888526035,3.87
3/7/2012,2.89962,2.861432489,3.83
3/6/2012,2.86506,2.857366065,3.83
3/5/2012,2.90077,2.900304034,3.83
3/2/2012,2.8908,2.871978091,3.83
3/1/2012,2.92872,2.926255388,3.83
2/29/2012,2.88173,2.870972203,3.85
2/28/2012,2.8102,2.823159512,3.85
2/27/2012,2.82054,2.829012291,3.85
2/24/2012,2.84685,2.875323756,3.85
2/23/2012,2.83483,2.86839847,3.85
2/22/2012,2.87313,2.872766863,3.9
2/21/2012,2.92316,2.90126321,3.9
2/17/2012,2.86836,2.852868018,3.9
2/16/2012,2.83167,2.831752556,3.9
2/15/2012,2.78221,2.771230016,3.82
2/14/2012,2.76681,2.797277994,3.82
2/13/2012,2.81749,2.855570737,3.82
2/10/2012,2.80975,2.813801493,3.82
2/9/2012,2.84585,2.871349448,3.82
2/8/2012,2.76703,2.822417671,3.82
2/7/2012,2.7946,2.818013452,3.82
2/6/2012,2.76133,2.744376886,3.82
2/3/2012,2.81014,2.794547436,3.82
2/2/2012,2.7164,2.663853956,3.82
2/1/2012,2.77294,2.681403872,3.82
1/31/2012,2.7763,2.668040913,3.82
1/30/2012,2.80895,2.709663106,3.82
1/27/2012,2.80824,2.745611933,3.82
1/26/2012,2.84358,2.758481136,3.82
1/25/2012,2.90516,2.867388262,3.905
1/24/2012,2.95988,2.951308471,3.905
1/23/2012,2.97256,2.966781015,3.905
1/20/2012,2.97611,2.944462801,3.905
1/19/2012,2.96477,2.879358939,3.905
1/18/2012,2.90295,2.803248936,3.83
1/17/2012,2.86264,2.774525606,3.83
1/13/2012,2.81631,2.792587767,3.83
1/12/2012,2.85234,2.857127492,3.83
1/11/2012,2.88377,2.837264573,3.815
1/10/2012,2.91779,2.899654685,3.815
1/9/2012,2.87572,2.876840106,3.815
1/6/2012,2.85738,2.906833775,3.815
1/5/2012,2.91011,2.951787541,3.815
1/4/2012,2.9957,2.965045058,3.86
1/3/2012,2.99221,2.981584518,3.86
12/30/2011,3.0169,2.925026939,3.86
12/29/2011,3.02888,2.973868202,3.86
12/28/2011,3.04824,2.983760265,3.875
12/27/2011,3.15254,3.063064456,3.875
12/23/2011,3.1705,3.07315667,3.875
12/22/2011,3.09573,2.990498178,3.875
12/21/2011,3.10621,3.008632888,3.835
12/20/2011,3.06827,2.992990825,3.835
12/19/2011,2.98945,2.913301607,3.835
12/16/2011,3.00104,2.946507505,3.835
12/15/2011,3.05125,2.970344064,3.835
12/14/2011,3.0099,2.970990184,3.89
12/13/2011,3.0836,3.011934148,3.89
12/12/2011,3.12819,3.049875816,3.89
12/9/2011,3.13669,3.059306018,3.89
12/8/2011,3.05821,2.995193302,3.89
12/7/2011,3.09012,3.014537657,3.915
12/6/2011,3.17019,3.093779517,3.915
12/5/2011,3.15649,3.087110006,3.915
12/2/2011,3.14293,3.115295657,3.915
12/1/2011,3.20921,3.153452074,3.915
11/30/2011,3.17702,3.103781602,3.925
11/29/2011,3.18161,3.124471295,3.925
11/28/2011,3.1879,3.121063019,3.925
11/25/2011,3.22263,3.115206983,3.925
11/23/2011,3.14517,3.074583656,3.905
11/22/2011,3.14417,3.09599281,3.905
11/21/2011,3.17668,3.119617106,3.905
11/18/2011,3.21334,3.126911513,3.905
11/17/2011,3.1637,3.113730026,3.925
11/16/2011,3.20144,3.147904598,3.905
11/15/2011,3.21924,3.148426598,3.925
11/14/2011,3.19328,3.142420568,3.925
11/10/2011,3.19683,3.129208087,3.925
11/9/2011,3.14083,3.064433741,3.915
11/8/2011,3.19153,3.089706491,3.915
11/7/2011,3.11536,3.048161248,3.915
11/4/2011,3.14592,3.080702102,3.915
11/3/2011,3.18659,3.090317103,3.915
11/2/2011,3.14036,3.059877176,3.925
11/1/2011,3.128,3.092175831,3.925
10/31/2011,3.25158,3.158993859,3.925
10/28/2011,3.36021,3.252486217,3.925
10/27/2011,3.44092,3.337172897,3.925
10/26/2011,3.3218,3.227075919,4.05
10/25/2011,3.26467,3.168510877,4.05
10/24/2011,3.3635,3.263903564,4.05
10/21/2011,3.33066,3.232770397,4.05
10/20/2011,3.32699,3.20953592,4.05
10/19/2011,3.30171,3.197575873,4.06
10/18/2011,3.29374,3.18888122,4.06
10/17/2011,3.29814,3.195895741,4.06
10/14/2011,3.36446,3.2250238,4.06
10/13/2011,3.30672,3.163271457,4.06
10/12/2011,3.33781,3.191353599,4.07
10/11/2011,3.3168,3.165282173,4.07
10/7/2011,3.28276,3.098528729,4.07
10/6/2011,3.18596,3.034700555,4.07
10/5/2011,3.11838,2.985844934,3.89
10/4/2011,3.04282,2.912074081,3.89
10/3/2011,2.96582,2.888483104,3.89
9/30/2011,3.03853,2.955117248,3.89
9/29/2011,3.08103,2.96963517,3.89
9/28/2011,3.16373,3.008847208,3.935
9/27/2011,3.19163,3.028736566,3.935
9/26/2011,3.07072,2.926197355,3.935
9/23/2011,2.9788,2.837084538,3.935
9/22/2011,2.85137,2.800515588,3.935
9/21/2011,3.01934,2.932029602,4.015
9/20/2011,3.25926,2.988758365,4.015
9/19/2011,3.23814,2.97550177,4.015
9/16/2011,3.34689,3.072859116,4.015
9/15/2011,3.34726,3.064354759,4.015
9/14/2011,3.3005,3.026625208,4.015
9/13/2011,3.30112,3.011467683,4.015
9/12/2011,3.2661,2.957006783,4.015
9/9/2011,3.21792,2.951085399,4.015
9/8/2011,3.28505,2.98117949,4.015
9/7/2011,3.31614,3.03539828,4.045
9/6/2011,3.26302,3.004186588,4.045
9/2/2011,3.26342,3.003136505,4.045
9/1/2011,3.36362,3.099418167,4.045
8/31/2011,3.42739,3.148514784,4.145
8/30/2011,3.3589,3.121241812,4.145
8/29/2011,3.44007,3.179287445,4.145
8/26/2011,3.35269,3.116463309,4.145
8/25/2011,3.3922,3.157226351,4.145
8/24/2011,3.30817,3.146452852,4.145
8/23/2011,3.36494,3.07709847,4.145
8/22/2011,3.30379,3.028170978,4.145
8/19/2011,3.28379,2.994619948,4.145
8/18/2011,3.24924,2.96687097,4.145
8/17/2011,3.26933,3.021365044,4.075
8/16/2011,3.31182,3.070011131,4.075
8/15/2011,3.38162,3.140270691,4.075
8/12/2011,3.31671,3.127163179,4.075
8/11/2011,3.37634,3.187909402,4.075
8/10/2011,3.23281,3.086925038,4.245
8/9/2011,3.36152,3.119517728,4.245
8/8/2011,3.5273,3.412358329,4.245
8/5/2011,3.64944,3.491082337,4.245
8/4/2011,3.4866,3.399151346,4.245
8/3/2011,3.61499,3.505633005,4.34
8/2/2011,3.65709,3.539698235,4.34
8/1/2011,3.76447,3.622394105,4.34
7/29/2011,3.80882,3.678735569,4.34
7/28/2011,3.93243,3.789718158,4.34
7/27/2011,3.97403,3.818958181,4.5
7/26/2011,3.9318,3.787007952,4.5
7/25/2011,3.96047,3.822942304,4.5
7/22/2011,3.92566,3.783180717,4.5
7/21/2011,3.95043,3.858499649,4.5
7/20/2011,3.91472,3.821245596,4.445
7/19/2011,3.9029,3.819951538,4.445
7/18/2011,3.91431,3.826061585,4.445
7/15/2011,3.88293,3.817947968,4.445
7/14/2011,3.89854,3.833197903,4.445
7/13/2011,3.86432,3.803571863,4.435
7/12/2011,3.89941,3.825462823,4.435
7/11/2011,3.91248,3.825373578,4.435
7/8/2011,3.95604,3.864970166,4.435
7/7/2011,4.0553,3.984234534,4.435
7/6/2011,4.00075,3.928651542,4.525
7/5/2011,4.01093,3.93627206,4.525
7/1/2011,4.04949,3.986371375,4.525
6/30/2011,4.02102,3.942742763,4.525
6/29/2011,3.99007,3.911085317,4.435
6/28/2011,3.96459,3.879661861,4.435
6/27/2011,3.88515,3.774814806,4.435
6/24/2011,3.84131,3.725443083,4.435
6/23/2011,3.84233,3.745571666,4.435
6/22/2011,3.91031,3.796049335,4.45
6/21/2011,3.93335,3.808125726,4.45
6/20/2011,3.92605,3.795693008,4.45
6/17/2011,3.90547,3.776497904,4.45
6/16/2011,3.88416,3.760909688,4.45
6/15/2011,3.9059,3.775380111,4.425
6/14/2011,3.97534,3.854925259,4.425
6/13/2011,3.90679,3.75369929,4.425
6/10/2011,3.89696,3.729388556,4.425
6/9/2011,3.89605,3.75018203,4.425
6/8/2011,3.85668,3.727399257,4.415
6/7/2011,3.89581,3.785944794,4.415
6/6/2011,3.90071,3.78906397,4.415
6/3/2011,3.89328,3.769965439,4.415
6/2/2011,3.91387,3.794031781,4.415
6/1/2011,3.86349,3.730361749,4.45
5/31/2011,3.93235,3.800646729,4.45
5/27/2011,3.93401,3.815595987,4.45
5/26/2011,3.91109,3.809260932,4.45
5/25/2011,3.98264,3.883844067,4.525
5/24/2011,3.98401,3.890655178,4.525
5/23/2011,3.99615,3.903607966,4.525
5/20/2011,3.99284,3.912498913,4.525
5/19/2011,4.00566,3.93045015,4.525
5/18/2011,3.99817,3.930508421,4.535
5/17/2011,3.9562,3.865141248,4.535
5/16/2011,3.97145,3.890782964,4.535
5/13/2011,3.98862,3.920940888,4.535
5/12/2011,4.00521,3.952249084,4.535
5/11/2011,3.98265,3.913065107,4.555
5/10/2011,4.01017,3.94229212,4.555
5/9/2011,3.96718,3.890657822,4.555
5/6/2011,3.98104,3.897573992,4.555
5/5/2011,3.98974,3.914419749,4.555
5/4/2011,4.04029,3.949135158,4.635
5/3/2011,4.07117,3.983128344,4.635
5/2/2011,4.10174,3.995941519,4.635
4/29/2011,4.09114,3.994353797,4.635
4/28/2011,4.10853,3.997693976,4.635
4/27/2011,4.17378,4.062782889,4.705
4/26/2011,4.14881,4.038051788,4.705
4/25/2011,4.17981,4.063912219,4.705
4/21/2011,4.21188,4.092752409,4.705
4/20/2011,4.21023,4.107872769,4.725
4/19/2011,4.18056,4.077746113,4.725
4/18/2011,4.1921,4.083598843,4.725
4/15/2011,4.22535,4.127382382,4.725
4/14/2011,4.29351,4.21024726,4.725
4/13/2011,4.28687,4.188631729,4.81
4/12/2011,4.30612,4.230071672,4.81
4/11/2011,4.35733,4.304678715,4.81
4/8/2011,4.36221,4.300392195,4.81
4/7/2011,4.35342,4.281584822,4.81
4/6/2011,4.35818,4.287441594,4.795
4/5/2011,4.32683,4.240049387,4.795
4/4/2011,4.27071,4.174698909,4.795
4/1/2011,4.27252,4.197798211,4.795
3/31/2011,4.26321,4.219169644,4.795
3/30/2011,4.26883,4.218214069,4.785
3/29/2011,4.30316,4.256558396,4.785
3/28/2011,4.2631,4.220709754,4.785
3/25/2011,4.26079,4.203856781,4.785
3/24/2011,4.22854,4.14849693,4.785
3/23/2011,4.20927,4.112859996,4.735
3/22/2011,4.18936,4.099376842,4.735
3/21/2011,4.16338,4.095581214,4.735
3/18/2011,4.11118,4.052401065,4.735
3/17/2011,4.10724,4.051965857,4.735
3/16/2011,4.08162,4.033856713,4.685
3/15/2011,4.17297,4.105037981,4.685
3/14/2011,4.17953,4.100670581,4.685
3/11/2011,4.21399,4.132846118,4.685
3/10/2011,4.19841,4.137613087,4.685
3/9/2011,4.24844,4.194728462,4.805
3/8/2011,4.31211,4.267343774,4.805
3/7/2011,4.27573,4.218202502,4.805
3/4/2011,4.26582,4.215786153,4.805
3/3/2011,4.3559,4.319107354,4.805
3/2/2011,4.27915,4.207089597,4.795
3/1/2011,4.23669,4.157705063,4.795
2/28/2011,4.23083,4.164298425,4.795
2/25/2011,4.24967,4.182468844,4.795
2/24/2011,4.26362,4.221514011,4.795
2/23/2011,4.30686,4.25712932,4.85
2/22/2011,4.29998,4.233842127,4.85
2/18/2011,4.36639,4.3097478,4.85
2/17/2011,4.35044,4.292154934,4.85
2/16/2011,4.39896,4.346044619,4.925
2/15/2011,4.38511,4.322660428,4.925
2/14/2011,4.39315,4.337393688,4.925
2/11/2011,4.43431,4.372357593,4.925
2/10/2011,4.50125,4.445314252,4.925
2/9/2011,4.45294,4.401853475,4.975
2/8/2011,4.48713,4.488728981,4.975
2/7/2011,4.41202,4.421891166,4.975
2/4/2011,4.39469,4.416868734,4.975
2/3/2011,4.32675,4.323469972,4.975
2/2/2011,4.2837,4.279090263,4.76
2/1/2011,4.23302,4.226200737,4.76
1/31/2011,4.17347,4.161008921,4.76
1/28/2011,4.14864,4.099226929,4.76
1/27/2011,4.17877,4.125144322,4.76
1/26/2011,4.23018,4.179864436,4.725
1/25/2011,4.1485,4.087057923,4.725
1/24/2011,4.19564,4.158655888,4.725
1/21/2011,4.18211,4.160890947,4.725
1/20/2011,4.21623,4.191326151,4.725
1/19/2011,4.11512,4.099664157,4.69
1/18/2011,4.14124,4.124045477,4.69
1/14/2011,4.08585,4.090172249,4.69
1/13/2011,4.07277,4.048862975,4.69
1/12/2011,4.12755,4.080903216,4.66
1/11/2011,4.13046,4.080645989,4.66
1/10/2011,4.0763,4.05090451,4.66
1/7/2011,4.10211,4.075126181,4.66
1/6/2011,4.20008,4.187835255,4.66
1/5/2011,4.24694,4.245375858,4.72
1/4/2011,4.1123,4.077861548,4.72
1/3/2011,4.11937,4.108708282,4.72
12/31/2010,4.10577,4.099880506,4.72
12/30/2010,4.18878,4.161012372,4.72
12/29/2010,4.1712,4.131509668,4.81
12/28/2010,4.32678,4.261813855,4.81
12/27/2010,4.21284,4.14290385,4.81
12/23/2010,4.22651,4.177434549,4.81
12/22/2010,4.1785,4.115037725,4.735
12/21/2010,4.17478,4.089525673,4.735
12/20/2010,4.21062,4.128016941,4.735
12/17/2010,4.16702,4.133692463,4.735
12/16/2010,4.35639,4.31735933,4.735
12/15/2010,4.38412,4.375506321,4.755
12/14/2010,4.28748,4.261889099,4.755
12/13/2010,4.10897,4.09593205,4.755
12/10/2010,4.12836,4.127233374,4.755
12/9/2010,4.05607,4.030780996,4.755
12/8/2010,4.10539,4.082476197,4.535
12/7/2010,4.05507,4.026381611,4.535
12/6/2010,3.85103,3.785276001,4.535
12/3/2010,3.94457,3.842007706,4.535
12/2/2010,3.9594,3.867583909,4.535
12/1/2010,3.93437,3.829527206,4.41
11/30/2010,3.77972,3.672560177,4.41
11/29/2010,3.77045,3.670329731,4.41
11/26/2010,3.82273,3.698981038,4.41
11/24/2010,3.85371,3.716550669,4.35
11/23/2010,3.70185,3.552299757,4.35
11/22/2010,3.72761,3.599436854,4.35
11/19/2010,3.7657,3.669690602,4.35
11/18/2010,3.75041,3.684962378,4.365
11/17/2010,3.71929,3.63805133,4.35
11/16/2010,3.72168,3.630976162,4.365
11/15/2010,3.73584,3.670303151,4.365
11/12/2010,3.60847,3.520786254,4.365
11/10/2010,3.48752,3.426850742,4.12
11/9/2010,3.50051,3.43375069,4.12
11/8/2010,3.40193,3.305210145,4.12
11/5/2010,3.36448,3.262794261,4.12
11/4/2010,3.29328,3.209632751,4.12
11/3/2010,3.37888,3.29278177,4.19
11/2/2010,3.39423,3.300904592,4.19
11/1/2010,3.44378,3.306702598,4.19
10/29/2010,3.39784,3.276398556,4.19
10/28/2010,3.43496,3.313646825,4.19
10/27/2010,3.49728,3.363718236,4.18
10/26/2010,3.44702,3.297246617,4.18
10/25/2010,3.37385,3.210280198,4.18
10/22/2010,3.31808,3.222606558,4.18
10/21/2010,3.29243,3.167326124,4.18
10/20/2010,3.25515,3.09484612,4.16
10/19/2010,3.26986,3.11288164,4.16
10/18/2010,3.29994,3.141176151,4.16
10/15/2010,3.37537,3.207513551,4.16
10/14/2010,3.28492,3.173475961,4.16
10/13/2010,3.26187,3.095978901,4.14
10/12/2010,3.28568,3.124837019,4.14
10/8/2010,3.23046,3.117285171,4.14
10/7/2010,3.22365,3.16744853,4.14
10/6/2010,3.26279,3.192486765,4.22
10/5/2010,3.33659,3.284917921,4.22
10/4/2010,3.33557,3.283689402,4.22
10/1/2010,3.38871,3.312795499,4.22
9/30/2010,3.38375,3.311618103,4.22
9/29/2010,3.37806,3.3139679,4.27
9/28/2010,3.31266,3.251413057,4.27
9/27/2010,3.35455,3.301595465,4.27
9/24/2010,3.44779,3.356797518,4.27
9/23/2010,3.38126,3.304942148,4.27
9/22/2010,3.34862,3.284414795,4.295
9/21/2010,3.38169,3.312267149,4.295
9/20/2010,3.50729,3.417677531,4.295
9/17/2010,3.58122,3.429819263,4.295
9/16/2010,3.54526,3.43725751,4.295
9/15/2010,3.49999,3.379992535,4.295
9/14/2010,3.42404,3.31285747,4.295
9/13/2010,3.48266,3.387808104,4.295
9/10/2010,3.58242,3.440989835,4.295
9/9/2010,3.27423,3.390533312,4.295
9/3/2010,3.48233,3.278582918,4.275
9/2/2010,3.37636,3.260119571,4.275
9/1/2010,3.30826,3.243642808,4.245
8/31/2010,3.19108,3.136298493,4.245
8/30/2010,3.33669,3.189385709,4.245
8/27/2010,3.47055,3.26106079,4.245
8/26/2010,3.30296,3.147862193,4.245
8/25/2010,3.36868,3.166193829,4.285
8/24/2010,3.3561,3.12842976,4.285
8/23/2010,3.42399,3.207544851,4.285
8/20/2010,3.42281,3.216288945,4.285
8/19/2010,3.30888,3.186930397,4.285
8/18/2010,3.44987,3.235009129,4.345
8/17/2010,3.40141,3.246403302,4.345
8/16/2010,3.30867,3.233093557,4.345
8/13/2010,3.37661,3.275953871,4.345
8/12/2010,3.44748,3.291848889,4.345
8/11/2010,3.34099,3.239852383,4.365
8/10/2010,3.44746,3.334960811,4.365
8/9/2010,3.48853,3.405966806,4.365
8/6/2010,3.48719,3.42208035,4.365
8/5/2010,3.55337,3.490779127,4.365
8/4/2010,3.5817,3.530246442,4.415
8/3/2010,3.52286,3.496701639,4.415
8/2/2010,3.5727,3.54123863,4.415
7/30/2010,3.48603,3.503904021,4.415
7/29/2010,3.55631,3.569039744,4.415
7/28/2010,3.57124,3.576100033,4.465
7/27/2010,3.62,3.65311623,4.465
7/26/2010,3.6203,3.611218027,4.465
7/23/2010,3.61862,3.625280544,4.465
7/22/2010,3.57445,3.587000512,4.465
7/21/2010,3.56787,3.573702063,4.485
7/20/2010,3.63593,3.610458967,4.485
7/19/2010,3.65741,3.648319178,4.485
7/16/2010,3.59773,3.626691484,4.485
7/15/2010,3.61225,3.674312093,4.485
7/14/2010,3.70043,3.750143112,4.495
7/13/2010,3.75306,3.81030538,4.495
7/12/2010,3.71395,3.774725835,4.495
7/9/2010,3.71575,3.783442458,4.495
7/8/2010,3.71168,3.754507413,4.495
7/7/2010,3.69837,3.726539614,4.495
7/6/2010,3.63513,3.730317211,4.495
7/2/2010,3.71696,3.785107368,4.495
7/1/2010,3.69379,3.769086633,4.495
6/30/2010,3.72459,3.785730628,4.505
6/29/2010,3.72533,3.796179366,4.505
6/28/2010,3.76157,3.850735444,4.505
6/25/2010,3.86458,3.953189102,4.505
6/24/2010,3.90814,3.98592731,4.505
6/23/2010,3.83092,3.963060164,4.615
6/22/2010,3.87492,4.018089463,4.615
6/21/2010,3.95504,4.055949025,4.615
6/18/2010,3.97044,4.072480708,4.615
6/17/2010,3.96819,4.056113336,4.615
6/16/2010,4.05488,4.136161502,4.675
6/15/2010,4.07554,4.172937027,4.675
6/14/2010,4.03885,4.16512262,4.675
6/11/2010,4.02205,4.142129488,4.675
6/10/2010,4.10653,4.220951644,4.675
6/9/2010,3.99425,4.140164093,4.645
6/8/2010,3.99958,4.171677761,4.645
6/7/2010,4.03222,4.166552483,4.645
6/4/2010,4.0385,4.172186703,4.645
6/3/2010,4.18758,4.284582707,4.645
6/2/2010,4.17668,4.260012964,4.74
6/1/2010,4.15107,4.245489531,4.74
5/28/2010,4.15474,4.231266111,4.74
5/27/2010,4.18162,4.275892347,4.74
5/26/2010,4.08488,4.202878916,4.705
5/25/2010,4.05822,4.183879034,4.705
5/24/2010,4.11355,4.192257726,4.705
5/21/2010,4.04344,4.170646065,4.705
5/20/2010,4.0603,4.251870419,4.705
5/19/2010,4.12777,4.304602246,4.765
5/18/2010,4.1366,4.306018929,4.765
5/17/2010,4.19016,4.34810418,4.765
5/14/2010,4.19185,4.335398682,4.765
5/13/2010,4.28249,4.368737505,4.765
5/12/2010,4.29267,4.388889975,4.855
5/11/2010,4.28638,4.392642768,4.855
5/10/2010,4.31165,4.42433119,4.855
5/7/2010,4.25838,4.384906779,4.855
5/6/2010,4.22256,4.462457327,4.855
5/5/2010,4.33516,4.481039785,4.925
5/4/2010,4.38044,4.499746806,4.925
5/3/2010,4.43302,4.485810521,4.925
4/30/2010,4.3907,4.421021665,4.925
4/29/2010,4.42317,4.398899684,4.925
4/28/2010,4.46529,4.475489219,4.985
4/27/2010,4.40982,4.440833272,4.985
4/26/2010,4.48697,4.489223427,4.985
4/23/2010,4.49658,4.475491786,4.985
4/22/2010,4.47368,4.41312538,4.985
4/21/2010,4.4287,4.361901592,4.995
4/20/2010,4.47168,4.387977731,4.995
4/19/2010,4.46477,4.368719371,4.995
4/16/2010,4.42115,4.317703725,4.995
4/15/2010,4.47895,4.400949154,4.995
4/14/2010,4.48641,4.422505929,4.97
4/13/2010,4.43649,4.395677796,4.97
4/12/2010,4.46068,4.431119847,4.97
4/9/2010,4.5415,4.475775112,4.97
4/8/2010,4.55471,4.479849913,4.97
4/7/2010,4.53391,4.437084546,5.11
4/6/2010,4.63966,4.524856391,5.11
4/5/2010,4.67493,4.604449116,5.11
4/1/2010,4.55501,4.454846851,5.11
3/31/2010,4.50331,4.395162885,5.005
3/30/2010,4.48989,4.423241171,5.005
3/29/2010,4.45928,4.440549023,5.005
3/26/2010,4.45679,4.413553173,5.005
3/25/2010,4.51081,4.47039233,5.005
3/24/2010,4.44807,4.432521423,4.89
3/23/2010,4.32888,4.331063207,4.89
3/22/2010,4.32647,4.34129875,4.89
3/19/2010,4.35592,4.375593594,4.89
3/18/2010,4.33242,4.335372769,4.89
3/17/2010,4.29599,4.295148131,4.885
3/16/2010,4.31666,4.320906586,4.885
3/15/2010,4.33894,4.383422947,4.885
3/12/2010,4.34343,4.402928649,4.885
3/11/2010,4.32585,4.409398733,4.885
3/10/2010,4.31726,4.395358384,4.875
3/9/2010,4.30864,4.392978718,4.875
3/8/2010,4.3426,4.424626271,4.875
3/5/2010,4.32644,4.40563414,4.875
3/4/2010,4.28354,4.339152024,4.875
3/3/2010,4.30757,4.379094957,4.895
3/2/2010,4.33437,4.381771025,4.895
3/1/2010,4.32837,4.394231981,4.895
2/26/2010,4.29075,4.383528295,4.895
2/25/2010,4.35418,4.416005682,4.895
2/24/2010,4.39585,4.469679702,4.975
2/23/2010,4.39144,4.4748323,4.975
2/22/2010,4.46245,4.565083791,4.975
2/19/2010,4.48631,4.594358421,4.975
2/18/2010,4.46816,4.596891768,4.975
2/17/2010,4.3914,4.558350684,4.855
2/16/2010,4.32327,4.499061389,4.855
2/12/2010,4.34606,4.534656662,4.855
2/11/2010,4.39879,4.602304428,4.855
2/10/2010,4.40636,4.606238484,4.895
2/9/2010,4.36532,4.546703234,4.895
2/8/2010,4.33204,4.483153556,4.895
2/5/2010,4.2766,4.439901199,4.895
2/4/2010,4.32385,4.510167308,4.895
2/3/2010,4.39478,4.603778046,4.935
2/2/2010,4.36193,4.546901742,4.935
2/1/2010,4.38304,4.580818027,4.935
1/29/2010,4.36203,4.565671319,4.935
1/28/2010,4.40354,4.625233628,4.935
1/27/2010,4.38713,4.624032345,4.88
1/26/2010,4.37082,4.609115327,4.88
1/25/2010,4.38081,4.635679178,4.88
1/22/2010,4.34531,4.61163948,4.88
1/21/2010,4.33517,4.60861379,4.88
1/20/2010,4.36779,4.656582776,4.915
1/19/2010,4.40197,4.707457174,4.915
1/15/2010,4.36967,4.663374834,4.915
1/14/2010,4.42659,4.705968211,4.915
1/13/2010,4.45415,4.748155888,4.985
1/12/2010,4.40876,4.658025623,4.985
1/11/2010,4.48888,4.743077892,4.985
1/8/2010,4.49953,4.760314202,4.985
1/7/2010,4.50504,4.816749794,4.985
1/6/2010,4.47574,4.801370443,5.015
1/5/2010,4.43666,4.757816316,5.015
1/4/2010,4.53253,4.871368511,5.015
12/31/2009,4.55925,4.89313655,5.015
12/30/2009,4.52277,4.831342413,5.065
12/29/2009,4.55623,4.91034297,5.065
12/28/2009,4.59678,4.959697494,5.065
12/24/2009,4.54667,4.89992746,5.065
12/23/2009,4.49594,4.852824932,4.975
12/22/2009,4.4854,4.888445817,4.975
12/21/2009,4.41004,4.821990053,4.975
12/18/2009,4.26291,4.644562251,4.975
12/17/2009,4.19822,4.60147138,4.975
12/16/2009,4.32492,4.693732782,4.865
12/15/2009,4.35407,4.71899076,4.865
12/14/2009,4.28317,4.627555981,4.865
12/11/2009,4.24709,4.600174152,4.865
12/10/2009,4.22515,4.531706127,4.865
12/9/2009,4.19167,4.474448648,4.735
12/8/2009,4.15043,4.453406652,4.735
12/7/2009,4.1946,4.540662828,4.735
12/4/2009,4.24431,4.606347292,4.735
12/3/2009,4.16943,4.472849693,4.735
12/2/2009,4.10651,4.389334144,4.635
12/1/2009,4.04365,4.335197179,4.635
11/30/2009,3.949,4.250145676,4.635
11/27/2009,3.95395,4.254787842,4.635
11/25/2009,3.99745,4.285706277,4.705
11/24/2009,4.00757,4.315176538,4.705
11/23/2009,4.08914,4.380327513,4.705
11/20/2009,4.11407,4.364487572,4.705
11/19/2009,4.14203,4.346099881,4.755
11/18/2009,4.13219,4.371873736,4.705
11/17/2009,4.08364,4.336590399,4.755
11/16/2009,4.02764,4.354713867,4.755
11/13/2009,4.12598,4.470141079,4.755
11/12/2009,4.20549,4.452740092,4.755
11/10/2009,4.25006,4.514701804,4.835
11/9/2009,4.27718,4.547433095,4.835
11/6/2009,4.29318,4.595324366,4.835
11/5/2009,4.34027,4.664028922,4.835
11/4/2009,4.39722,4.691582573,4.905
11/3/2009,4.37341,4.629279224,4.905
11/2/2009,4.34084,4.596033091,4.905
10/30/2009,4.28974,4.555012329,4.905
10/29/2009,4.35555,4.672189783,4.905
10/28/2009,4.29321,4.587063185,4.955
10/27/2009,4.3817,4.649671729,4.955
10/26/2009,4.45896,4.756770608,4.955
10/23/2009,4.38826,4.658938877,4.955
10/22/2009,4.34888,4.588649977,4.955
10/21/2009,4.35191,4.581635069,4.925
10/20/2009,4.3051,4.490685144,4.925
10/19/2009,4.34231,4.564451571,4.925
10/16/2009,4.35815,4.593203711,4.925
10/15/2009,4.40039,4.637408637,4.925
10/14/2009,4.32297,4.572059778,4.845
10/13/2009,4.21893,4.45409028,4.845
10/9/2009,4.25157,4.544589108,4.845
10/8/2009,4.12155,4.36556185,4.845
10/7/2009,4.09165,4.327127123,4.795
10/6/2009,4.14112,4.408324327,4.795
10/5/2009,4.13197,4.387404738,4.795
10/2/2009,4.10628,4.365287709,4.795
10/1/2009,4.10367,4.353301112,4.795
9/30/2009,4.22467,4.452545656,4.865
9/29/2009,4.20862,4.439638578,4.865
9/28/2009,4.21577,4.418521588,4.865
9/25/2009,4.26938,4.460712855,4.865
9/24/2009,4.30776,4.502005556,4.865
9/23/2009,4.3747,4.571804811,4.94
9/22/2009,4.3859,4.662990673,4.94
9/21/2009,4.41353,4.69465403,4.94
9/18/2009,4.38725,4.701156092,4.94
9/17/2009,4.31061,4.631718746,4.94
9/16/2009,4.3875,4.724915283,4.965
9/15/2009,4.39235,4.682765473,4.965
9/14/2009,4.35672,4.60451602,4.965
9/11/2009,4.28939,4.522628696,4.965
9/10/2009,4.28497,4.517195211,4.965
9/9/2009,4.39986,4.613200917,4.995
9/8/2009,4.41471,4.6522074,4.995
9/4/2009,4.42369,4.619362413,4.995
9/3/2009,4.36197,4.537652763,4.995
9/2/2009,4.31469,4.521459157,5.005
9/1/2009,4.4018,4.597877154,5.005
8/31/2009,4.42184,4.613620073,5.005
8/28/2009,4.48402,4.678088959,5.005
8/27/2009,4.48932,4.691869075,5.005
8/26/2009,4.4625,4.712358726,5.065
8/25/2009,4.46678,4.723950883,5.065
8/24/2009,4.48969,4.798943734,5.065
8/21/2009,4.52183,4.869699322,5.065
8/20/2009,4.44681,4.735741138,5.065
8/19/2009,4.47725,4.771341387,5.045
8/18/2009,4.50866,4.814257816,5.045
8/17/2009,4.46616,4.771448442,5.045
8/14/2009,4.49058,4.833612244,5.045
8/13/2009,4.52706,4.876358182,5.045
8/12/2009,4.63628,4.999387595,5.215
8/11/2009,4.6274,5.046862123,5.215
8/10/2009,4.69414,5.156868182,5.215
8/7/2009,4.80233,5.26194242,5.215
8/6/2009,4.70882,5.089275174,5.215
8/5/2009,4.6917,5.101593517,5.12
8/4/2009,4.57818,4.986817731,5.12
8/3/2009,4.52002,4.96599331,5.12
7/31/2009,4.39662,4.76495449,5.12
7/30/2009,4.54111,4.885020823,5.12
7/29/2009,4.54564,4.897371084,5.175
7/28/2009,4.58806,4.89257877,5.175
7/27/2009,4.63864,4.937092648,5.175
7/24/2009,4.60961,4.891296598,5.175
7/23/2009,4.67137,4.9385266,5.175
7/22/2009,4.49585,4.750559222,5.125
7/21/2009,4.44506,4.721726056,5.125
7/20/2009,4.56841,4.845012336,5.125
7/17/2009,4.63048,4.927711182,5.125
7/16/2009,4.57215,4.818445599,5.125
7/15/2009,4.64541,4.891379283,5.065
7/14/2009,4.47507,4.691874236,5.065
7/13/2009,4.40426,4.562801449,5.065
7/10/2009,4.33427,4.488128294,5.065
7/9/2009,4.43346,4.574877011,5.065
7/8/2009,4.32917,4.474580406,5.125
7/7/2009,4.47649,4.647616501,5.125
7/6/2009,4.51321,4.713879299,5.125
7/2/2009,4.51238,4.743488304,5.125
7/1/2009,4.55199,4.836839041,5.245
6/30/2009,4.58369,4.844116355,5.245
6/29/2009,4.53823,4.789627618,5.245
6/26/2009,4.52963,4.774311465,5.245
6/25/2009,4.55736,4.824639403,5.245
6/24/2009,4.72952,4.951198614,5.345
6/23/2009,4.71717,4.957379278,5.345
6/22/2009,4.70692,5.01190707,5.345
6/19/2009,4.79977,5.115448179,5.345
6/18/2009,4.86953,5.196112494,5.345
6/17/2009,4.55337,4.892718691,5.305
6/16/2009,4.65143,4.932066222,5.305
6/15/2009,4.71585,4.973642347,5.305
6/12/2009,4.84314,5.102692449,5.305
6/11/2009,4.9734,5.288979703,5.305
6/10/2009,5.05803,5.415481213,5.515
6/9/2009,4.96809,5.281908064,5.515
6/8/2009,5.02103,5.423030955,5.515
6/5/2009,4.91336,5.322290407,5.515
6/4/2009,4.72477,5.021003526,5.515
6/3/2009,4.53166,4.744728101,5.215
6/2/2009,4.60383,4.890357448,5.215
6/1/2009,4.65719,5.005448284,5.215
5/29/2009,4.3483,4.590942996,5.215
5/28/2009,4.69701,4.919751485,5.215
5/27/2009,4.54613,4.989571976,4.835
5/26/2009,4.1848,4.616782323,4.835
5/22/2009,4.12679,4.496441388,4.835
5/21/2009,4.0625,4.33076562,4.835
5/20/2009,3.96589,4.147780617,4.745
5/19/2009,4.00194,4.17949434,4.745
5/18/2009,3.99902,4.152394177,4.745
5/15/2009,3.94836,4.102590785,4.745
5/14/2009,3.93771,4.084053329,4.745
5/13/2009,3.93444,4.031992983,4.76
5/12/2009,3.98366,4.065143399,4.76
5/11/2009,3.99949,4.087631177,4.76
5/8/2009,4.12926,4.211146596,4.76
5/7/2009,4.08542,4.223192631,4.76
5/6/2009,3.96813,4.104771931,4.765
5/5/2009,3.98397,4.140028091,4.765
5/4/2009,4.03828,4.160731116,4.765
5/1/2009,4.08589,4.156768193,4.765
4/30/2009,4.0141,4.05954429,4.765
4/29/2009,3.9857,4.027446636,4.705
4/28/2009,3.90251,3.962279363,4.705
4/27/2009,3.83804,3.946190978,4.705
4/24/2009,3.99335,4.0474702,4.705
4/23/2009,3.99401,3.947293644,4.705
4/22/2009,4.02445,3.989317534,4.725
4/21/2009,3.99604,3.931249604,4.725
4/20/2009,3.99622,3.889742997,4.725
4/17/2009,4.03458,3.965001152,4.725
4/16/2009,3.97094,3.802505915,4.725
4/15/2009,3.93676,3.719064897,4.72
4/14/2009,3.95807,3.749778003,4.72
4/13/2009,3.98164,3.834268262,4.72
4/9/2009,4.01888,3.915183801,4.72
4/8/2009,3.93131,3.870207986,4.795
4/7/2009,4.0099,3.934241948,4.795
4/6/2009,4.06849,3.990897811,4.795
4/3/2009,4.07413,3.902222419,4.795
4/2/2009,3.98127,3.732886038,4.795
4/1/2009,3.90441,3.659971216,4.705
3/31/2009,3.8956,3.678499314,4.705
3/30/2009,3.88421,3.678363385,4.705
3/27/2009,3.91313,3.700546864,4.705
3/26/2009,3.93591,3.691131281,4.705
3/25/2009,3.96227,3.744072933,4.775
3/24/2009,3.93485,3.643749836,4.775
3/23/2009,3.92894,3.696276373,4.775
3/20/2009,3.89692,3.737594534,4.775
3/19/2009,3.83377,3.676225817,4.775
3/18/2009,3.87716,3.81562809,4.905
3/17/2009,4.20916,4.191634596,4.905
3/16/2009,4.20653,4.17587658,4.905
3/13/2009,4.17876,4.146847309,4.905
3/12/2009,4.17572,4.160600067,4.905
3/11/2009,4.22952,4.217356514,4.955
3/10/2009,4.2873,4.31614574,4.955
3/9/2009,4.26007,4.279963403,4.955
3/6/2009,4.21441,4.215791217,4.955
3/5/2009,4.22296,4.225098577,4.955
3/4/2009,4.38778,4.409744796,5.075
3/3/2009,4.35917,4.341374539,5.075
3/2/2009,4.39784,4.315181148,5.075
2/27/2009,4.45539,4.420253269,5.075
2/26/2009,4.4149,4.339521234,5.075
2/25/2009,4.40221,4.344775153,4.995
2/24/2009,4.28183,4.115225362,4.995
2/23/2009,4.2296,4.071518917,4.995
2/20/2009,4.19569,4.091908973,4.995
2/19/2009,4.24084,4.149673521,4.995
2/18/2009,4.11982,4.060579147,4.965
2/17/2009,4.09683,4.017452089,4.965
2/13/2009,4.24557,4.159703364,4.965
2/12/2009,4.05528,3.963622011,4.965
2/11/2009,4.0733,4.018719584,5.085
2/10/2009,4.16012,4.198003024,5.085
2/9/2009,4.34913,4.305255128,5.085
2/6/2009,4.36683,4.289519512,5.085
2/5/2009,4.31812,4.222702132,5.085
2/4/2009,4.34958,4.241551959,5.2
2/3/2009,4.28905,4.11630745,5.2
2/2/2009,4.15784,4.025615209,5.2
1/30/2009,4.29037,4.076205615,5.2
1/29/2009,4.29591,3.999997902,5.2
1/28/2009,4.00898,3.8463891,5.025
1/27/2009,3.91328,3.747240223,5.025
1/26/2009,4.02083,3.83925954,5.025
1/23/2009,4.00493,3.750902233,5.025
1/22/2009,4.05342,3.677346483,5.025
1/21/2009,4.08436,3.604566375,5.045
1/20/2009,3.92854,3.428837522,5.045
1/16/2009,3.91302,3.377648063,5.045
1/15/2009,3.80857,3.353478092,5.045
1/14/2009,3.75495,3.260078763,4.885
1/13/2009,3.75991,3.299474668,4.885
1/12/2009,3.79585,3.327127122,4.885
1/9/2009,3.81249,3.405226718,4.885
1/8/2009,3.72187,3.510714077,4.885
1/7/2009,3.60119,3.628848676,4.91
1/6/2009,3.60517,3.747954315,4.91
1/5/2009,4.06922,3.849199693,4.91
1/2/2009,3.63296,3.843481805,4.91
12/31/2008,4.00708,3.656932817,5.025
12/30/2008,3.89246,3.582810832,5.025
12/29/2008,3.75228,3.608239929,5.025
12/26/2008,3.87289,3.639282436,5.025
12/24/2008,4.00553,3.669298398,5.09
12/23/2008,4.10336,3.624140518,5.09
12/22/2008,4.03628,3.580855114,5.09
12/19/2008,3.79982,3.516394415,5.09
12/18/2008,3.77292,3.441989101,5.115
12/17/2008,3.79209,3.495196078,5.09
12/16/2008,3.98071,3.719659358,5.115
12/15/2008,4.1355,4.103525487,5.115
12/12/2008,4.10814,4.271506154,5.115
12/11/2008,4.11336,4.281122467,5.115
12/10/2008,4.35737,4.302471893,5.395
12/9/2008,4.52121,4.334572615,5.395
12/8/2008,4.70612,4.354801657,5.395
12/5/2008,4.72506,4.330698431,5.395
12/4/2008,4.48864,4.243873954,5.395
12/3/2008,4.56259,4.24163128,5.455
12/2/2008,4.65028,4.259032372,5.455
12/1/2008,4.6019,4.362564683,5.455
11/28/2008,4.82937,4.584316236,5.455
11/26/2008,4.76604,4.611188271,5.895
11/25/2008,4.75014,4.650671626,5.895
11/24/2008,5.34056,4.916867694,5.895
11/21/2008,5.35168,4.943164221,5.895
11/20/2008,5.40782,4.920089544,5.965
11/19/2008,5.45948,5.111101442,5.895
11/18/2008,5.4702,5.166792792,5.965
11/17/2008,5.54453,5.243834255,5.965
11/14/2008,5.49487,5.257780953,5.965
11/13/2008,5.55392,5.209262632,5.965
11/12/2008,5.42963,5.06601868,6.065
11/10/2008,5.57721,5.196780032,6.065
11/7/2008,5.48216,5.225880004,6.065
11/6/2008,5.48354,5.147194346,6.065
11/5/2008,5.44883,5.111842559,6.125
11/4/2008,5.59651,5.195166766,6.125
11/3/2008,5.94965,5.374778206,6.125
10/31/2008,5.98811,5.416026499,6.125
10/30/2008,6.024,5.385951105,6.125
10/29/2008,6.01414,5.383744725,6.385
10/28/2008,6.04844,5.421921138,6.385
10/27/2008,5.91991,5.359432554,6.385
10/24/2008,5.67504,5.322224639,6.385
10/23/2008,5.41055,5.158337802,6.385
10/22/2008,5.37637,5.079603599,5.94
10/21/2008,5.3554,5.108053005,5.94
10/20/2008,5.50881,5.333912254,5.94
10/17/2008,5.82867,5.506232233,5.94
10/16/2008,5.84358,5.592656358,5.94
10/15/2008,5.90519,5.658576315,6.36
10/14/2008,6.01234,5.8454256,6.36
10/10/2008,5.84477,5.751307286,6.36
10/9/2008,5.66674,5.586532714,6.36
10/8/2008,5.45232,5.30079386,5.84
10/7/2008,5.26288,5.20642763,5.84
10/6/2008,5.21162,5.064446308,5.84
10/3/2008,5.4475,5.326754926,5.84
10/2/2008,5.45694,5.3871561,5.84
10/1/2008,5.49707,5.453713695,6
9/30/2008,5.5156,5.523947576,6
9/29/2008,5.36504,5.286282345,6
9/26/2008,5.45085,5.442471911,6
9/25/2008,5.4753,5.537102137,6
9/24/2008,5.46486,5.503402029,6.015
9/23/2008,5.46543,5.415070769,6.015
9/22/2008,5.43345,5.355480123,6.015
9/19/2008,5.29412,5.339186459,6.015
9/18/2008,5.24059,5.10778509,6.015
9/17/2008,5.21897,5.075048902,5.68
9/16/2008,5.19951,5.125713613,5.68
9/15/2008,5.01762,4.985890245,5.68
9/12/2008,5.3042,5.161734697,5.68
9/11/2008,5.20018,5.066554155,5.68
9/10/2008,5.20774,5.099007522,5.855
9/9/2008,5.14552,5.078663148,5.855
9/8/2008,5.11343,5.112866508,5.855
9/5/2008,5.64419,5.188947848,5.855
9/4/2008,5.60593,5.172968507,5.855
9/3/2008,5.70324,5.208244241,6.275
9/2/2008,5.76158,5.243149642,6.275
8/29/2008,5.79853,5.289948348,6.275
8/28/2008,5.76723,5.292351083,6.275
8/27/2008,5.8015,5.279360334,6.3
8/26/2008,5.83232,5.318918749,6.3
8/25/2008,5.87194,5.343101485,6.3
8/22/2008,5.93749,5.385642401,6.3
8/21/2008,5.9001,5.34108229,6.3
8/20/2008,5.80583,5.296557363,6.395
8/19/2008,5.95402,5.34401657,6.395
8/18/2008,5.95599,5.334665684,6.395
8/15/2008,5.96405,5.338477869,6.395
8/14/2008,6.03352,5.34905849,6.395
8/13/2008,6.05706,5.387294011,6.445
8/12/2008,6.02876,5.351831028,6.445
8/11/2008,6.08798,5.435249688,6.445
8/8/2008,6.00624,5.399520896,6.445
8/7/2008,6.05188,5.391588626,6.445
8/6/2008,6.12899,5.489033211,6.445
8/5/2008,6.04893,5.441155349,6.445
8/4/2008,6.01006,5.434847646,6.445
8/1/2008,5.94304,5.389275208,6.445
7/31/2008,5.9366,5.408562501,6.445
7/30/2008,5.98257,5.462927367,6.445
7/29/2008,6.02543,5.503222303,6.445
7/28/2008,5.97205,5.473974672,6.445
7/25/2008,6.09366,5.567812677,6.445
7/24/2008,5.96688,5.501787832,6.445
7/23/2008,6.12548,5.643450272,6.53
7/22/2008,6.15327,5.613544703,6.53
7/21/2008,6.11861,5.617516286,6.53
7/18/2008,6.13689,5.64768718,6.53
7/17/2008,6.03498,5.594340443,6.53
7/16/2008,5.84484,5.427607613,6.16
7/15/2008,5.69922,5.37385688,6.16
7/14/2008,5.7262,5.431350904,6.16
7/11/2008,5.78406,5.482995932,6.16
7/10/2008,5.7032,5.365950491,6.16
7/9/2008,5.71617,5.359790784,6.27
7/8/2008,5.81904,5.448277212,6.27
7/7/2008,5.951,5.518602034,6.27
7/3/2008,5.94638,5.556188369,6.27
7/2/2008,5.90336,5.548407871,6.25
7/1/2008,5.87926,5.57308781,6.25
6/30/2008,5.82023,5.543970573,6.25
6/27/2008,5.84366,5.575026786,6.25
6/26/2008,5.90352,5.605360176,6.25
6/25/2008,5.95788,5.656822224,6.35
6/24/2008,5.9575,5.663410855,6.35
6/23/2008,5.98819,5.712324972,6.35
6/20/2008,5.92151,5.648872921,6.35
6/19/2008,5.94374,5.660026365,6.35
6/18/2008,5.90615,5.619199417,6.345
6/17/2008,6.00955,5.728641459,6.345
6/16/2008,6.08137,5.800560813,6.345
6/13/2008,6.05793,5.819292806,6.345
6/12/2008,6.01778,5.762223827,6.345
6/11/2008,5.88874,5.634385963,6.245
6/10/2008,5.96254,5.74359338,6.245
6/9/2008,5.81817,5.645793423,6.245
6/6/2008,5.72572,5.490981028,6.245
6/5/2008,5.76712,5.488838307,6.245
6/4/2008,5.66156,5.357201903,5.99
6/3/2008,5.55953,5.303074556,5.99
6/2/2008,5.60869,5.368135677,5.99
5/30/2008,5.67041,5.432080917,5.99
5/29/2008,5.71441,5.481003931,5.99
5/28/2008,5.635,5.396651373,5.98
5/27/2008,5.51062,5.311535399,5.98
5/23/2008,5.40601,5.207289165,5.98
5/22/2008,5.4751,5.28572652,5.98
5/21/2008,5.35903,5.157771779,5.855
5/20/2008,5.30407,5.114630042,5.855
5/19/2008,5.35742,5.15980167,5.855
5/16/2008,5.39561,5.220035066,5.855
5/15/2008,5.40203,5.237505651,5.855
5/14/2008,5.55211,5.383670603,5.91
5/13/2008,5.54224,5.361989608,5.91
5/12/2008,5.40558,5.183242738,5.91
5/9/2008,5.35232,5.163656748,5.91
5/8/2008,5.32256,5.158639073,5.91
5/7/2008,5.39367,5.203814375,5.875
5/6/2008,5.43589,5.23507703,5.875
5/5/2008,5.4155,5.189927293,5.875
5/2/2008,5.38863,5.187110622,5.875
5/1/2008,5.34362,5.146900434,5.875
4/30/2008,5.40219,5.189175909,5.935
4/29/2008,5.47144,5.284025111,5.935
4/28/2008,5.49081,5.311209513,5.935
4/25/2008,5.5306,5.360920185,5.935
4/24/2008,5.51979,5.344670481,5.935
4/23/2008,5.4325,5.218365131,5.855
4/22/2008,5.38548,5.212501202,5.855
4/21/2008,5.42507,5.209625258,5.855
4/18/2008,5.48385,5.25592993,5.855
4/17/2008,5.57791,5.304448325,5.855
4/16/2008,5.54358,5.260716742,5.73
4/15/2008,5.38224,5.068190235,5.73
4/14/2008,5.2727,4.973576659,5.73
4/11/2008,5.2083,4.928546125,5.73
4/10/2008,5.2699,4.960759314,5.73
4/9/2008,5.19316,4.876971318,5.73
4/8/2008,5.28216,4.962750394,5.73
4/7/2008,5.23363,4.973848319,5.73
4/4/2008,5.16736,4.899665221,5.73
4/3/2008,5.37571,5.025963723,5.73
4/2/2008,5.43194,5.012245674,5.755
4/1/2008,5.36824,4.959161621,5.755
3/31/2008,5.26202,4.894356256,5.755
3/28/2008,5.28215,4.952459268,5.755
3/27/2008,5.39164,5.053482307,5.755
3/26/2008,5.29599,5.01669714,5.7
3/25/2008,5.30409,5.02600693,5.7
3/24/2008,5.3473,5.044514576,5.7
3/20/2008,5.06543,4.846703479,5.7
3/19/2008,5.1225,4.809365783,5.745
3/18/2008,5.26363,4.950006177,5.745
3/17/2008,5.08274,4.870620439,5.745
3/14/2008,5.47714,5.043959095,5.745
3/13/2008,5.5453,5.14813448,5.745
3/12/2008,5.50334,5.12069757,6.005
3/11/2008,5.77938,5.270422585,6.005
3/10/2008,5.76087,5.232582648,6.005
3/7/2008,5.79413,5.313320785,6.005
3/6/2008,5.94293,5.397341652,6.005
3/5/2008,5.81134,5.336021278,5.905
3/4/2008,5.63182,5.190925037,5.905
3/3/2008,5.43774,5.084482329,5.905
2/29/2008,5.35969,5.072838379,5.905
2/28/2008,5.4989,5.220566918,5.905
2/27/2008,5.69071,5.337469093,6.115
2/26/2008,5.78509,5.395455753,6.115
2/25/2008,5.86195,5.496761717,6.115
2/22/2008,5.71944,5.400813807,6.115
2/21/2008,5.5927,5.348332621,6.115
2/20/2008,5.76701,5.464146482,5.94
2/19/2008,5.73451,5.432000578,5.94
2/15/2008,5.50329,5.299505413,5.94
2/14/2008,5.51998,5.321699242,5.94
2/13/2008,5.32945,5.133920289,5.57
2/12/2008,5.25661,5.11152513,5.57
2/11/2008,5.19384,5.056108309,5.57
2/8/2008,5.20211,5.055312739,5.57
2/7/2008,5.26285,5.115616972,5.57
2/6/2008,5.11977,4.993717634,5.52
2/5/2008,5.04078,4.966866395,5.52
2/4/2008,5.14855,5.019988657,5.52
2/1/2008,5.07129,4.996119443,5.52
1/31/2008,5.12147,5.042313769,5.52
1/30/2008,5.18726,5.100624165,5.53
1/29/2008,5.11346,5.062839395,5.53
1/28/2008,5.03004,5.011364062,5.53
1/25/2008,5.08433,5.030406265,5.53
1/24/2008,5.20552,5.086048118,5.53
1/23/2008,4.86534,4.842015513,5.33
1/22/2008,4.82456,4.851475375,5.33
1/18/2008,5.07507,5.009543061,5.33
1/17/2008,5.04624,4.999885496,5.33
1/16/2008,5.12728,5.067771727,5.565
1/15/2008,5.04364,5.046743171,5.565
1/14/2008,5.13481,5.119774556,5.565
1/11/2008,5.17318,5.143359973,5.565
1/10/2008,5.28583,5.246956026,5.565
1/9/2008,5.2107,5.193274138,5.72
1/8/2008,5.25517,5.215738057,5.72
1/7/2008,5.23878,5.24982703,5.72
1/4/2008,5.28617,5.294756046,5.72
1/3/2008,5.3789,5.36722847,5.72
1/2/2008,5.39414,5.37250905,5.945
12/31/2007,5.5067,5.493149466,5.945
12/28/2007,5.59539,5.538125034,5.945
12/27/2007,5.73511,5.634888454,5.945
12/26/2007,5.79908,5.693055207,6.045
12/24/2007,5.74257,5.639500826,6.045
12/21/2007,5.68464,5.593803306,6.045
12/20/2007,5.52723,5.477000286,6.045
12/19/2007,5.53357,5.495683625,5.99
12/18/2007,5.61771,5.532187914,5.99
12/17/2007,5.73971,5.630734339,5.99
12/14/2007,5.75288,5.664013418,5.99
12/13/2007,5.66802,5.596217805,5.99
12/12/2007,5.59488,5.549374572,5.985
12/11/2007,5.54528,5.542389584,5.985
12/10/2007,5.7185,5.650751868,5.985
12/7/2007,5.68009,5.623823403,5.985
12/6/2007,5.49202,5.481370746,5.985
12/5/2007,5.40073,5.412625264,5.81
12/4/2007,5.39349,5.412001339,5.81
12/3/2007,5.39401,5.403635101,5.81
11/30/2007,5.43923,5.458046821,5.81
11/29/2007,5.48448,5.496757728,5.81
11/28/2007,5.58194,5.569786281,5.975
11/27/2007,5.62014,5.554047652,5.975
11/26/2007,5.47701,5.432891406,5.975
11/23/2007,5.66973,5.582865696,5.975
11/21/2007,5.72955,5.619240007,6.075
11/20/2007,5.80547,5.640020987,6.075
11/19/2007,5.74195,5.61738753,6.075
11/16/2007,5.77368,5.62590134,6.075
11/15/2007,5.74313,5.639112188,6.09
11/14/2007,5.81237,5.697834793,6.075
11/13/2007,5.83079,5.71188665,6.09
11/9/2007,5.81494,5.716208082,6.09
11/8/2007,5.85192,5.774834119,6.09
11/7/2007,5.87137,5.781272724,6.09
11/6/2007,5.86598,5.759790677,6.09
11/5/2007,5.81429,5.716733141,6.09
11/2/2007,5.72404,5.661584126,6.09
11/1/2007,5.76173,5.706053616,6.09
10/31/2007,5.82636,5.764212357,6.11
10/30/2007,5.74383,5.707223825,6.11
10/29/2007,5.74053,5.723768205,6.11
10/26/2007,5.7513,5.727683634,6.11
10/25/2007,5.69814,5.702341722,6.11
10/24/2007,5.68865,5.67898802,6.205
10/23/2007,5.77363,5.733468009,6.205
10/22/2007,5.79053,5.739753056,6.205
10/19/2007,5.78826,5.743246008,6.205
10/18/2007,5.85501,5.828019376,6.205
10/17/2007,5.90414,5.859327919,6.275
10/16/2007,5.9741,5.92760552,6.275
10/15/2007,5.98213,5.927779603,6.275
10/12/2007,5.98161,5.94345108,6.275
10/11/2007,5.9681,5.92033834,6.275
10/10/2007,5.98497,5.946793366,6.25
10/9/2007,5.98408,5.978511127,6.25
10/5/2007,5.98487,5.980795716,6.25
10/4/2007,5.88909,5.869363086,6.25
10/3/2007,5.90551,5.878196131,6.245
10/2/2007,5.91811,5.87967093,6.245
10/1/2007,5.93729,5.925276487,6.245
9/28/2007,5.95066,5.9245029,6.245
9/27/2007,5.92373,5.913150711,6.245
9/26/2007,5.98048,5.973365247,6.295
9/25/2007,5.97037,5.989618077,6.295
9/24/2007,5.97496,5.976328653,6.295
9/21/2007,5.95164,5.973657307,6.295
9/20/2007,5.96554,5.99883568,6.295
9/19/2007,5.795,5.822789731,6.215
9/18/2007,5.79823,5.832183109,6.215
9/17/2007,5.894,5.908327697,6.215
9/14/2007,5.89106,5.888335037,6.215
9/13/2007,5.9126,5.916990166,6.215
9/12/2007,5.87022,5.866961551,6.185
9/11/2007,5.80365,5.817800079,6.185
9/10/2007,5.73113,5.75306424,6.185
9/7/2007,5.76133,5.769511256,6.185
9/6/2007,5.9335,5.895528546,6.185
9/5/2007,5.92707,5.894786483,6.335
9/4/2007,6.01567,5.969083785,6.335
8/31/2007,5.99344,5.961913919,6.335
8/30/2007,5.97114,5.928724304,6.335
8/29/2007,5.97927,5.97389139,6.325
8/28/2007,5.9438,5.945613064,6.325
8/27/2007,5.97041,5.964407605,6.325
8/24/2007,5.98703,6.004429174,6.325
8/23/2007,6.02021,6.048539053,6.325
8/22/2007,6.02985,6.066396123,6.37
8/21/2007,6.01298,6.061793014,6.37
8/20/2007,6.07633,6.101081891,6.37
8/17/2007,6.11128,6.141197926,6.37
8/16/2007,6.14169,6.121772525,6.37
8/15/2007,6.20664,6.150418938,6.47
8/14/2007,6.1677,6.167199762,6.47
8/13/2007,6.16927,6.188305829,6.47
8/10/2007,6.15063,6.192128826,6.47
8/9/2007,6.12613,6.181948332,6.47
8/8/2007,6.16603,6.196418432,6.44
8/7/2007,6.10728,6.134701097,6.44
8/6/2007,6.12133,6.162737467,6.44
8/3/2007,6.10397,6.134895271,6.44
8/2/2007,6.17056,6.176737896,6.44
8/1/2007,6.20234,6.205785719,6.505
7/31/2007,6.22355,6.231794512,6.505
7/30/2007,6.24717,6.27644317,6.505
7/27/2007,6.21896,6.2823863,6.505
7/26/2007,6.2137,6.238386794,6.505
7/25/2007,6.27441,6.259968882,6.54
7/24/2007,6.28258,6.275468665,6.54
7/23/2007,6.28112,6.257388135,6.54
7/20/2007,6.265,6.249407098,6.54
7/19/2007,6.30406,6.272883764,6.54
7/18/2007,6.28572,6.267541411,6.58
7/17/2007,6.33529,6.322895498,6.58
7/16/2007,6.30073,6.28704773,6.58
7/13/2007,6.33145,6.344955152,6.58
7/12/2007,6.33541,6.353372306,6.58
7/11/2007,6.3107,6.335315355,6.58
7/10/2007,6.28291,6.302625414,6.58
7/9/2007,6.35041,6.360498975,6.58
7/6/2007,6.3727,6.398407154,6.58
7/5/2007,6.3398,6.343769768,6.58
7/3/2007,6.25963,6.257673621,6.48
7/2/2007,6.22665,6.219420311,6.48
6/29/2007,6.25387,6.246416727,6.48
6/28/2007,6.2982,6.297863604,6.48
6/27/2007,6.26639,6.257738638,6.52
6/26/2007,6.28234,6.275021899,6.52
6/25/2007,6.2647,6.257119284,6.52
6/22/2007,6.30384,6.30328896,6.52
6/21/2007,6.32487,6.322064434,6.52
6/20/2007,6.28873,6.26766757,6.565
6/19/2007,6.22539,6.207862981,6.565
6/18/2007,6.27743,6.254073836,6.565
6/15/2007,6.29718,6.298198167,6.565
6/14/2007,6.35536,6.36613089,6.565
6/13/2007,6.36267,6.363345891,6.59
6/12/2007,6.38983,6.42469437,6.59
6/11/2007,6.28557,6.272922167,6.59
6/8/2007,6.28132,6.267316954,6.59
6/7/2007,6.26442,6.232643466,6.59
6/6/2007,6.12429,6.081565275,6.38
6/5/2007,6.11896,6.083332632,6.38
6/4/2007,6.06,6.04655522,6.38
6/1/2007,6.07372,6.070103242,6.38
5/31/2007,6.00727,6.010026554,6.38
5/30/2007,5.99207,5.987458609,6.27
5/29/2007,5.99219,5.986748492,6.27
5/25/2007,5.96443,5.961567168,6.27
5/24/2007,5.98156,5.957216119,6.27
5/23/2007,5.97429,5.957592468,6.22
5/22/2007,5.94901,5.923769781,6.22
5/21/2007,5.91467,5.897837261,6.22
5/18/2007,5.92507,5.927757677,6.22
5/17/2007,5.8856,5.864274647,6.22
5/16/2007,5.84391,5.828623134,6.06
5/15/2007,5.84727,5.831788937,6.06
5/14/2007,5.83042,5.811407184,6.06
5/11/2007,5.80676,5.802119598,6.06
5/10/2007,5.78653,5.781635671,6.06
5/9/2007,5.79797,5.80281856,6.025
5/8/2007,5.76477,5.771123979,6.025
5/7/2007,5.76324,5.76831812,6.025
5/4/2007,5.77033,5.764765273,6.025
5/3/2007,5.80799,5.795204255,6.025
5/2/2007,5.77791,5.77118348,6.035
5/1/2007,5.78013,5.769992186,6.035
4/30/2007,5.769,5.753982774,6.035
4/27/2007,5.82011,5.811463714,6.035
4/26/2007,5.80346,5.797250002,6.035
4/25/2007,5.76223,5.755713806,6.035
4/24/2007,5.73675,5.729521041,6.035
4/23/2007,5.76361,5.759702803,6.035
4/20/2007,5.77947,5.783214606,6.035
4/19/2007,5.767,5.769185062,6.035
4/18/2007,5.76155,5.751587826,6.045
4/17/2007,5.79239,5.778122404,6.045
4/16/2007,5.83698,5.820420532,6.045
4/13/2007,5.85428,5.841735198,6.045
4/12/2007,5.83404,5.828314323,6.045
4/11/2007,5.82867,5.836459005,6.07
4/10/2007,5.816,5.830848649,6.07
4/9/2007,5.83389,5.850887069,6.07
4/5/2007,5.76985,5.788099471,6.07
4/4/2007,5.75562,5.780088197,6.02
4/3/2007,5.76023,5.785797216,6.02
4/2/2007,5.75504,5.760671516,6.02
3/30/2007,5.76151,5.765054119,6.02
3/29/2007,5.74611,5.754500779,6.02
3/28/2007,5.73479,5.752672191,6.01
3/27/2007,5.72023,5.739847465,6.01
3/26/2007,5.69346,5.722029189,6.01
3/23/2007,5.70792,5.733549054,6.01
3/22/2007,5.67216,5.708887006,6.01
3/21/2007,5.61128,5.636295367,6.01
3/20/2007,5.65758,5.687944498,6.01
3/19/2007,5.68532,5.713766264,6.01
3/16/2007,5.67116,5.699896652,6.01
3/15/2007,5.66107,5.695003814,6.01
3/14/2007,5.64978,5.694221101,5.99
3/13/2007,5.62499,5.670267912,5.99
3/12/2007,5.6818,5.718241659,5.99
3/9/2007,5.70828,5.750785785,5.99
3/8/2007,5.63625,5.679090475,5.99
3/7/2007,5.64065,5.684498408,6.015
3/6/2007,5.68031,5.711950025,6.015
3/5/2007,5.69602,5.735663078,6.015
3/2/2007,5.6857,5.741289797,6.015
3/1/2007,5.70088,5.744198637,6.015
2/28/2007,5.69793,5.723067933,6.03
2/27/2007,5.666,5.697169758,6.03
2/26/2007,5.73856,5.770948395,6.03
2/23/2007,5.76857,5.795688486,6.03
2/22/2007,5.79825,5.823977881,6.03
2/21/2007,5.76648,5.795313596,6.095
2/20/2007,5.75967,5.795649015,6.095
2/16/2007,5.76704,5.797784259,6.095
2/15/2007,5.76575,5.788060457,6.095
2/14/2007,5.78171,5.801774755,6.15
2/13/2007,5.874,5.877115695,6.15
2/12/2007,5.8661,5.877598786,6.15
2/9/2007,5.83455,5.862578204,6.15
2/8/2007,5.77907,5.801458112,6.15
2/7/2007,5.7765,5.811210411,6.105
2/6/2007,5.78845,5.818653704,6.105
2/5/2007,5.8258,5.852968689,6.105
2/2/2007,5.86395,5.883797338,6.105
2/1/2007,5.89772,5.921699934,6.105
1/31/2007,5.89771,5.920967982,6.19
1/30/2007,5.95304,5.979959659,6.19
1/29/2007,5.96445,6.001093204,6.19
1/26/2007,5.94379,5.981483894,6.19
1/25/2007,5.93337,5.967775199,6.19
1/24/2007,5.86891,5.893586888,6.1
1/23/2007,5.85716,5.887851234,6.1
1/22/2007,5.81193,5.858068472,6.1
1/19/2007,5.82398,5.870388206,6.1
1/18/2007,5.80081,5.847793207,6.1
1/17/2007,5.82895,5.881561446,6.08
1/16/2007,5.79288,5.851313498,6.08
1/12/2007,5.79949,5.8731153,6.08
1/11/2007,5.78313,5.857225734,6.08
1/10/2007,5.73098,5.803042259,6.06
1/9/2007,5.69234,5.771100828,6.06
1/8/2007,5.68939,5.776257242,6.06
1/5/2007,5.6641,5.764094598,6.06
1/4/2007,5.64398,5.759409233,6.06
1/3/2007,5.70619,5.811567079,6.03
1/2/2007,5.75132,5.85323205,6.03
12/29/2006,5.78466,5.877443664,6.03
12/28/2006,5.77848,5.86778754,6.03
12/27/2006,5.74329,5.839792752,6.03
12/26/2006,5.6947,5.796600047,6.03
12/22/2006,5.70687,5.815531749,6.03
12/21/2006,5.63329,5.744733003,6.03
12/20/2006,5.69257,5.790695277,5.98
12/19/2006,5.70048,5.796650043,5.98
12/18/2006,5.69459,5.788719507,5.98
12/15/2006,5.68714,5.789422516,5.98
12/14/2006,5.68114,5.789510354,5.98
12/13/2006,5.65971,5.776700963,5.97
12/12/2006,5.57128,5.713082165,5.97
12/11/2006,5.63028,5.756379001,5.97
12/8/2006,5.66464,5.785363709,5.97
12/7/2006,5.59388,5.727588543,5.97
12/6/2006,5.56671,5.68881849,5.985
12/5/2006,5.50829,5.653452176,5.985
12/4/2006,5.50335,5.657409206,5.985
12/1/2006,5.51164,5.653318987,5.985
11/30/2006,5.57153,5.702826656,5.985
11/29/2006,5.65536,5.756317587,5.99
11/28/2006,5.65634,5.747492396,5.99
11/27/2006,5.68837,5.773826264,5.99
11/24/2006,5.70001,5.78425573,5.99
11/22/2006,5.70866,5.801185448,5.99
11/21/2006,5.71028,5.810010205,6.055
11/20/2006,5.71107,5.823622516,6.055
11/17/2006,5.72502,5.833942551,6.055
11/16/2006,5.79681,5.896057149,6.055
11/15/2006,5.77565,5.87582065,6.115
11/14/2006,5.74146,5.840682312,6.115
11/13/2006,5.77515,5.870997372,6.115
11/10/2006,5.74642,5.8596986,6.115
11/9/2006,5.78174,5.886865628,6.115
11/8/2006,5.79337,5.902648597,6.23
11/7/2006,5.82192,5.933136768,6.23
11/6/2006,5.87026,5.978972504,6.23
11/3/2006,5.88299,5.996545074,6.23
11/2/2006,5.78378,5.877844684,6.23
11/1/2006,5.75928,5.856597247,6.16
10/31/2006,5.80171,5.886834152,6.16
10/30/2006,5.8671,5.943110063,6.16
10/27/2006,5.86557,5.946459276,6.16
10/26/2006,5.89961,5.983589301,6.16
10/25/2006,5.95115,6.037870102,6.25
10/24/2006,5.9672,6.08839248,6.25
10/23/2006,5.96406,6.094760462,6.25
10/20/2006,5.95696,6.057670508,6.25
10/19/2006,5.96276,6.062753842,6.25
10/18/2006,5.93335,6.040929286,6.235
10/17/2006,5.94472,6.060934661,6.235
10/16/2006,5.95948,6.072340285,6.235
10/13/2006,5.98671,6.094503145,6.235
10/12/2006,5.97705,6.08093569,6.235
10/11/2006,5.96583,6.091929271,6.245
10/10/2006,5.95749,6.064097433,6.245
10/6/2006,5.90327,6.008120125,6.245
10/5/2006,5.81752,5.936731103,6.245
10/4/2006,5.77873,5.897962396,6.125
10/3/2006,5.83864,5.94161204,6.125
10/2/2006,5.84966,5.949304472,6.125
9/29/2006,5.86441,5.960736915,6.125
9/28/2006,5.84481,5.943790103,6.125
9/27/2006,5.82374,5.927263398,6.16
9/26/2006,5.81463,5.917549549,6.16
9/25/2006,5.78502,5.903167381,6.16
9/22/2006,5.82063,5.929739609,6.16
9/21/2006,5.85597,5.946411581,6.16
9/20/2006,5.93042,6.027229828,6.275
9/19/2006,5.93924,6.039680504,6.275
9/18/2006,5.97548,6.104905791,6.275
9/15/2006,5.95972,6.091619024,6.275
9/14/2006,5.97232,6.07393635,6.275
9/13/2006,5.94056,6.048246822,6.305
9/12/2006,5.94017,6.047439608,6.305
9/11/2006,5.95898,6.067738074,6.305
9/8/2006,5.93338,6.035062691,6.305
9/7/2006,5.95526,6.051937345,6.305
9/6/2006,5.96864,6.052518133,6.32
9/5/2006,5.96084,6.041655775,6.32
9/1/2006,5.92844,6.010039977,6.32
8/31/2006,5.94217,6.029452177,6.32
8/30/2006,5.97019,6.065643266,6.29
8/29/2006,5.95256,6.083423743,6.29
8/28/2006,5.96424,6.089420585,6.29
8/25/2006,5.98067,6.079689367,6.29
8/24/2006,5.96254,6.091203422,6.29
8/23/2006,5.96807,6.086595128,6.33
8/22/2006,5.96177,6.070002066,6.33
8/21/2006,5.97864,6.067852907,6.33
8/18/2006,5.95802,6.073758851,6.33
8/17/2006,5.98775,6.104079846,6.33
8/16/2006,5.96852,6.116473558,6.345
8/15/2006,6.05662,6.178282348,6.345
8/14/2006,6.15487,6.255169774,6.345
8/11/2006,6.1083,6.222800902,6.345
8/10/2006,6.06588,6.181187334,6.345
8/9/2006,6.06042,6.172272065,6.4
8/8/2006,6.06446,6.178108861,6.4
8/7/2006,6.09028,6.203297436,6.4
8/4/2006,6.052,6.186454781,6.4
8/3/2006,6.14072,6.254460784,6.4
8/2/2006,6.1257,6.254616769,6.455
8/1/2006,6.14776,6.275652062,6.455
7/31/2006,6.157,6.272410494,6.455
7/28/2006,6.16396,6.287183859,6.455
7/27/2006,6.23661,6.339596676,6.455
7/26/2006,6.24659,6.33434834,6.545
7/25/2006,6.28745,6.367974456,6.545
7/24/2006,6.26827,6.351969605,6.545
7/21/2006,6.26926,6.362162765,6.545
7/20/2006,6.26198,6.350481368,6.545
7/19/2006,6.30891,6.391128216,6.675
7/18/2006,6.38524,6.477895192,6.675
7/17/2006,6.33844,6.414554982,6.675
7/14/2006,6.33093,6.407798194,6.675
7/13/2006,6.33821,6.412190652,6.675
7/12/2006,6.35306,6.428715366,6.64
7/11/2006,6.35726,6.43286658,6.64
7/10/2006,6.37626,6.460005599,6.64
7/7/2006,6.37728,6.46279664,6.64
7/6/2006,6.42768,6.516203239,6.64
7/5/2006,6.46164,6.555021971,6.665
7/3/2006,6.3934,6.480683861,6.665
6/30/2006,6.37105,6.462144463,6.665
6/29/2006,6.41651,6.515929257,6.665
6/28/2006,6.46466,6.569583538,6.655
6/27/2006,6.44877,6.534002484,6.655
6/26/2006,6.48238,6.562179209,6.655
6/23/2006,6.45996,6.557163141,6.655
6/22/2006,6.41959,6.519782699,6.655
6/21/2006,6.37557,6.479364378,6.585
6/20/2006,6.36772,6.469264854,6.585
6/19/2006,6.34836,6.456828941,6.585
6/16/2006,6.33511,6.437807646,6.585
6/15/2006,6.31432,6.403706317,6.585
6/14/2006,6.27295,6.350779346,6.505
6/13/2006,6.18622,6.254986175,6.505
6/12/2006,6.20035,6.276150754,6.505
6/9/2006,6.17939,6.280457961,6.505
6/8/2006,6.18785,6.293091982,6.505
6/7/2006,6.21197,6.316104914,6.495
6/6/2006,6.18614,6.302327883,6.495
6/5/2006,6.19509,6.313431192,6.495
6/2/2006,6.16329,6.282680314,6.495
6/1/2006,6.28186,6.399364056,6.495
5/31/2006,6.28572,6.417994868,6.52
5/30/2006,6.25047,6.38226612,6.52
5/26/2006,6.21195,6.355455655,6.52
5/25/2006,6.23265,6.373268085,6.52
5/24/2006,6.21225,6.341643207,6.47
5/23/2006,6.22234,6.364332103,6.47
5/22/2006,6.20311,6.346912164,6.47
5/19/2006,6.19903,6.349890131,6.47
5/18/2006,6.18733,6.334861854,6.47
5/17/2006,6.24194,6.392524335,6.475
5/16/2006,6.19369,6.334904498,6.475
5/15/2006,6.24133,6.388032078,6.475
5/12/2006,6.26368,6.417877656,6.475
5/11/2006,6.22021,6.370779468,6.475
5/10/2006,6.19707,6.345153821,6.455
5/9/2006,6.18872,6.338968831,6.455
5/8/2006,6.18394,6.336718508,6.455
5/5/2006,6.1718,6.324261088,6.455
5/4/2006,6.21857,6.359780559,6.455
5/3/2006,6.21175,6.349372207,6.49
5/2/2006,6.17078,6.298323873,6.49
5/1/2006,6.16765,6.302326206,6.49
4/28/2006,6.10033,6.243655392,6.49
4/27/2006,6.13335,6.270944817,6.49
4/26/2006,6.17592,6.321674965,6.455
4/25/2006,6.14044,6.279527364,6.455
4/24/2006,6.06864,6.211033412,6.455
4/21/2006,6.08935,6.2361568,6.455
4/20/2006,6.11105,6.266985197,6.455
4/19/2006,6.09526,6.259551096,6.43
4/18/2006,6.06145,6.232228892,6.43
4/17/2006,6.11546,6.285540394,6.43
4/13/2006,6.14222,6.334032109,6.43
4/12/2006,6.09232,6.273269196,6.39
4/11/2006,6.06233,6.226310636,6.39
4/10/2006,6.09392,6.262809608,6.39
4/7/2006,6.08549,6.269688558,6.39
4/6/2006,6.01797,6.211151821,6.39
4/5/2006,5.99685,6.160600964,6.33
4/4/2006,6.02555,6.200244339,6.33
4/3/2006,6.03045,6.219861138,6.33
3/31/2006,6.00641,6.19324952,6.33
3/30/2006,6.00824,6.203462939,6.33
3/29/2006,5.9759,6.149601567,6.225
3/28/2006,5.94486,6.107493632,6.225
3/27/2006,5.87878,6.028432227,6.225
3/24/2006,5.86241,6.000952366,6.225
3/23/2006,5.92181,6.062147351,6.225
3/22/2006,5.89887,6.028613502,6.22
3/21/2006,5.908,6.034082779,6.22
3/20/2006,5.84727,5.971763266,6.22
3/17/2006,5.85862,5.995729099,6.22
3/16/2006,5.83067,5.970611277,6.22
3/15/2006,5.90812,6.063101825,6.265
3/14/2006,5.87236,6.029300867,6.265
3/13/2006,5.95766,6.1249064,6.265
3/10/2006,5.93554,6.095781934,6.265
3/9/2006,5.9135,6.081639284,6.265
3/8/2006,5.94583,6.10227295,6.27
3/7/2006,5.95092,6.105355659,6.27
3/6/2006,5.94346,6.099589366,6.27
3/3/2006,5.88613,6.032473085,6.27
3/2/2006,5.85392,6.00382822,6.27
3/1/2006,5.80004,5.92552256,6.14
2/28/2006,5.73453,5.877025591,6.14
2/27/2006,5.77249,5.911318838,6.14
2/24/2006,5.76417,5.899250719,6.14
2/23/2006,5.79537,5.928662271,6.14
2/22/2006,5.77416,5.895070437,6.16
2/21/2006,5.80752,5.942859374,6.16
2/17/2006,5.78083,5.919019916,6.16
2/16/2006,5.84815,5.966518001,6.16
2/15/2006,5.86838,5.991644389,6.155
2/14/2006,5.87946,6.007448724,6.155
2/13/2006,5.84977,5.989608412,6.155
2/10/2006,5.8435,5.995518214,6.155
2/9/2006,5.81487,5.967849535,6.155
2/8/2006,5.82338,5.990476226,6.14
2/7/2006,5.80179,5.97007549,6.14
2/6/2006,5.80186,5.950820721,6.14
2/3/2006,5.79888,5.937317823,6.14
2/2/2006,5.80672,5.963212964,6.14
2/1/2006,5.80873,5.968042343,6.105
1/31/2006,5.76373,5.916918516,6.105
1/30/2006,5.75539,5.919948552,6.105
1/27/2006,5.73348,5.894658573,6.105
1/26/2006,5.75541,5.912793748,6.105
1/25/2006,5.7074,5.859277369,5.995
1/24/2006,5.61489,5.76514158,5.995
1/23/2006,5.58096,5.731356509,5.995
1/20/2006,5.58423,5.729242327,5.995
1/19/2006,5.62211,5.74177136,5.995
1/18/2006,5.58661,5.706354887,5.975
1/17/2006,5.57624,5.710723948,5.975
1/13/2006,5.5807,5.722063263,5.975
1/12/2006,5.64441,5.778820691,5.975
1/11/2006,5.707,5.824335239,6.05
1/10/2006,5.68246,5.803169172,6.05
1/9/2006,5.62104,5.738669328,6.05
1/6/2006,5.63322,5.765804261,6.05
1/5/2006,5.63968,5.768989783,6.05
1/4/2006,5.65324,5.787379727,6.085
1/3/2006,5.70253,5.82076108,6.085
