asOfDate,2yrSwap,10yrSwap,SwapVol,Coupon
12/30/2013,0.48148,3.034222,105.5250363,3.57467
12/27/2013,0.486402,3.05622,105.7313352,3.60938
12/26/2013,0.504937,3.056522,106.355097,3.61108
12/24/2013,0.501036,3.053034,106.2527737,3.61006
12/23/2013,0.478131,2.997226,106.2333955,3.54225
12/20/2013,0.453179,2.948967,106.1383274,3.52072
12/19/2013,0.445252,2.990878,106.4505528,3.58946
12/18/2013,0.394642,2.936352,105.8697536,3.54228
12/17/2013,0.40356,2.893348,105.6567432,3.49989
12/16/2013,0.427071,2.934454,106.1442463,3.53072
12/13/2013,0.428725,2.927928,106.3131688,3.5291
12/12/2013,0.425006,2.938847,106.6612932,3.54275
12/11/2013,0.404582,2.905393,106.2971908,3.51569
12/10/2013,0.394081,2.863693,105.7933734,3.46476
12/9/2013,0.398814,2.913815,106.4647658,3.50449
12/6/2013,0.399616,2.946073,107.018246,3.53577
12/5/2013,0.391038,2.932537,107.5949453,3.55213
12/4/2013,0.387764,2.930297,107.6008712,3.53796
12/3/2013,0.384644,2.862903,106.4583696,3.48201
11/22/2013,0.379204,2.816746,103.4434927,3.37657
11/21/2013,0.374969,2.827427,103.4948713,3.39022
11/20/2013,0.379459,2.829652,103.26178,3.39539
11/18/2013,0.393402,2.73825,101.8369149,3.28922
11/15/2013,0.396057,2.775396,103.2201182,3.3275
11/14/2013,0.403661,2.789075,103.7957423,3.3344
11/13/2013,0.420884,2.837993,105.5620027,3.38633
11/12/2013,0.43717,2.887328,106.2685381,3.42394
11/8/2013,0.427392,2.869944,106.0549171,3.41853
11/7/2013,0.404132,2.740602,103.4790155,3.29153
11/5/2013,0.424578,2.803945,103.9590621,3.31201
11/4/2013,0.42248,2.743046,102.3582938,3.23876
11/1/2013,0.430336,2.761652,102.7472278,3.25928
10/31/2013,0.427297,2.68648,101.2342477,3.18036
10/30/2013,0.436138,2.67095,100.1438745,3.16114
10/29/2013,0.434203,2.652709,99.56486618,3.15432
10/28/2013,0.437283,2.660947,99.81079176,3.15932
10/25/2013,0.434889,2.651284,100.3589302,3.15212
10/24/2013,0.438442,2.670866,100.7929428,3.17723
10/23/2013,0.438264,2.634353,100.4325371,3.15417
10/22/2013,0.434176,2.656628,101.3351996,3.18366
10/21/2013,0.448788,2.748839,103.3627631,3.28095
10/18/2013,0.448814,2.731776,103.4147275,3.25857
10/17/2013,0.450004,2.726899,103.5592867,3.25461
10/16/2013,0.4712,2.806176,104.663914,3.34533
10/15/2013,0.48291,2.851739,105.4212731,3.38973
10/11/2013,0.476073,2.815096,105.0003266,3.34888
10/10/2013,0.486863,2.821092,104.9304556,3.34593
10/9/2013,0.49043,2.795287,104.6763792,3.33121
10/8/2013,0.498109,2.777009,104.1337012,3.32901
10/7/2013,0.472257,2.789479,104.3295419,3.31522
10/4/2013,0.460354,2.814359,104.7891954,3.31439
10/3/2013,0.455398,2.773221,104.272286,3.28508
10/2/2013,0.458052,2.787872,105.1878482,3.30787
10/1/2013,0.46892,2.802868,105.7484736,3.31544
9/30/2013,0.460605,2.769412,105.3475922,3.29525
9/27/2013,0.467234,2.770702,105.2741911,3.29489
9/26/2013,0.473637,2.792565,104.342518,3.32335
9/25/2013,0.469654,2.763471,103.4730383,3.29616
9/24/2013,0.478914,2.805418,104.0306286,3.34069
9/23/2013,0.477022,2.862793,104.4934888,3.4029
9/20/2013,0.489049,2.882562,105.0654763,3.43161
9/19/2013,0.487418,2.899907,105.7171136,3.42348
9/18/2013,0.488967,2.845936,105.9248625,3.40411
9/17/2013,0.538558,3.001385,108.8736789,3.5863
9/16/2013,0.560617,3.027562,109.846201,3.60503
9/13/2013,0.599881,3.063278,110.9741208,3.65073
9/12/2013,0.597424,3.067164,111.9994902,3.6663
9/11/2013,0.601976,3.080241,112.9548015,3.66718
9/10/2013,0.619764,3.121831,113.7196348,3.70256
9/9/2013,0.591332,3.070587,113.323846,3.64949
9/6/2013,0.622853,3.119449,113.3080973,3.72124
9/5/2013,0.664553,3.159365,113.7383027,3.7867
9/4/2013,0.618895,3.070774,112.7286492,3.67957
9/3/2013,0.590865,3.02841,112.1748124,3.62303
8/30/2013,0.560145,2.943118,111.0375964,3.51811
8/29/2013,0.565511,2.938896,110.2317301,3.5164
8/28/2013,0.562593,2.969264,110.4228107,3.56452
8/27/2013,0.543655,2.908118,108.82867,3.49501
8/26/2013,0.554652,2.992308,108.9742248,3.56494
8/23/2013,0.572434,3.013257,109.1254897,3.60146
8/22/2013,0.582889,3.100658,110.0781511,3.71019
8/21/2013,0.544538,3.044911,110.149376,3.67464
8/20/2013,0.531953,2.998731,108.6281086,3.63068
8/19/2013,0.549932,3.064101,109.2888234,3.71105
8/16/2013,0.534168,2.997772,108.3750133,3.63423
8/15/2013,0.527657,2.918594,107.5237676,3.54246
8/14/2013,0.509293,2.878556,106.7914496,3.48409
8/13/2013,0.513632,2.886684,106.793037,3.4866
8/12/2013,0.478952,2.777813,105.9952146,3.38388
8/9/2013,0.481052,2.747723,105.6105966,3.36395
8/8/2013,0.483128,2.760594,105.8589314,3.38149
8/7/2013,0.48748,2.779586,106.7290805,3.40953
8/6/2013,0.487275,2.824239,108.1306814,3.44309
8/5/2013,0.486523,2.813606,108.0287276,3.41781
8/2/2013,0.474984,2.774837,107.7154284,3.40357
8/1/2013,0.505775,2.90826,109.8833794,3.53287
7/31/2013,0.479575,2.7776,107.9964457,3.40954
7/30/2013,0.481538,2.794051,107.8149272,3.4286
7/29/2013,0.478865,2.777782,107.7601691,3.40615
7/26/2013,0.478396,2.758606,107.4084951,3.39532
7/25/2013,0.503135,2.805261,107.2094514,3.44079
7/24/2013,0.509759,2.784507,106.9500516,3.42968
7/23/2013,0.489999,2.716189,104.7328066,3.36391
7/22/2013,0.483931,2.696749,104.1580784,3.32208
7/19/2013,0.480925,2.697062,103.9288604,3.33139
7/18/2013,0.482909,2.736493,104.3626586,3.38885
7/17/2013,0.481008,2.695686,104.5561431,3.34387
7/16/2013,0.493213,2.745098,105.7926272,3.39147
7/15/2013,0.518353,2.770767,106.2778306,3.40503
7/12/2013,0.53109,2.825575,107.2850911,3.47482
7/11/2013,0.50587,2.790458,106.7598277,3.46797
7/10/2013,0.541466,2.891533,108.4625446,3.58537
7/9/2013,0.539765,2.855778,107.9366476,3.48802
7/8/2013,0.53926,2.8926,108.7013726,3.54464
7/5/2013,0.584332,2.961773,109.8882839,3.67325
7/3/2013,0.546238,2.728963,106.0639028,3.36892
7/2/2013,0.521334,2.691787,105.087523,3.31182
7/1/2013,0.513938,2.698993,105.2522802,3.29795
6/28/2013,0.512886,2.688226,105.7965427,3.30945
6/27/2013,0.512908,2.675681,104.5801064,3.32066
6/26/2013,0.54738,2.754026,107.8215258,3.44275
6/25/2013,0.576994,2.811938,108.5741067,3.49791
6/24/2013,0.579756,2.772742,108.6281357,3.48428
6/21/2013,0.562248,2.742672,106.8776837,3.42906
6/20/2013,0.508825,2.647199,106.1529343,3.27319
6/19/2013,0.463255,2.518094,102.8832541,3.12738
6/18/2013,0.419147,2.364265,100.0014881,2.98213
6/17/2013,0.423494,2.347659,99.87834151,2.98385
6/14/2013,0.430919,2.299817,98.98745914,2.93282
6/13/2013,0.472072,2.35504,100.394685,2.97052
6/12/2013,0.500539,2.421999,102.1269137,3.0173
6/11/2013,0.497631,2.391815,102.7408695,2.98862
6/10/2013,0.498095,2.419325,102.9392451,3.01875
6/7/2013,0.478971,2.354266,101.9633255,2.99312
6/6/2013,0.458557,2.265819,100.7189228,2.93639
6/5/2013,0.45949,2.291419,101.1927859,2.97372
6/4/2013,0.46402,2.331582,101.2576583,2.98974
6/3/2013,0.462498,2.314341,99.62236088,2.96032
5/31/2013,0.47287,2.337146,97.88555913,2.95731
5/30/2013,0.461184,2.288553,96.50392355,2.90465
5/29/2013,0.468273,2.286744,95.57096801,2.91969
5/28/2013,0.452357,2.296283,93.91079724,2.94396
5/24/2013,0.40428,2.156178,90.88714732,2.81497
5/23/2013,0.397175,2.157011,90.74980616,2.82191
5/22/2013,0.393263,2.155469,90.19679702,2.78844
5/21/2013,0.3869,2.066728,89.09081785,2.66453
5/20/2013,0.38743,2.093655,89.35324156,2.71288
5/17/2013,0.388592,2.086616,89.2927025,2.68581
5/16/2013,0.370546,1.992793,88.53461397,2.56388
5/15/2013,0.381543,2.076703,88.46265077,2.66187
5/14/2013,0.381846,2.09637,88.43316409,2.66272
5/13/2013,0.378955,2.064888,88.08516599,2.621
5/10/2013,0.369143,2.040666,87.64039543,2.58686
5/9/2013,0.358085,1.957613,87.26108625,2.49665
5/8/2013,0.359271,1.94295,87.67797305,2.47245
5/7/2013,0.363104,1.961252,87.70121666,2.48894
5/6/2013,0.358237,1.951935,87.67708925,2.4724
5/3/2013,0.354378,1.918308,87.57165004,2.45615
5/2/2013,0.342067,1.812554,86.70263563,2.3421
5/1/2013,0.345132,1.820106,86.48204562,2.31036
4/30/2013,0.351117,1.849423,86.59287796,2.35354
4/29/2013,0.350482,1.838176,86.45243671,2.37448
4/26/2013,0.358632,1.844556,86.44262022,2.37951
4/25/2013,0.360785,1.883098,86.85637967,2.43235
4/24/2013,0.361715,1.870629,86.98706185,2.43239
4/23/2013,0.364446,1.881772,86.96218836,2.43753
4/22/2013,0.36153,1.870494,87.14039174,2.4461
4/19/2013,0.370559,1.8692,87.28690625,2.44783
4/18/2013,0.369355,1.847449,86.59880384,2.43192
4/17/2013,0.368654,1.869943,86.86087389,2.45005
4/16/2013,0.369025,1.89075,86.97240353,2.45465
4/15/2013,0.366105,1.87195,86.67536327,2.43066
4/12/2013,0.371723,1.899169,86.98941,2.45324
4/11/2013,0.374023,1.959092,87.40365172,2.51808
4/10/2013,0.379431,1.973411,88.1591502,2.54479
4/9/2013,0.37767,1.922672,87.72115321,2.48938
4/8/2013,0.377043,1.918201,87.88646136,2.47695
4/5/2013,0.372277,1.861699,87.40130751,2.41738
4/4/2013,0.383918,1.924906,88.23329268,2.48587
4/3/2013,0.394238,1.971866,88.70037768,2.56472
4/2/2013,0.409698,2.015685,89.64798183,2.6102
4/1/2013,0.412798,1.996011,89.50847246,2.59513
3/28/2013,0.423009,2.020531,89.80841688,2.61433
3/27/2013,0.428402,2.008058,89.92183971,2.60807
3/26/2013,0.430398,2.060394,90.40354991,2.64256
3/25/2013,0.428025,2.049585,90.78457002,2.63948
3/22/2013,0.429128,2.044875,91.63849229,2.64148
3/21/2013,0.422404,2.053279,92.00741462,2.67627
3/20/2013,0.414034,2.049738,91.87571507,2.64698
3/19/2013,0.422654,2.018802,91.82291719,2.60686
3/18/2013,0.39197,2.056136,92.26642784,2.62963
3/15/2013,0.389972,2.087059,91.69276721,2.66434
3/14/2013,0.40084,2.122616,92.03184877,2.70546
3/13/2013,0.394684,2.102126,91.42505514,2.70044
3/12/2013,0.395279,2.106616,91.1194422,2.70646
3/11/2013,0.39886,2.139228,91.26517489,2.73998
3/8/2013,0.398407,2.13834,91.45358112,2.75192
3/7/2013,0.393129,2.073743,90.9882663,2.67331
3/6/2013,0.381629,2.018488,90.35153506,2.61255
3/5/2013,0.379316,1.973651,90.12036239,2.56076
3/4/2013,0.375977,1.961486,90.26336099,2.54578
3/1/2013,0.377626,1.945717,90.95049941,2.52993
2/28/2013,0.385851,1.977641,90.99126141,2.54484
2/27/2013,0.392856,1.991554,90.80440649,2.57322
2/26/2013,0.392395,1.965518,90.30249622,2.53896
2/25/2013,0.389236,1.974743,90.29081934,2.55786
2/22/2013,0.396713,2.037965,90.42584868,2.62514
2/21/2013,0.403443,2.0462,90.53423331,2.62574
2/20/2013,0.419243,2.092475,90.11551629,2.63797
2/19/2013,0.419404,2.095254,90.17855664,2.63802
2/15/2013,0.418861,2.068348,90.10017937,2.62079
2/14/2013,0.415953,2.060714,90.21492944,2.60855
2/13/2013,0.427397,2.105726,90.99528471,2.65372
2/12/2013,0.4195,2.068438,90.41733228,2.60701
2/11/2013,0.412048,2.028325,90.21567414,2.56531
2/8/2013,0.406151,2.03256,90.54080642,2.57318
2/7/2013,0.405964,2.027704,90.59013466,2.55136
2/6/2013,0.411246,2.04237,90.1280339,2.55943
2/5/2013,0.429249,2.09502,90.33174182,2.60052
2/4/2013,0.42072,2.059259,88.31297873,2.55563
2/1/2013,0.423508,2.093164,89.4634134,2.59141
1/31/2013,0.431219,2.055601,89.02098687,2.57377
1/30/2013,0.431714,2.077225,89.5098913,2.57729
1/29/2013,0.442237,2.048819,89.22586694,2.55981
1/28/2013,0.445931,2.033106,88.60778354,2.53933
1/25/2013,0.429973,2.004183,87.41376684,2.50532
1/24/2013,0.392924,1.894281,85.3476888,2.36742
1/23/2013,0.389196,1.883302,84.73932974,2.34331
1/22/2013,0.393392,1.885761,84.16057183,2.35221
1/18/2013,0.398631,1.894059,84.17518656,2.35028
1/17/2013,0.404405,1.913672,84.34212801,2.36891
1/16/2013,0.373823,1.857361,83.08517178,2.29441
1/15/2013,0.37199,1.860082,83.02219002,2.29384
1/14/2013,0.378623,1.883561,83.89095851,2.2784
1/11/2013,0.383617,1.903994,84.22884634,2.31308
1/10/2013,0.380653,1.917067,84.39539348,2.32919
1/9/2013,0.374762,1.87765,83.77855915,2.29263
1/8/2013,0.386078,1.892647,83.98371882,2.31701
1/7/2013,0.394001,1.928726,84.06244189,2.34263
1/4/2013,0.400307,1.939275,84.5290302,2.38072
1/3/2013,0.390477,1.927184,84.53346297,2.36511
1/2/2013,0.384969,1.876252,84.68597922,2.26242
12/31/2012,0.384955,1.797312,84.15883512,2.20009
12/28/2012,0.393176,1.76649,82.75954333,2.18544
12/27/2012,0.404156,1.778338,83.18910867,2.1768
12/26/2012,0.408742,1.816595,83.38301059,2.19828
12/24/2012,0.408923,1.827993,83.58874235,2.21511
12/21/2012,0.397928,1.803196,83.34336248,2.18757
12/20/2012,0.399786,1.843098,83.64041512,2.22135
12/19/2012,0.398418,1.842482,84.81510376,2.23717
12/18/2012,0.390965,1.875069,86.01065295,2.27802
12/17/2012,0.371594,1.814056,84.8551236,2.2148
12/14/2012,0.359706,1.756585,83.96408546,2.17471
12/13/2012,0.360765,1.767593,83.81269562,2.17954
12/12/2012,0.354158,1.740826,83.23134421,2.16985
12/11/2012,0.354055,1.694474,82.06317454,2.1257
12/10/2012,0.354684,1.668435,81.77309803,2.12632
12/7/2012,0.352475,1.676668,81.99981676,2.16633
12/6/2012,0.358134,1.63698,81.51900923,2.10827
12/5/2012,0.361975,1.640459,81.51197074,2.07994
12/4/2012,0.367043,1.657397,81.51479201,2.06783
12/3/2012,0.371188,1.670409,81.83556722,2.08622
11/30/2012,0.370351,1.656343,82.17215913,2.07253
11/29/2012,0.376223,1.661168,82.11578839,2.07244
11/28/2012,0.379133,1.653546,82.23183535,2.05097
11/27/2012,0.389988,1.675386,82.72696186,2.04405
11/26/2012,0.399419,1.703314,83.59535982,2.1329
11/23/2012,0.398292,1.727482,84.15859689,2.20126
11/21/2012,0.391023,1.721595,84.30202143,2.19254
11/20/2012,0.376783,1.691797,84.30545654,2.14204
11/19/2012,0.375419,1.655148,84.17170785,2.06997
11/16/2012,0.377932,1.619422,83.68256614,2.03611
11/15/2012,0.373484,1.629136,83.72426954,2.09234
11/14/2012,0.364979,1.624827,83.48795293,2.13435
11/13/2012,0.370584,1.631675,82.99791616,2.08298
11/9/2012,0.377657,1.643175,83.30810406,2.0596
11/8/2012,0.369618,1.643547,82.25219955,2.04956
11/7/2012,0.369821,1.675793,82.82671856,2.09197
11/6/2012,0.398304,1.781269,85.0575546,2.24889
11/5/2012,0.371146,1.712747,84.53494201,2.14794
11/2/2012,0.377449,1.750801,84.83473326,2.19493
11/1/2012,0.379062,1.752377,84.65177705,2.23243
10/31/2012,0.383471,1.730362,84.23566256,2.14235
10/29/2012,0.394822,1.763488,84.12315841,2.17586
10/26/2012,0.398762,1.78755,84.6825391,2.20624
10/25/2012,0.411774,1.866633,85.53998219,2.27753
10/24/2012,0.383662,1.80419,84.88176102,2.22502
10/23/2012,0.394766,1.8054,84.92317873,2.18831
10/22/2012,0.399457,1.822712,85.4846888,2.2048
10/19/2012,0.398559,1.794976,84.5387503,2.17149
10/18/2012,0.389959,1.849109,85.55501364,2.23804
10/17/2012,0.38197,1.842263,85.78360806,2.19994
10/16/2012,0.363049,1.757228,83.44625097,2.09031
10/15/2012,0.370853,1.716632,83.07812837,2.0434
10/12/2012,0.377842,1.712853,82.51700889,2.01487
10/11/2012,0.38549,1.716322,82.85561608,2.01882
10/10/2012,0.388244,1.746745,82.95856662,2.0567
10/9/2012,0.382884,1.776266,83.78549508,2.1122
10/5/2012,0.392057,1.794063,84.49875203,2.09992
10/4/2012,0.372893,1.73733,84.42337153,2.06588
10/3/2012,0.36716,1.683422,84.10932407,1.97292
10/2/2012,0.37406,1.688958,84.46452447,1.89432
10/1/2012,0.370312,1.695096,84.49971394,1.97791
9/28/2012,0.367929,1.705307,84.74443847,2.03991
9/27/2012,0.397066,1.692582,84.60916994,2.05097
9/26/2012,0.419494,1.668585,84.60905445,1.9725
9/25/2012,0.400322,1.711184,85.53840367,1.97862
9/24/2012,0.393537,1.738317,85.41404625,2.04335
9/21/2012,0.389143,1.771002,86.3442313,2.0967
9/20/2012,0.393567,1.782671,86.44968716,2.16993
9/19/2012,0.387689,1.80339,86.7105775,2.21086
9/18/2012,0.387813,1.846186,87.5594104,2.2694
9/17/2012,0.377088,1.872341,88.60370133,2.28117
9/14/2012,0.374969,1.89735,89.59494831,2.26805
9/13/2012,0.374809,1.813548,88.02880433,2.20601
9/12/2012,0.400259,1.854097,90.32176757,2.42922
9/11/2012,0.39768,1.791655,88.88339768,2.39371
9/10/2012,0.398891,1.775334,88.90690174,2.37785
9/7/2012,0.404917,1.766091,88.79505174,2.37384
9/6/2012,0.421446,1.776807,89.75776865,2.45607
9/5/2012,0.397255,1.688132,88.77269969,2.39528
9/4/2012,0.397405,1.682022,89.63739288,2.38417
8/31/2012,0.398635,1.671219,90.59858669,2.36895
8/30/2012,0.427986,1.721129,91.24766634,2.43371
8/29/2012,0.445427,1.753023,90.86747097,2.46878
8/28/2012,0.440114,1.719289,90.47461783,2.41104
8/27/2012,0.444688,1.745728,90.20902914,2.44075
8/24/2012,0.447838,1.777599,90.22508835,2.47609
8/23/2012,0.439007,1.765177,90.01327633,2.44471
8/22/2012,0.466612,1.820835,89.98104226,2.51207
8/21/2012,0.496348,1.907867,90.59980992,2.62589
8/20/2012,0.494082,1.918237,92.39635075,2.61868
8/17/2012,0.497167,1.916185,92.56034742,2.63904
8/16/2012,0.496269,1.949912,93.71786959,2.67019
8/15/2012,0.485625,1.91739,92.61993835,2.63813
8/14/2012,0.469553,1.822475,90.99837572,2.50321
8/13/2012,0.46471,1.758412,89.45431578,2.43262
8/10/2012,0.464847,1.753895,89.12768657,2.43735
8/9/2012,0.478123,1.7944,89.59566231,2.45717
8/8/2012,0.468529,1.778248,89.6561494,2.45388
8/7/2012,0.451695,1.76603,89.10637461,2.46483
8/6/2012,0.43297,1.697346,87.84592698,2.41026
8/3/2012,0.44351,1.721878,88.93201977,2.42675
8/2/2012,0.435415,1.629536,87.43054236,2.33657
8/1/2012,0.432285,1.670479,87.92465528,2.36588
7/31/2012,0.422342,1.611173,87.1362258,2.3146
7/30/2012,0.421769,1.614606,87.33421353,2.33651
7/27/2012,0.451473,1.676332,88.43819484,2.46854
7/26/2012,0.437184,1.558828,86.34780517,2.28779
7/25/2012,0.442163,1.542261,85.97266234,2.26337
7/24/2012,0.443774,1.543977,86.40796628,2.24718
7/23/2012,0.446913,1.57104,86.491923,2.27723
7/20/2012,0.44646,1.59299,86.96104316,2.32496
7/19/2012,0.447941,1.641194,87.24581687,2.39312
7/18/2012,0.460125,1.617766,87.66020547,2.37585
7/17/2012,0.471778,1.645662,87.96049189,2.4361
7/16/2012,0.466746,1.603548,87.98796591,2.39684
7/13/2012,0.481703,1.622372,87.95480713,2.4585
7/12/2012,0.477816,1.597016,87.77914527,2.40343
7/11/2012,0.498181,1.622681,87.98207359,2.41162
7/10/2012,0.523472,1.630206,88.57874985,2.42303
7/9/2012,0.52071,1.650497,88.1153416,2.4492
7/6/2012,0.519611,1.691674,88.89631458,2.47665
7/5/2012,0.531209,1.743454,89.57958834,2.55638
7/3/2012,0.539547,1.768056,89.7871079,2.58328
7/2/2012,0.544042,1.725432,89.85979215,2.54532
6/29/2012,0.547829,1.782516,89.88920199,2.62372
6/28/2012,0.554452,1.713129,89.52856171,2.55096
6/27/2012,0.545948,1.751759,89.60312919,2.58867
6/26/2012,0.539364,1.761655,89.72954831,2.61639
6/25/2012,0.526314,1.744502,89.49299413,2.5785
6/22/2012,0.539398,1.801701,89.75138604,2.66819
6/21/2012,0.556688,1.770865,89.4928045,2.61405
6/20/2012,0.534322,1.790516,89.65484789,2.64221
6/19/2012,0.534042,1.774183,91.29885581,2.5989
6/18/2012,0.535697,1.737718,91.55236399,2.59515
6/15/2012,0.548371,1.735208,92.35705607,2.61355
6/14/2012,0.597115,1.762021,92.76522527,2.63094
6/13/2012,0.593688,1.760819,92.62556867,2.65256
6/12/2012,0.591469,1.827094,92.54016644,2.69596
6/11/2012,0.571323,1.790069,92.24863155,2.6399
6/8/2012,0.571876,1.828534,91.24315927,2.67911
6/7/2012,0.572194,1.833925,91.36135895,2.67758
6/6/2012,0.592955,1.819515,90.59692674,2.70699
6/5/2012,0.606279,1.753107,89.91889496,2.67216
6/4/2012,0.624175,1.735479,89.92846971,2.62226
6/1/2012,0.621235,1.676491,89.3579211,2.53159
5/31/2012,0.615921,1.74769,90.1111029,2.64639
5/30/2012,0.617563,1.782546,90.45248103,2.68486
5/29/2012,0.629496,1.879969,92.12914479,2.77149
5/25/2012,0.637923,1.889565,92.81845924,2.76345
5/24/2012,0.638468,1.896715,93.15188213,2.76054
5/23/2012,0.647798,1.863663,93.8042855,2.73508
5/22/2012,0.633875,1.919711,94.6119003,2.76969
5/21/2012,0.640091,1.855714,93.05243743,2.73357
5/18/2012,0.661198,1.82649,92.86366232,2.67797
5/17/2012,0.648822,1.827822,92.91594509,2.67184
5/16/2012,0.648054,1.896319,93.50619153,2.74013
5/15/2012,0.659683,1.93181,94.9000001,2.76971
5/14/2012,0.639727,1.944587,94.97679446,2.77397
5/11/2012,0.602531,1.9858,94.63880418,2.80528
5/10/2012,0.577517,2.01783,94.55583854,2.82461
5/9/2012,0.586349,1.996599,94.44651173,2.83276
5/8/2012,0.563435,1.988941,94.38775281,2.8457
5/7/2012,0.548979,2.015294,94.3749221,2.85847
5/4/2012,0.545586,2.012936,93.77000217,2.85087
5/3/2012,0.542781,2.047059,95.8098772,2.88233
5/2/2012,0.546598,2.048309,95.51167455,2.87338
5/1/2012,0.545673,2.079913,96.74150171,2.89085
4/30/2012,0.550124,2.040259,94.80958496,2.85859
4/27/2012,0.556965,2.059553,95.87488768,2.87167
4/26/2012,0.556916,2.08713,97.01847584,2.8924
4/25/2012,0.554732,2.105056,98.06313229,2.92241
4/24/2012,0.576022,2.087208,98.51334561,2.90097
4/23/2012,0.57002,2.054191,98.67905798,2.87081
4/20/2012,0.565436,2.077835,99.29202898,2.90335
4/19/2012,0.565571,2.064306,98.92928309,2.88744
4/18/2012,0.559675,2.093332,99.71495481,2.93046
4/17/2012,0.559027,2.112905,99.85254156,2.9571
4/16/2012,0.565642,2.079946,99.47791871,2.91808
4/13/2012,0.565088,2.103069,99.48389784,2.93227
4/12/2012,0.566479,2.149779,99.40117924,2.96745
4/11/2012,0.584462,2.130501,98.69382036,2.93078
4/10/2012,0.599123,2.096826,98.35952976,2.91099
4/9/2012,0.605074,2.116743,98.04159955,2.91152
4/6/2012,0.609694,2.142481,98.9587522,2.93072
4/5/2012,0.629798,2.274439,102.2011951,3.05396
4/4/2012,0.624931,2.33448,102.1903253,3.1088
4/3/2012,0.619457,2.374087,101.668036,3.16492
4/2/2012,0.584532,2.277654,99.6600856,3.04496
3/30/2012,0.581466,2.289431,100.868191,3.06692
3/29/2012,0.578788,2.224584,99.85982971,3.02196
3/28/2012,0.571669,2.257719,101.0927323,3.05684
3/27/2012,0.565392,2.245549,102.0915293,3.0399
3/26/2012,0.59725,2.316739,103.9849279,3.11828
3/23/2012,0.61073,2.308003,103.7853003,3.13245
3/22/2012,0.631607,2.344967,104.4945837,3.15708
3/21/2012,0.640509,2.367511,105.4207373,3.15732
3/20/2012,0.660798,2.454938,106.6578543,3.24144
3/19/2012,0.632212,2.450264,106.3690085,3.23638
3/16/2012,0.613832,2.353497,103.8871251,3.13095
3/15/2012,0.630928,2.34011,104.0744598,3.15896
3/14/2012,0.649358,2.326678,105.6756762,3.16959
3/13/2012,0.606115,2.177142,101.2190245,2.9914
3/12/2012,0.575122,2.099936,99.88284747,2.91624
3/9/2012,0.575171,2.114734,100.1084745,2.92195
3/8/2012,0.556388,2.094177,99.89020438,2.93364
3/7/2012,0.553006,2.053173,100.0596723,2.89962
3/6/2012,0.554638,2.029732,100.9256455,2.86506
3/5/2012,0.559189,2.081997,101.3156326,2.90077
3/2/2012,0.526496,2.068239,100.5079482,2.8908
3/1/2012,0.553877,2.117532,101.4870807,2.92872
2/29/2012,0.560412,2.065167,100.0191825,2.88173
2/28/2012,0.571122,2.025057,98.40179571,2.8102
2/27/2012,0.591143,2.023129,98.58705355,2.82054
2/24/2012,0.617264,2.078851,98.68315153,2.84685
2/23/2012,0.598775,2.077405,98.56531344,2.83483
2/22/2012,0.589849,2.090209,98.38356318,2.87313
2/21/2012,0.595098,2.134746,98.10531272,2.92316
2/17/2012,0.581223,2.081736,97.5140702,2.86836
2/16/2012,0.583831,2.063799,96.84686274,2.83167
2/15/2012,0.558461,2.006119,95.80577987,2.78221
2/14/2012,0.571119,2.004388,97.57114323,2.76681
2/13/2012,0.569374,2.070696,98.4697623,2.81749
2/10/2012,0.54395,2.046386,97.09878372,2.80975
2/9/2012,0.533152,2.122302,97.60867952,2.84585
2/8/2012,0.536051,2.089492,95.67150507,2.76703
2/7/2012,0.542529,2.076421,95.90544553,2.7946
2/6/2012,0.514413,2.00897,94.45413205,2.76133
2/3/2012,0.507671,2.057029,95.77273176,2.81014
2/2/2012,0.48642,1.927897,93.19160338,2.7164
2/1/2012,0.501235,1.939796,93.61256152,2.77294
1/31/2012,0.51659,1.911542,93.81648941,2.7763
1/30/2012,0.541076,1.959645,93.98608377,2.80895
1/27/2012,0.534574,2.012364,94.03194544,2.80824
1/26/2012,0.529491,2.034065,93.95137474,2.84358
1/25/2012,0.560758,2.110387,97.46013046,2.90516
1/24/2012,0.582914,2.167679,100.2735434,2.95988
1/23/2012,0.579462,2.185449,100.553808,2.97256
1/20/2012,0.592287,2.1558,100.2210237,2.97611
1/19/2012,0.579943,2.095046,98.78374724,2.96477
1/18/2012,0.580304,2.030157,96.54309469,2.90295
1/17/2012,0.557666,1.983326,97.21421854,2.86264
1/13/2012,0.571948,2.000039,97.43723105,2.81631
1/12/2012,0.580332,2.064053,98.73497509,2.85234
1/11/2012,0.609118,2.0483,97.60681559,2.88377
1/10/2012,0.637465,2.109581,98.55070178,2.91779
1/9/2012,0.642736,2.0913,97.73272042,2.87572
1/6/2012,0.678341,2.094886,99.1282092,2.85738
1/5/2012,0.715878,2.121191,100.4250781,2.91011
1/4/2012,0.725513,2.128085,100.8755269,2.9957
1/3/2012,0.738282,2.110677,102.7437353,2.99221
12/30/2011,0.724151,2.036479,102.6386977,3.0169
12/29/2011,0.758133,2.055483,104.6479009,3.02888
12/28/2011,0.778998,2.06735,104.4126295,3.04824
12/27/2011,0.779671,2.171166,104.8937886,3.15254
12/23/2011,0.773286,2.191973,104.6789032,3.1705
12/22/2011,0.753992,2.107654,103.2793616,3.09573
12/21/2011,0.738456,2.124525,104.002096,3.10621
12/20/2011,0.735364,2.096288,104.350569,3.06827
12/19/2011,0.734772,2.001756,103.3693139,2.98945
12/16/2011,0.720063,2.02374,104.9128934,3.00104
12/15/2011,0.715616,2.070704,104.3366955,3.05125
12/14/2011,0.721279,2.04544,105.5692794,3.0099
12/13/2011,0.685581,2.10525,106.11016,3.0836
12/12/2011,0.669411,2.150709,106.8317501,3.12819
12/9/2011,0.641305,2.169854,107.0191094,3.13669
12/8/2011,0.63711,2.099653,105.9955092,3.05821
12/7/2011,0.655269,2.144395,104.8249491,3.09012
12/6/2011,0.686036,2.226143,105.9135081,3.17019
12/5/2011,0.686634,2.197604,106.8664545,3.15649
12/2/2011,0.699042,2.21705,107.7173483,3.14293
12/1/2011,0.674262,2.270685,108.1850203,3.20921
11/30/2011,0.659695,2.202945,108.2598044,3.17702
11/29/2011,0.77271,2.170055,109.5251034,3.18161
11/28/2011,0.800351,2.151468,109.7544311,3.1879
11/25/2011,0.810005,2.146128,109.4374311,3.22263
11/23/2011,0.801951,2.083334,109.8084127,3.14517
11/22/2011,0.774246,2.121887,109.8744394,3.14417
11/21/2011,0.800692,2.148859,109.7760218,3.17668
11/18/2011,0.771889,2.172105,109.6121266,3.21334
11/17/2011,0.792059,2.150963,109.3874484,3.1637
11/16/2011,0.743288,2.219233,109.22822,3.20144
11/15/2011,0.70423,2.247476,108.4921151,3.21924
11/14/2011,0.703684,2.233568,108.7705818,3.19328
11/10/2011,0.673367,2.221865,108.9157764,3.19683
11/9/2011,0.641599,2.150064,108.3899176,3.14083
11/8/2011,0.60006,2.223524,107.1994372,3.19153
11/7/2011,0.589264,2.156591,107.7595844,3.11536
11/4/2011,0.571344,2.203273,108.0565884,3.14592
11/3/2011,0.570199,2.225685,107.6373732,3.18659
11/2/2011,0.563446,2.17226,108.2505788,3.14036
11/1/2011,0.575352,2.167812,110.6201424,3.128
10/31/2011,0.562019,2.323148,107.8183966,3.25158
10/28/2011,0.582339,2.440968,108.2883092,3.36021
10/27/2011,0.637529,2.547779,108.0896499,3.44092
10/26/2011,0.648597,2.38539,108.1454855,3.3218
10/25/2011,0.621065,2.316652,107.843673,3.26467
10/24/2011,0.642328,2.42778,108.7749882,3.3635
10/21/2011,0.646684,2.396133,108.046333,3.33066
10/20/2011,0.630814,2.365202,108.1955872,3.32699
10/19/2011,0.635955,2.346809,108.1734336,3.30171
10/18/2011,0.640028,2.348234,107.4013721,3.29374
10/17/2011,0.649484,2.34753,107.7869284,3.29814
10/14/2011,0.648967,2.41281,106.5998454,3.36446
10/13/2011,0.656032,2.339578,105.7115453,3.30672
10/12/2011,0.650165,2.380128,105.7927201,3.33781
10/11/2011,0.685537,2.345331,105.0685872,3.3168
10/7/2011,0.677349,2.263009,104.5352186,3.28276
10/6/2011,0.642885,2.191123,104.1277857,3.18596
10/5/2011,0.633577,2.131747,103.7489729,3.11838
10/4/2011,0.638402,2.023446,103.8042743,3.04282
10/3/2011,0.595011,1.995215,104.2544957,2.96582
9/30/2011,0.572541,2.104867,103.9099534,3.03853
9/29/2011,0.556648,2.130181,103.9480171,3.08103
9/28/2011,0.552289,2.173311,104.6808986,3.16373
9/27/2011,0.532673,2.18623,105.8001613,3.19163
9/26/2011,0.51302,2.084522,103.8452543,3.07072
9/23/2011,0.515613,1.982187,102.5219268,2.9788
9/22/2011,0.515078,1.899672,104.0605513,2.85137
9/21/2011,0.49144,2.084038,104.6568225,3.01934
9/20/2011,0.462493,2.147145,106.0626121,3.25926
9/19/2011,0.472752,2.141935,105.1915999,3.23814
9/16/2011,0.497085,2.260286,105.8475316,3.34689
9/15/2011,0.508625,2.262378,104.9296339,3.34726
9/14/2011,0.536659,2.214066,104.1681923,3.3005
9/13/2011,0.534825,2.200793,103.7718331,3.30112
9/12/2011,0.533957,2.145483,102.6377132,3.2661
9/9/2011,0.514787,2.13066,103.2825588,3.21792
9/8/2011,0.497386,2.171002,103.7146946,3.28505
9/7/2011,0.519876,2.229285,104.3161263,3.31614
9/6/2011,0.515194,2.188178,104.2137771,3.26302
9/2/2011,0.508871,2.192205,104.0398942,3.26342
9/1/2011,0.487326,2.325738,104.6209742,3.36362
8/31/2011,0.488398,2.399031,104.4503524,3.42739
8/30/2011,0.494359,2.355747,104.5649713,3.3589
8/29/2011,0.506774,2.429402,104.8344819,3.44007
8/26/2011,0.492669,2.351485,104.4626873,3.35269
8/25/2011,0.507509,2.404533,104.4817046,3.3922
8/24/2011,0.517484,2.409863,103.261261,3.30817
8/23/2011,0.541177,2.289388,103.9365473,3.36494
8/22/2011,0.516856,2.241493,103.2233151,3.30379
8/19/2011,0.475086,2.202055,103.4914896,3.28379
8/18/2011,0.456078,2.197065,102.0504654,3.24924
8/17/2011,0.439187,2.275933,102.2916538,3.26933
8/16/2011,0.437288,2.343157,102.4461437,3.31182
8/15/2011,0.439881,2.423656,103.4207544,3.38162
8/12/2011,0.436512,2.399485,103.7517024,3.31671
8/11/2011,0.419067,2.478198,104.4639454,3.37634
8/10/2011,0.417501,2.339653,104.185084,3.23281
8/9/2011,0.425484,2.381466,104.2962572,3.36152
8/8/2011,0.535186,2.557195,114.7946709,3.5273
8/5/2011,0.532455,2.720037,112.2979336,3.64944
8/4/2011,0.514812,2.598524,112.0835219,3.4866
8/3/2011,0.563761,2.713757,113.1451128,3.61499
8/2/2011,0.568121,2.742813,114.0711259,3.65709
8/1/2011,0.570198,2.858896,114.152791,3.76447
7/29/2011,0.584918,2.915124,115.143453,3.80882
7/28/2011,0.628327,3.053928,115.4298747,3.93243
7/27/2011,0.641305,3.069271,116.5557612,3.97403
7/26/2011,0.613629,3.040597,116.1568118,3.9318
7/25/2011,0.626138,3.088766,116.1119909,3.96047
7/22/2011,0.612145,3.055769,115.1346356,3.92566
7/21/2011,0.647193,3.124935,116.5042985,3.95043
7/20/2011,0.640493,3.061955,117.1064795,3.91472
7/19/2011,0.650152,3.026893,118.6277292,3.9029
7/18/2011,0.640174,3.021461,119.514864,3.91431
7/15/2011,0.643088,3.03952,117.9610208,3.88293
7/14/2011,0.621216,3.073129,117.7323462,3.89854
7/13/2011,0.630596,3.036204,117.2960783,3.86432
7/12/2011,0.646747,3.061765,117.3168662,3.89941
7/11/2011,0.637052,3.074014,116.8526268,3.91248
7/8/2011,0.624722,3.149817,116.0909339,3.95604
7/7/2011,0.704899,3.277378,116.9290875,4.0553
7/6/2011,0.667782,3.226949,116.0768393,4.00075
7/5/2011,0.677009,3.253194,115.1436925,4.01093
7/1/2011,0.71301,3.308073,115.3910183,4.04949
6/30/2011,0.681668,3.25702,115.3408955,4.02102
6/29/2011,0.698405,3.218421,114.7180755,3.99007
6/28/2011,0.713797,3.160184,115.1307267,3.96459
6/27/2011,0.657,3.057016,113.7082412,3.88515
6/24/2011,0.62701,3.00451,113.2921088,3.84131
6/23/2011,0.611906,3.031684,113.6298504,3.84233
6/22/2011,0.624568,3.109592,113.1301566,3.91031
6/21/2011,0.634928,3.123443,113.1298659,3.93335
6/20/2011,0.638784,3.102179,113.2406388,3.92605
6/17/2011,0.635181,3.082266,112.9176981,3.90547
6/16/2011,0.646766,3.056703,112.8871603,3.88416
6/15/2011,0.621025,3.098695,112.2420037,3.9059
6/14/2011,0.634645,3.200524,112.6232412,3.97534
6/13/2011,0.592594,3.097003,111.2330328,3.90679
6/10/2011,0.586315,3.071941,110.8449292,3.89696
6/9/2011,0.601737,3.09703,110.8222669,3.89605
6/8/2011,0.577392,3.074451,110.7236045,3.85668
6/7/2011,0.605652,3.132845,111.5362659,3.89581
6/6/2011,0.613927,3.124457,112.0485973,3.90071
6/3/2011,0.620671,3.111469,111.2071495,3.89328
6/2/2011,0.643467,3.138877,111.1802188,3.91387
6/1/2011,0.625469,3.077023,109.9980837,3.86349
5/31/2011,0.648869,3.14632,111.1919586,3.93235
5/27/2011,0.657369,3.156308,111.627448,3.93401
5/26/2011,0.667246,3.140613,111.7970072,3.91109
5/25/2011,0.705512,3.214789,112.8049783,3.98264
5/24/2011,0.711771,3.211071,113.3824782,3.98401
5/23/2011,0.71549,3.223345,113.6376837,3.99615
5/20/2011,0.701632,3.236471,113.8510186,3.99284
5/19/2011,0.709598,3.253823,114.1400077,4.00566
5/18/2011,0.740932,3.249682,113.8262094,3.99817
5/17/2011,0.703898,3.18769,112.8486507,3.9562
5/16/2011,0.703453,3.22191,112.982289,3.97145
5/13/2011,0.724225,3.254774,113.1550007,3.98862
5/12/2011,0.727056,3.293599,113.4112644,4.00521
5/11/2011,0.720468,3.244601,113.1624489,3.98265
5/10/2011,0.746132,3.278827,113.1160822,4.01017
5/9/2011,0.714169,3.22317,112.7287347,3.96718
5/6/2011,0.730048,3.240895,112.0644031,3.98104
5/5/2011,0.745587,3.246809,112.7255368,3.98974
5/4/2011,0.753203,3.295736,112.6362451,4.04029
5/3/2011,0.766123,3.330699,113.1132453,4.07117
5/2/2011,0.765151,3.354474,112.8541622,4.10174
4/29/2011,0.765565,3.360943,112.4038935,4.09114
4/28/2011,0.762593,3.372653,112.1026464,4.10853
4/27/2011,0.798368,3.431072,113.2624038,4.17378
4/26/2011,0.787272,3.389365,113.7690055,4.14881
4/25/2011,0.807929,3.437092,112.8780036,4.17981
4/21/2011,0.819789,3.46879,113.1643616,4.21188
4/20/2011,0.82134,3.470797,114.1340777,4.21023
4/19/2011,0.80702,3.42508,114.5066731,4.18056
4/18/2011,0.810722,3.432549,114.4904101,4.1921
4/15/2011,0.848586,3.489332,114.1513146,4.22535
4/14/2011,0.916455,3.572015,114.8302537,4.29351
4/13/2011,0.887709,3.543469,115.1930659,4.28687
4/12/2011,0.915263,3.585792,115.5908282,4.30612
4/11/2011,0.983029,3.661212,116.0403444,4.35733
4/8/2011,0.970156,3.660011,116.0070012,4.36221
4/7/2011,0.959336,3.645416,115.5641519,4.35342
4/6/2011,1.000764,3.64427,115.3493129,4.35818
4/5/2011,0.986613,3.58918,114.9410049,4.32683
4/4/2011,0.937503,3.52723,114.1660228,4.27071
4/1/2011,0.972323,3.543118,114.4504401,4.27252
3/31/2011,0.945027,3.549433,116.1415884,4.26321
3/30/2011,0.966762,3.55194,115.5788341,4.26883
3/29/2011,0.994346,3.595826,115.6721144,4.30316
3/28/2011,0.965227,3.554419,115.6601614,4.2631
3/25/2011,0.926848,3.547885,115.4148235,4.26079
3/24/2011,0.872117,3.50948,114.2658664,4.22854
3/23/2011,0.84759,3.456802,114.7634409,4.20927
3/22/2011,0.839858,3.440133,114.7602238,4.18936
3/21/2011,0.824329,3.424948,115.516385,4.16338
3/18/2011,0.779268,3.368897,115.9834409,4.11118
3/17/2011,0.779595,3.35342,116.7311586,4.10724
3/16/2011,0.753991,3.318724,117.6074214,4.08162
3/15/2011,0.793177,3.434221,116.257599,4.17297
3/14/2011,0.781405,3.460794,114.7914438,4.17953
3/11/2011,0.814234,3.502735,114.4471606,4.21399
3/10/2011,0.837294,3.497028,114.6940149,4.19841
3/9/2011,0.871618,3.567356,114.6955124,4.24844
3/8/2011,0.905195,3.641884,115.6217999,4.31211
3/7/2011,0.885922,3.603438,114.3288363,4.27573
3/4/2011,0.876435,3.605635,114.2018869,4.26582
3/3/2011,0.968478,3.698052,115.4648423,4.3559
3/2/2011,0.875589,3.585223,114.6199073,4.27915
3/1/2011,0.850567,3.526647,114.4269311,4.23669
2/28/2011,0.872088,3.525404,114.6059375,4.23083
2/25/2011,0.893207,3.538676,114.8960866,4.24967
2/24/2011,0.901235,3.55047,116.997132,4.26362
2/23/2011,0.916972,3.596072,117.0049251,4.30686
2/22/2011,0.919123,3.576345,116.2785361,4.29998
2/18/2011,0.948548,3.681284,115.9715381,4.36639
2/17/2011,0.965354,3.666269,115.172621,4.35044
2/16/2011,1.03389,3.720083,115.2008523,4.39896
2/15/2011,1.025542,3.712647,114.0210796,4.38511
2/14/2011,1.036012,3.720758,114.5028729,4.39315
2/11/2011,1.031763,3.756193,115.3157228,4.43431
2/10/2011,1.026038,3.814911,117.73078,4.50125
2/9/2011,0.976078,3.754499,118.4811595,4.45294
2/8/2011,1.027612,3.824583,120.3653844,4.48713
2/7/2011,0.957951,3.752548,120.3401394,4.41202
2/4/2011,0.947393,3.745478,120.5119744,4.39469
2/3/2011,0.898834,3.649381,119.4231672,4.32675
2/2/2011,0.87194,3.594503,119.4375279,4.2837
2/1/2011,0.828164,3.539942,119.1025458,4.23302
1/31/2011,0.78964,3.475756,118.2740802,4.17347
1/28/2011,0.764776,3.41768,117.1531246,4.14864
1/27/2011,0.782965,3.464136,116.3722973,4.17877
1/26/2011,0.82051,3.509844,117.3940912,4.23018
1/25/2011,0.801424,3.402729,116.4103333,4.1485
1/24/2011,0.837984,3.482263,116.9586535,4.19564
1/21/2011,0.838793,3.477729,117.3371834,4.18211
1/20/2011,0.851417,3.519945,117.1930975,4.21623
1/19/2011,0.788374,3.401129,117.626493,4.11512
1/18/2011,0.807318,3.428792,117.6744072,4.14124
1/14/2011,0.803143,3.394292,117.0352735,4.08585
1/13/2011,0.794751,3.358764,115.9795286,4.07277
1/12/2011,0.819947,3.419325,114.8098499,4.12755
1/11/2011,0.831902,3.408071,115.1603991,4.13046
1/10/2011,0.825561,3.376457,114.7113533,4.0763
1/7/2011,0.846926,3.399398,114.9463287,4.10211
1/6/2011,0.921988,3.487448,117.3983682,4.20008
1/5/2011,0.930307,3.562003,117.6546017,4.24694
1/4/2011,0.821771,3.405335,115.2677279,4.1123
1/3/2011,0.790783,3.410952,117.7443213,4.11937
12/31/2010,0.783841,3.368369,119.3798066,4.10577
12/30/2010,0.829305,3.441063,119.3651724,4.18878
12/29/2010,0.824471,3.41076,118.8415859,4.1712
12/28/2010,0.930888,3.548147,119.5407085,4.32678
12/27/2010,0.892002,3.418173,118.1548389,4.21284
12/23/2010,0.890954,3.469749,118.0638092,4.22651
12/22/2010,0.849474,3.429501,116.2741825,4.1785
12/21/2010,0.813305,3.403772,116.3363757,4.17478
12/20/2010,0.81912,3.429113,117.747551,4.21062
12/17/2010,0.82287,3.412685,118.9294046,4.16702
12/16/2010,0.884758,3.603144,121.5614023,4.35639
12/15/2010,0.914848,3.638898,123.462343,4.38412
12/14/2010,0.85565,3.558594,120.2842615,4.28748
12/13/2010,0.809419,3.380049,118.0698803,4.10897
12/10/2010,0.844568,3.397449,118.8674871,4.12836
12/9/2010,0.808176,3.307581,117.036117,4.05607
12/8/2010,0.82135,3.36607,117.6008943,4.10539
12/7/2010,0.751676,3.311679,117.4610393,4.05507
12/6/2010,0.644332,3.09132,112.9415994,3.85103
12/3/2010,0.701975,3.16759,112.2209816,3.94457
12/2/2010,0.785261,3.16512,112.7994089,3.9594
12/1/2010,0.783377,3.116856,112.515937,3.93437
11/30/2010,0.743401,2.952998,110.1039991,3.77972
11/29/2010,0.760983,2.969164,108.8260493,3.77045
11/26/2010,0.768895,3.010242,108.6895751,3.82273
11/24/2010,0.739922,3.048265,108.5251241,3.85371
11/23/2010,0.622908,2.895243,106.3331281,3.70185
11/22/2010,0.645546,2.957637,106.2095239,3.72761
11/19/2010,0.675432,3.026602,107.3086704,3.7657
11/18/2010,0.673508,3.040975,107.7208702,3.75041
11/17/2010,0.665174,3.023657,105.3340929,3.71929
11/16/2010,0.699981,2.997279,105.5715491,3.72168
11/15/2010,0.719124,3.041166,105.878353,3.73584
11/12/2010,0.71121,2.893153,102.6634758,3.60847
11/10/2010,0.646011,2.808688,101.2262622,3.48752
11/9/2010,0.642099,2.825728,100.9289896,3.50051
11/8/2010,0.581188,2.696794,99.16242416,3.40193
11/5/2010,0.524904,2.660181,98.88840163,3.36448
11/4/2010,0.469079,2.620543,97.97998687,3.29328
11/3/2010,0.48752,2.718467,98.73961711,3.37888
11/2/2010,0.504723,2.693846,100.2878856,3.39423
11/1/2010,0.497641,2.710821,99.9673344,3.44378
10/29/2010,0.497908,2.689615,98.83832065,3.39784
10/28/2010,0.510418,2.735166,99.02161916,3.43496
10/27/2010,0.56858,2.794922,98.64617413,3.49728
10/26/2010,0.551357,2.7177,98.02689882,3.44702
10/25/2010,0.516493,2.625767,96.96310356,3.37385
10/22/2010,0.523793,2.626063,97.71988175,3.31808
10/21/2010,0.516844,2.586972,95.80629476,3.29243
10/20/2010,0.5063,2.519535,94.14212077,3.25515
10/19/2010,0.533364,2.531284,94.39952678,3.26986
10/18/2010,0.543738,2.556702,94.98976493,3.29994
10/15/2010,0.538198,2.638139,95.76914169,3.37537
10/14/2010,0.539814,2.577789,96.3313155,3.28492
10/13/2010,0.510367,2.5046,94.91315533,3.26187
10/12/2010,0.521893,2.504975,96.79479641,3.28568
10/8/2010,0.506807,2.48092,97.72060663,3.23046
10/7/2010,0.529527,2.487606,100.6401933,3.22365
10/6/2010,0.553355,2.50085,101.3846645,3.26279
10/5/2010,0.575105,2.567927,104.3265639,3.33659
10/4/2010,0.589077,2.548874,104.9680942,3.33557
10/1/2010,0.609589,2.589743,104.6629081,3.38871
9/30/2010,0.592928,2.564691,106.128553,3.38375
9/29/2010,0.592409,2.539142,107.6034369,3.37806
9/28/2010,0.587362,2.479072,106.1935524,3.31266
9/27/2010,0.605879,2.547149,106.0722801,3.35455
9/24/2010,0.620954,2.640411,105.0962956,3.44779
9/23/2010,0.603872,2.589541,104.1993948,3.38126
9/22/2010,0.608379,2.584072,102.9106414,3.34862
9/21/2010,0.600819,2.610366,103.7265697,3.38169
9/20/2010,0.665908,2.718343,104.8063599,3.50729
9/17/2010,0.675004,2.7569,103.5792995,3.58122
9/16/2010,0.668195,2.763621,103.8931857,3.54526
9/15/2010,0.670649,2.708106,102.5099268,3.49999
9/14/2010,0.669659,2.639499,101.1320889,3.42404
9/13/2010,0.716033,2.725584,101.426217,3.48266
9/10/2010,0.764773,2.774929,101.9632592,3.58242
9/9/2010,0.752864,2.734793,100.5364244,3.27423
9/8/2010,0.705986,2.616865,98.98812494,2.46319
9/7/2010,0.670926,2.561969,97.58481117,2.8469
9/3/2010,0.687052,2.679912,96.30162448,3.48233
9/2/2010,0.68387,2.620075,98.04920973,3.37636
9/1/2010,0.672921,2.580178,99.06075438,3.30826
8/31/2010,0.653203,2.480478,96.65630479,3.19108
8/30/2010,0.655248,2.553465,96.77449134,3.33669
8/27/2010,0.710609,2.6768,94.79049281,3.47055
8/26/2010,0.672562,2.503924,95.98060174,3.30296
8/25/2010,0.695503,2.550477,94.56410989,3.36868
8/24/2010,0.645077,2.515956,94.42297743,3.3561
8/23/2010,0.646661,2.614789,95.12774006,3.42399
8/20/2010,0.662843,2.627296,94.85559503,3.42281
8/19/2010,0.657828,2.587121,94.84612102,3.30888
8/18/2010,0.672368,2.652158,94.79330946,3.44987
8/17/2010,0.684539,2.635018,96.28449554,3.40141
8/16/2010,0.687013,2.569006,98.6240108,3.30867
8/13/2010,0.718152,2.660842,96.55372263,3.37661
8/12/2010,0.716783,2.726412,94.40567163,3.44748
8/11/2010,0.667764,2.685166,93.54867834,3.34099
8/10/2010,0.700662,2.765711,95.81412425,3.44746
8/9/2010,0.732825,2.805922,98.38759052,3.48853
8/6/2010,0.697505,2.835509,98.65217264,3.48719
8/5/2010,0.704611,2.894899,100.5078462,3.55337
8/4/2010,0.731231,2.914631,101.9237131,3.5817
8/3/2010,0.691826,2.871254,102.3522289,3.52286
8/2/2010,0.724561,2.924154,102.3511603,3.5727
7/30/2010,0.719331,2.886252,101.6510458,3.48603
7/29/2010,0.761203,2.961209,101.8728368,3.55631
7/28/2010,0.779257,2.97547,101.3579714,3.57124
7/27/2010,0.838888,3.034353,102.9580305,3.62
7/26/2010,0.815668,3.002091,101.9437874,3.6203
7/23/2010,0.814347,3.003719,102.9043271,3.61862
7/22/2010,0.772137,2.929047,104.6233017,3.57445
7/21/2010,0.787463,2.895131,105.1195148,3.56787
7/20/2010,0.795124,2.954662,104.6399453,3.63593
7/19/2010,0.827661,2.988737,105.1121232,3.65741
7/16/2010,0.8314,2.958258,105.0246634,3.59773
7/15/2010,0.864079,2.989854,106.3286874,3.61225
7/14/2010,0.892343,3.084157,106.5751737,3.70043
7/13/2010,0.940261,3.146556,106.9708489,3.75306
7/12/2010,0.940658,3.103117,106.5840924,3.71395
7/9/2010,0.932527,3.1049,107.2634567,3.71575
7/8/2010,0.918608,3.05694,107.8295368,3.71168
7/7/2010,0.934119,3.027127,107.0496891,3.69837
7/6/2010,0.959885,3.008056,107.8567963,3.63513
7/2/2010,0.985196,3.055427,109.0055029,3.71696
7/1/2010,0.969203,2.997332,111.0579487,3.69379
6/30/2010,0.970319,3.012594,111.4734536,3.72459
6/29/2010,0.959006,3.019297,112.0826893,3.72533
6/28/2010,0.975759,3.08807,112.2733447,3.76157
6/25/2010,1.016733,3.17713,114.5041236,3.86458
6/24/2010,1.048491,3.184713,115.9609884,3.90814
6/23/2010,1.013271,3.167403,115.7722724,3.83092
6/22/2010,1.020484,3.209092,117.5314386,3.87492
6/21/2010,1.03013,3.263059,117.3806084,3.95504
6/18/2010,1.045109,3.26975,117.9889785,3.97044
6/17/2010,1.054834,3.243831,117.9512753,3.96819
6/16/2010,1.089256,3.344517,118.0764509,4.05488
6/15/2010,1.112182,3.377315,118.6966003,4.07554
6/14/2010,1.115738,3.354929,119.2045786,4.03885
6/11/2010,1.103093,3.310732,119.9897113,4.02205
6/10/2010,1.144521,3.402034,120.3836805,4.10653
6/9/2010,1.115767,3.282582,121.0609212,3.99425
6/8/2010,1.159257,3.274465,123.0273249,3.99958
6/7/2010,1.1813,3.285887,121.7046219,4.03222
6/4/2010,1.18654,3.298269,121.3974471,4.0385
6/3/2010,1.247126,3.466412,120.009273,4.18758
6/2/2010,1.243628,3.421898,120.5418929,4.17668
6/1/2010,1.231966,3.385805,121.5143531,4.15107
5/28/2010,1.222404,3.375825,121.1490443,4.15474
5/27/2010,1.272751,3.420704,121.2644077,4.18162
5/26/2010,1.288245,3.300297,121.8087888,4.08488
5/25/2010,1.269022,3.246332,123.4899724,4.05822
5/24/2010,1.229387,3.283443,122.8842415,4.11355
5/21/2010,1.148302,3.232387,125.2707629,4.04344
5/20/2010,1.112998,3.309386,127.8574243,4.0603
5/19/2010,1.123837,3.411855,126.3066249,4.12777
5/18/2010,1.117325,3.433988,125.3968611,4.1366
5/17/2010,1.127271,3.502788,124.7955645,4.19016
5/14/2010,1.123625,3.482895,124.943431,4.19185
5/13/2010,1.137282,3.594946,121.4514661,4.28249
5/12/2010,1.124986,3.600988,122.8152032,4.29267
5/11/2010,1.137726,3.580522,123.9107517,4.28638
5/10/2010,1.127125,3.5774,126.5480457,4.31165
5/7/2010,1.164109,3.472227,128.3961083,4.25838
5/6/2010,1.16585,3.449695,135.1389311,4.22256
5/5/2010,1.179642,3.557652,130.7810918,4.33516
5/4/2010,1.23605,3.624644,127.7914547,4.38044
5/3/2010,1.243716,3.710879,122.2777261,4.43302
4/30/2010,1.179585,3.651217,121.6806127,4.3907
4/29/2010,1.169733,3.702332,117.6487571,4.42317
4/28/2010,1.208641,3.765886,119.3301889,4.46529
4/27/2010,1.193568,3.700525,120.3828053,4.40982
4/26/2010,1.252943,3.819303,116.8719354,4.48697
4/23/2010,1.243602,3.808318,116.5895644,4.49658
4/22/2010,1.191256,3.762721,115.256492,4.47368
4/21/2010,1.153095,3.719309,114.3824579,4.4287
4/20/2010,1.153572,3.782775,113.0490642,4.47168
4/19/2010,1.124242,3.786838,111.9392655,4.46477
4/16/2010,1.090067,3.731669,111.6093563,4.42115
4/15/2010,1.159513,3.805431,112.74172,4.47895
4/14/2010,1.180143,3.81153,113.649668,4.48641
4/13/2010,1.170631,3.754806,114.7388435,4.43649
4/12/2010,1.174661,3.804109,114.7436622,4.46068
4/9/2010,1.194655,3.864088,114.6069119,4.5415
4/8/2010,1.186798,3.863765,115.0514903,4.55471
4/7/2010,1.187832,3.841206,113.073562,4.53391
4/6/2010,1.265912,3.952677,112.4768367,4.63966
4/5/2010,1.319465,4.021955,113.8392351,4.67493
4/1/2010,1.182143,3.851203,113.951902,4.55501
3/31/2010,1.163219,3.799814,112.5440615,4.50331
3/30/2010,1.200829,3.818929,112.9792635,4.48989
3/29/2010,1.193703,3.813449,114.6336496,4.45928
3/26/2010,1.183165,3.783357,114.3774613,4.45679
3/25/2010,1.205953,3.818895,116.3174632,4.51081
3/24/2010,1.193297,3.74219,117.6712097,4.44807
3/23/2010,1.13364,3.649879,115.9923768,4.32888
3/22/2010,1.153002,3.688382,114.4566858,4.32647
3/19/2010,1.176926,3.724741,114.6993646,4.35592
3/18/2010,1.122472,3.702176,113.8414914,4.33242
3/17/2010,1.087844,3.672693,113.0000545,4.29599
3/16/2010,1.086793,3.691372,113.9404453,4.31666
3/15/2010,1.130264,3.73799,115.3821834,4.33894
3/12/2010,1.156608,3.748816,115.8052507,4.34343
3/11/2010,1.14011,3.747887,116.600049,4.32585
3/10/2010,1.111892,3.743187,116.294662,4.31726
3/9/2010,1.090415,3.738529,116.7200299,4.30864
3/8/2010,1.111368,3.749784,118.093595,4.3426
3/5/2010,1.102122,3.716537,118.5566315,4.32644
3/4/2010,1.067009,3.631388,118.6400302,4.28354
3/3/2010,1.030401,3.662242,120.5919036,4.30757
3/2/2010,1.023099,3.672192,120.40466,4.33437
3/1/2010,1.04076,3.677163,120.7595503,4.32837
2/26/2010,1.038293,3.664264,120.6782082,4.29075
2/25/2010,1.049286,3.714575,120.2993655,4.35418
2/24/2010,1.091282,3.777873,120.2782477,4.39585
2/23/2010,1.112139,3.78339,120.0210627,4.39144
2/22/2010,1.165086,3.891744,120.1859203,4.46245
2/19/2010,1.200136,3.883704,122.1281058,4.48631
2/18/2010,1.146679,3.887266,123.0321944,4.46816
2/17/2010,1.124663,3.837221,123.1431197,4.3914
2/16/2010,1.087202,3.759642,123.4043638,4.32327
2/12/2010,1.111656,3.782335,124.4255001,4.34606
2/11/2010,1.154758,3.823062,126.5446837,4.39879
2/10/2010,1.163877,3.789163,128.3955805,4.40636
2/9/2010,1.11201,3.732538,127.8191744,4.36532
2/8/2010,1.085982,3.688159,125.8949536,4.33204
2/5/2010,1.046009,3.643078,125.714753,4.2766
2/4/2010,1.101324,3.711799,126.3986621,4.32385
2/3/2010,1.15352,3.810696,127.2995847,4.39478
2/2/2010,1.128303,3.756553,126.3412558,4.36193
2/1/2010,1.135169,3.774011,127.8023489,4.38304
1/29/2010,1.107502,3.727263,129.5395694,4.36203
1/28/2010,1.134286,3.77201,131.1429368,4.40354
1/27/2010,1.157775,3.765497,130.9901829,4.38713
1/26/2010,1.105181,3.74372,131.8978748,4.37082
1/25/2010,1.106699,3.742572,133.8588451,4.38081
1/22/2010,1.100132,3.713958,133.6753877,4.34531
1/21/2010,1.118965,3.711175,133.2795104,4.33517
1/20/2010,1.147628,3.757722,133.9183502,4.36779
1/19/2010,1.155485,3.808284,134.9151099,4.40197
1/15/2010,1.126805,3.772931,133.9910631,4.36967
1/14/2010,1.16393,3.824395,133.8477441,4.42659
1/13/2010,1.208416,3.883566,133.16012,4.45415
1/12/2010,1.167005,3.814307,130.8272051,4.40876
1/11/2010,1.198059,3.91324,131.4612883,4.48888
1/8/2010,1.22073,3.90544,132.7260121,4.49953
1/7/2010,1.279658,3.928588,134.6560006,4.50504
1/6/2010,1.260403,3.902569,135.1834373,4.47574
1/5/2010,1.282968,3.847633,134.4272295,4.43666
1/4/2010,1.35003,3.950697,136.3139396,4.53253
12/31/2009,1.409785,3.963964,136.2144418,4.55925
12/30/2009,1.360609,3.914475,135.0668526,4.52277
12/29/2009,1.385607,3.964316,137.8530764,4.55623
12/28/2009,1.380711,3.999354,139.7416115,4.59678
12/24/2009,1.318976,3.940559,139.4244871,4.54667
12/23/2009,1.266601,3.897799,139.0560856,4.49594
12/22/2009,1.252907,3.906843,141.4140436,4.4854
12/21/2009,1.204673,3.832674,141.1636759,4.41004
12/18/2009,1.117513,3.67056,137.9731073,4.26291
12/17/2009,1.096448,3.623472,137.5877806,4.19822
12/16/2009,1.197633,3.73355,136.9982553,4.32492
12/15/2009,1.227798,3.745912,137.6966177,4.35407
12/14/2009,1.187104,3.675092,135.3360791,4.28317
12/11/2009,1.14433,3.652912,135.1938766,4.24709
12/10/2009,1.101029,3.593298,133.9762398,4.22515
12/9/2009,1.079161,3.543724,132.7021172,4.19167
12/8/2009,1.090387,3.521943,132.0899445,4.15043
12/7/2009,1.148298,3.593641,133.8124994,4.1946
12/4/2009,1.214768,3.621168,136.0647413,4.24431
12/3/2009,1.078154,3.497314,134.956412,4.16943
12/2/2009,1.065716,3.428215,132.6073343,4.10651
12/1/2009,1.011684,3.379016,132.082722,4.04365
11/30/2009,0.996613,3.295028,130.4215188,3.949
11/27/2009,1.014604,3.297593,130.3252681,3.95395
11/25/2009,1.034222,3.364738,128.8342833,3.99745
11/24/2009,1.013099,3.421512,128.4506057,4.00757
11/23/2009,1.04762,3.469643,130.1576923,4.08914
11/20/2009,1.034071,3.469779,129.229251,4.11407
11/19/2009,1.021706,3.454774,128.8636931,4.14203
11/18/2009,1.045632,3.455492,130.2950925,4.13219
11/17/2009,1.052447,3.402424,130.3099634,4.08364
11/16/2009,1.058892,3.420349,130.6080296,4.02764
11/13/2009,1.133148,3.541334,131.6008715,4.12598
11/12/2009,1.119288,3.552717,129.9940282,4.20549
11/10/2009,1.156358,3.617692,130.5725047,4.25006
11/9/2009,1.17459,3.630825,131.9753618,4.27718
11/6/2009,1.174673,3.661515,133.894256,4.29318
11/5/2009,1.218439,3.694683,136.4622737,4.34027
11/4/2009,1.256703,3.71263,136.9075984,4.39722
11/3/2009,1.277162,3.650949,135.1678573,4.37341
11/2/2009,1.259354,3.602233,135.5248547,4.34084
10/30/2009,1.231258,3.560755,135.1238062,4.28974
10/29/2009,1.300084,3.666108,137.127885,4.35555
10/28/2009,1.261282,3.582779,135.8277077,4.29321
10/27/2009,1.30192,3.640291,136.7714547,4.3817
10/26/2009,1.400906,3.736907,137.9787173,4.45896
10/23/2009,1.353165,3.647921,136.1937349,4.38826
10/22/2009,1.295186,3.599698,134.5136327,4.34888
10/21/2009,1.312476,3.584644,134.4764178,4.35191
10/20/2009,1.268138,3.509712,132.4209963,4.3051
10/19/2009,1.332981,3.573231,133.462232,4.34231
10/16/2009,1.344653,3.602087,133.8894808,4.35815
10/15/2009,1.325845,3.646079,135.1845797,4.40039
10/14/2009,1.287024,3.590641,133.9061177,4.32297
10/13/2009,1.241437,3.481237,131.6583603,4.21893
10/9/2009,1.32301,3.552494,133.2399382,4.25157
10/8/2009,1.21782,3.404377,129.5273153,4.12155
10/7/2009,1.190328,3.342414,130.3425863,4.09165
10/6/2009,1.232232,3.416824,131.757519,4.14112
10/5/2009,1.223495,3.392103,131.6397156,4.13197
10/2/2009,1.213923,3.378161,130.9024669,4.10628
10/1/2009,1.20911,3.336074,132.2476178,4.10367
9/30/2009,1.287773,3.449143,132.3928675,4.22467
9/29/2009,1.303623,3.434796,131.9163396,4.20862
9/28/2009,1.287585,3.443852,130.1944436,4.21577
9/25/2009,1.29411,3.492462,130.6823025,4.26938
9/24/2009,1.222888,3.561076,131.4006781,4.30776
9/23/2009,1.250055,3.60802,133.6293097,4.3747
9/22/2009,1.322021,3.670356,135.8750238,4.3859
9/21/2009,1.363533,3.701024,135.9188826,4.41353
9/18/2009,1.355701,3.677622,137.7095503,4.38725
9/17/2009,1.286976,3.588375,138.3526269,4.31061
9/16/2009,1.313915,3.673573,140.3437515,4.3875
9/15/2009,1.271307,3.659191,138.7312793,4.39235
9/14/2009,1.236658,3.592279,137.0278612,4.35672
9/11/2009,1.19537,3.507462,136.0801777,4.28939
9/10/2009,1.199335,3.508997,135.5410945,4.28497
9/9/2009,1.251827,3.650995,134.4252837,4.39986
9/8/2009,1.261849,3.661093,136.575922,4.41471
9/4/2009,1.274677,3.64157,134.9654445,4.42369
9/3/2009,1.246302,3.51956,135.6990743,4.36197
9/2/2009,1.235745,3.490431,136.1785355,4.31469
9/1/2009,1.281722,3.592302,135.7853831,4.4018
8/31/2009,1.325747,3.606124,135.4854318,4.42184
8/28/2009,1.365225,3.67704,135.9040715,4.48402
8/27/2009,1.383745,3.686111,136.1323415,4.48932
8/26/2009,1.4091,3.677248,137.6419085,4.4625
8/25/2009,1.414736,3.699514,137.2593559,4.46678
8/24/2009,1.433395,3.751186,139.7686218,4.48969
8/21/2009,1.502166,3.808971,140.8158664,4.52183
8/20/2009,1.398651,3.674042,139.6779466,4.44681
8/19/2009,1.420447,3.713423,139.8980052,4.47725
8/18/2009,1.460258,3.775753,139.1818728,4.50866
8/17/2009,1.422864,3.698802,140.6064615,4.46616
8/14/2009,1.442565,3.767512,141.3028982,4.49058
8/13/2009,1.45483,3.805735,142.2610093,4.52706
8/12/2009,1.515911,3.950028,142.8458059,4.63628
8/11/2009,1.604563,3.970979,143.7358123,4.6274
8/10/2009,1.68446,4.077638,144.9665168,4.69414
8/7/2009,1.751285,4.176282,146.4659176,4.80233
8/6/2009,1.637376,4.028486,143.3456315,4.70882
8/5/2009,1.647738,4.024363,144.274312,4.6917
8/4/2009,1.595693,3.918638,142.1806609,4.57818
8/3/2009,1.578659,3.891951,142.3092735,4.52002
7/31/2009,1.464713,3.732165,137.7380463,4.39662
7/30/2009,1.561362,3.882424,137.205855,4.54111
7/29/2009,1.526784,3.906196,137.4796194,4.54564
7/28/2009,1.486085,3.90765,137.7438273,4.58806
7/27/2009,1.440901,3.939789,140.1068716,4.63864
7/24/2009,1.442218,3.891673,139.2001356,4.60961
7/23/2009,1.482994,3.950283,138.9695119,4.67137
7/22/2009,1.365286,3.753963,137.2631647,4.49585
7/21/2009,1.339582,3.675172,139.5986358,4.44506
7/20/2009,1.428463,3.819698,139.7218021,4.56841
7/17/2009,1.462751,3.881248,142.0261969,4.63048
7/16/2009,1.412958,3.774362,140.3534695,4.57215
7/15/2009,1.4627,3.838472,141.5587545,4.64541
7/14/2009,1.365756,3.660941,137.7121932,4.47507
7/13/2009,1.314685,3.539364,135.3681107,4.40426
7/10/2009,1.277738,3.467977,134.1899511,4.33427
7/9/2009,1.282787,3.577882,134.8290202,4.43346
7/8/2009,1.242282,3.454374,134.4937426,4.32917
7/7/2009,1.333621,3.647957,135.6993284,4.47649
7/6/2009,1.332822,3.705907,137.5843972,4.51321
7/2/2009,1.387902,3.708335,138.6825071,4.51238
7/1/2009,1.473048,3.77459,140.6645488,4.55199
6/30/2009,1.522892,3.764496,140.8647541,4.58369
6/29/2009,1.478536,3.702726,140.7890151,4.53823
6/26/2009,1.445889,3.698477,140.4427783,4.52963
6/25/2009,1.468634,3.75827,140.6808959,4.55736
6/24/2009,1.588612,3.920178,139.6362112,4.72952
6/23/2009,1.554275,3.879998,142.7009805,4.71717
6/22/2009,1.588273,3.935149,143.2897406,4.70692
6/19/2009,1.686425,4.041223,143.7731852,4.79977
6/18/2009,1.742009,4.073763,147.0420902,4.86953
6/17/2009,1.583795,3.833238,139.8808065,4.55337
6/16/2009,1.620427,3.88685,139.4012484,4.65143
6/15/2009,1.626163,3.949074,139.1673978,4.71585
6/12/2009,1.681213,4.065711,141.6932846,4.84314
6/11/2009,1.775333,4.207639,146.433308,4.9734
6/10/2009,1.820163,4.326674,148.8248049,5.05803
6/9/2009,1.756407,4.216013,145.8142488,4.96809
6/8/2009,1.925498,4.324874,147.6891205,5.02103
6/5/2009,1.815049,4.224682,147.3179246,4.91336
6/4/2009,1.424606,4.043516,141.2128849,4.72477
6/3/2009,1.318792,3.832975,133.6167382,4.53166
6/2/2009,1.392995,3.964967,136.2447695,4.60383
6/1/2009,1.436901,4.029625,140.5809027,4.65719
5/29/2009,1.312879,3.649056,131.8790539,4.3483
5/28/2009,1.388316,3.961354,138.640614,4.69701
5/27/2009,1.387802,3.989587,142.286057,4.54613
5/26/2009,1.3381,3.653249,133.1171706,4.1848
5/22/2009,1.285301,3.593125,128.3198628,4.12679
5/21/2009,1.228652,3.454399,124.2822799,4.0625
5/20/2009,1.186296,3.290996,119.9986652,3.96589
5/19/2009,1.252584,3.318616,119.7832369,4.00194
5/18/2009,1.270859,3.290222,118.9478406,3.99902
5/15/2009,1.25714,3.216231,119.315667,3.94836
5/14/2009,1.278544,3.206824,118.0863229,3.93771
5/13/2009,1.281546,3.191583,115.0293983,3.93444
5/12/2009,1.33436,3.271179,112.5096721,3.98366
5/11/2009,1.366294,3.289742,112.6626835,3.99949
5/8/2009,1.432191,3.409637,114.4387999,4.12926
5/7/2009,1.43492,3.407247,115.3884592,4.08542
5/6/2009,1.417283,3.268264,114.1368756,3.96813
5/5/2009,1.472796,3.291188,114.5983015,3.98397
5/4/2009,1.514568,3.31074,114.4058206,4.03828
5/1/2009,1.495284,3.315071,114.2234795,4.08589
4/30/2009,1.472844,3.230578,111.8284352,4.0141
4/29/2009,1.490758,3.199932,110.7505381,3.9857
4/28/2009,1.500545,3.107796,110.527071,3.90251
4/27/2009,1.475335,3.056193,112.400721,3.83804
4/24/2009,1.577352,3.142292,113.6677493,3.99335
4/23/2009,1.555088,3.060996,110.8932825,3.99401
4/22/2009,1.591395,3.105644,111.0680388,4.02445
4/21/2009,1.595623,3.059852,109.1035553,3.99604
4/20/2009,1.537321,3.026742,108.751912,3.99622
4/17/2009,1.560201,3.101928,110.0169403,4.03458
4/16/2009,1.45692,2.972716,106.5135986,3.97094
4/15/2009,1.391819,2.922056,104.1223425,3.93676
4/14/2009,1.421058,2.96828,103.5152074,3.95807
4/13/2009,1.451487,3.043698,105.3114435,3.98164
4/9/2009,1.505534,3.113653,106.727214,4.01888
4/8/2009,1.498916,3.055896,106.5026188,3.93131
4/7/2009,1.518608,3.126051,107.2616925,4.0099
4/6/2009,1.553411,3.150686,109.5388008,4.06849
4/3/2009,1.537275,3.090069,106.4473602,4.07413
4/2/2009,1.433084,2.930946,103.9794897,3.98127
4/1/2009,1.386639,2.858407,103.1474407,3.90441
3/31/2009,1.383054,2.870444,103.9424707,3.8956
3/30/2009,1.399322,2.894757,102.4255845,3.88421
3/27/2009,1.446489,2.942812,100.8043072,3.91313
3/26/2009,1.474163,2.931126,100.2470515,3.93591
3/25/2009,1.535318,2.998249,99.65595686,3.96227
3/24/2009,1.500305,2.912573,97.30779233,3.93485
3/23/2009,1.491461,2.933934,100.1866651,3.92894
3/20/2009,1.50836,2.946635,102.2572335,3.89692
3/19/2009,1.492052,2.892992,100.7973078,3.83377
3/18/2009,1.452091,2.919074,110.2676686,3.87716
3/17/2009,1.714575,3.216939,118.0353763,4.20916
3/16/2009,1.682364,3.161943,120.2230386,4.20653
3/13/2009,1.661615,3.11044,121.0770334,4.17876
3/12/2009,1.673052,3.066728,124.0992394,4.17572
3/11/2009,1.717634,3.120189,124.7571287,4.22952
3/10/2009,1.781127,3.208244,126.3933888,4.2873
3/9/2009,1.767406,3.130911,127.9195044,4.26007
3/6/2009,1.689782,3.079482,127.1770431,4.21441
3/5/2009,1.639737,3.089201,128.2031638,4.22296
3/4/2009,1.684018,3.314985,129.411663,4.38778
3/3/2009,1.621149,3.243044,129.1559546,4.35917
3/2/2009,1.579024,3.234095,128.4181585,4.39784
2/27/2009,1.679976,3.340155,128.9662699,4.45539
2/26/2009,1.702301,3.278334,125.8643992,4.4149
2/25/2009,1.721203,3.245511,127.5916907,4.40221
2/24/2009,1.626598,3.054629,122.2017052,4.28183
2/23/2009,1.581041,3.017942,121.6569879,4.2296
2/20/2009,1.582227,3.026553,122.6805138,4.19569
2/19/2009,1.628653,3.106902,122.0170505,4.24084
2/18/2009,1.616986,3.011381,120.589829,4.11982
2/17/2009,1.565518,2.947734,121.5538886,4.09683
2/13/2009,1.635973,3.121386,121.8873246,4.24557
2/12/2009,1.504434,2.948261,118.6488399,4.05528
2/11/2009,1.559623,3.00801,118.68871,4.0733
2/10/2009,1.623777,3.110622,125.4189396,4.16012
2/9/2009,1.627319,3.256314,125.7570779,4.34913
2/6/2009,1.572586,3.205287,128.1246243,4.36683
2/5/2009,1.621007,3.133533,126.0967969,4.31812
2/4/2009,1.654579,3.134287,126.8611921,4.34958
2/3/2009,1.628418,3.054505,122.2558755,4.28905
2/2/2009,1.627894,2.946248,121.1707165,4.15784
1/30/2009,1.659166,3.069719,118.0551593,4.29037
1/29/2009,1.544331,3.02668,116.6406095,4.29591
1/28/2009,1.43954,2.86144,115.6347402,4.00898
1/27/2009,1.424398,2.729068,115.4048667,3.91328
1/26/2009,1.493764,2.828603,115.8685778,4.02083
1/23/2009,1.46312,2.78163,112.3528326,4.00493
1/22/2009,1.420987,2.726403,110.5237232,4.05342
1/21/2009,1.444099,2.643242,109.0679679,4.08436
1/20/2009,1.305612,2.455414,108.1695762,3.92854
1/16/2009,1.300746,2.422533,106.2029604,3.91302
1/15/2009,1.344506,2.368212,106.4655512,3.80857
1/14/2009,1.245225,2.345304,102.5200963,3.75495
1/13/2009,1.247677,2.442312,100.4194605,3.75991
1/12/2009,1.242199,2.447832,102.2392192,3.79585
1/9/2009,1.283506,2.546601,102.204132,3.81249
1/8/2009,1.383454,2.596366,105.6539599,3.72187
1/7/2009,1.419306,2.700312,108.3545172,3.60119
1/6/2009,1.4833,2.784099,111.6735796,3.60517
1/5/2009,1.565862,2.853495,114.11298,4.06922
1/2/2009,1.645211,2.801223,115.011436,3.63296
12/31/2008,1.47199,2.572684,115.9772992,4.00708
12/30/2008,1.4376,2.473621,116.1994803,3.89246
12/29/2008,1.461797,2.471974,117.7212126,3.75228
12/26/2008,1.559668,2.495534,117.1307273,3.87289
12/24/2008,1.575686,2.558288,115.8575563,4.00553
12/23/2008,1.547059,2.497705,116.1339246,4.10336
12/22/2008,1.575523,2.461165,114.3649791,4.03628
12/19/2008,1.508971,2.416575,113.0682003,3.79982
12/18/2008,1.529646,2.300299,113.2147571,3.77292
12/17/2008,1.527312,2.36769,113.6991953,3.79209
12/16/2008,1.498394,2.541289,121.677843,3.98071
12/15/2008,1.781312,2.757654,133.8045357,4.1355
12/12/2008,2.01601,2.813749,139.1992311,4.10814
12/11/2008,1.944315,2.867976,138.3556571,4.11336
12/10/2008,1.956153,2.941372,135.9841547,4.35737
12/9/2008,2.039596,2.966,135.6594591,4.52121
12/8/2008,2.137563,2.989715,134.2745197,4.70612
12/5/2008,2.13221,2.939053,135.1840221,4.72506
12/4/2008,2.007209,2.891186,133.4149059,4.48864
12/3/2008,1.996375,2.94944,130.4806763,4.56259
12/2/2008,1.976966,2.921557,133.484844,4.65028
12/1/2008,1.984604,2.92567,140.6632396,4.6019
11/28/2008,2.109416,3.151186,143.2218586,4.82937
11/26/2008,2.118022,3.191187,142.9991413,4.76604
11/25/2008,2.128405,3.238753,143.2783544,4.75014
11/24/2008,2.347558,3.567325,142.2477071,5.34056
11/21/2008,2.155429,3.409686,155.3879239,5.35168
11/20/2008,2.036878,3.281976,162.1866225,5.40782
11/19/2008,2.144553,3.644511,155.8544747,5.45948
11/18/2008,2.215507,3.8266,149.4680693,5.4702
11/17/2008,2.288289,4.010354,144.516288,5.54453
11/14/2008,2.391881,4.075218,140.4938912,5.49487
11/13/2008,2.41526,4.139341,133.326258,5.55392
11/12/2008,2.252934,4.033773,131.016431,5.42963
11/10/2008,2.329718,4.169135,132.3507757,5.57721
11/7/2008,2.439553,4.189797,131.5646241,5.48216
11/6/2008,2.395652,4.132043,129.5210559,5.48354
11/5/2008,2.419545,4.092956,128.5342136,5.44883
11/4/2008,2.506041,4.253975,124.9602816,5.59651
11/3/2008,2.666502,4.42777,126.4818303,5.94965
10/31/2008,2.769499,4.452159,126.503792,5.98811
10/30/2008,2.752443,4.417498,126.3655764,6.024
10/29/2008,2.698065,4.362875,129.8916108,6.01414
10/28/2008,2.721535,4.353602,132.7376592,6.04844
10/27/2008,2.734799,4.214651,135.0239884,5.91991
10/24/2008,2.73085,4.169499,134.6791238,5.67504
10/23/2008,2.613971,3.931824,136.8039384,5.41055
10/22/2008,2.564236,4.023531,127.27616,5.37637
10/21/2008,2.526338,4.088626,126.6791056,5.3554
10/20/2008,2.727538,4.346409,126.612465,5.50881
10/17/2008,2.732593,4.480452,132.2392552,5.82867
10/16/2008,2.851166,4.51601,134.7118033,5.84358
10/15/2008,2.967153,4.598728,133.34805,5.90519
10/14/2008,3.020798,4.606087,145.6347622,6.01234
10/10/2008,3.047938,4.467199,145.3879888,5.84477
10/9/2008,3.125244,4.412258,134.90989,5.66674
10/8/2008,2.883051,4.225915,127.6978584,5.45232
10/7/2008,2.776168,4.114711,128.287705,5.26288
10/6/2008,2.728538,4.056925,121.7138064,5.21162
10/3/2008,3.117659,4.304025,121.668156,5.4475
10/2/2008,3.269094,4.339739,121.68996,5.45694
10/1/2008,3.376581,4.423004,120.4879914,5.49707
9/30/2008,3.484215,4.485561,120.6004954,5.5156
9/29/2008,3.135566,4.265467,120.3836284,5.36504
9/26/2008,3.48677,4.502357,113.791212,5.45085
9/25/2008,3.627402,4.567672,114.9787989,5.4753
9/24/2008,3.641287,4.523705,114.5279615,5.46486
9/23/2008,3.482066,4.551461,109.3913547,5.46543
9/22/2008,3.365657,4.504811,109.3927128,5.43345
9/19/2008,3.33028,4.438926,112.1470105,5.29412
9/18/2008,3.008923,4.098395,118.0321736,5.24059
9/17/2008,2.894649,4.07801,118.615119,5.21897
9/16/2008,2.945926,4.125855,119.0027564,5.19951
9/15/2008,2.792744,4.091808,113.1604034,5.01762
9/12/2008,3.171008,4.341974,106.8655819,5.3042
9/11/2008,3.110218,4.221021,107.1139564,5.20018
9/10/2008,3.142793,4.254247,107.2360494,5.20774
9/9/2008,3.1414,4.223919,107.320572,5.14552
9/8/2008,3.178877,4.26599,107.0385773,5.11343
9/5/2008,3.211959,4.33852,108.32613,5.64419
9/4/2008,3.159692,4.3207,108.95054,5.60593
9/3/2008,3.226805,4.388797,106.9272425,5.70324
9/2/2008,3.257924,4.43395,106.6470656,5.76158
8/29/2008,3.322951,4.48171,106.526667,5.79853
8/28/2008,3.311683,4.480522,106.9512084,5.76723
8/27/2008,3.274983,4.480607,106.622304,5.8015
8/26/2008,3.326038,4.500234,107.6383508,5.83232
8/25/2008,3.338742,4.52436,107.9563576,5.87194
8/22/2008,3.408379,4.578684,107.1163387,5.93749
8/21/2008,3.315073,4.539065,107.4629552,5.9001
8/20/2008,3.25946,4.510762,106.6031343,5.80583
8/19/2008,3.335858,4.587452,104.8720617,5.95402
8/18/2008,3.372233,4.584197,103.7453544,5.95599
8/15/2008,3.376172,4.597081,103.302381,5.96405
8/14/2008,3.390215,4.61881,102.7319616,6.03352
8/13/2008,3.405973,4.657876,103.2610416,6.05706
8/12/2008,3.366404,4.644886,102.0121856,6.02876
8/11/2008,3.482401,4.740563,101.2614025,6.08798
8/8/2008,3.439047,4.697163,101.5990885,6.00624
8/7/2008,3.39756,4.686819,102.2469008,6.05188
8/6/2008,3.500252,4.784367,102.643623,6.12899
8/5/2008,3.467543,4.736145,102.1645152,6.04893
8/4/2008,3.477446,4.71713,102.5039752,6.01006
8/1/2008,3.429195,4.665987,102.6022449,5.94304
7/31/2008,3.421194,4.676946,103.5814656,5.9366
7/30/2008,3.480803,4.725274,104.0728104,5.98257
7/29/2008,3.519705,4.743755,105.4052274,6.02543
7/28/2008,3.484044,4.713696,105.4072545,5.97205
7/25/2008,3.604681,4.800393,105.790014,6.09366
7/24/2008,3.523199,4.702826,107.3176803,5.96688
7/23/2008,3.726293,4.852373,106.5955894,6.12548
7/22/2008,3.66384,4.827177,106.7547338,6.15327
7/21/2008,3.610664,4.811443,108.7369704,6.11861
7/18/2008,3.617192,4.848522,108.9369135,6.13689
7/17/2008,3.544044,4.791941,109.166125,6.03498
7/16/2008,3.355636,4.624003,108.753404,5.84484
7/15/2008,3.30742,4.531448,110.357356,5.69922
7/14/2008,3.381869,4.572146,111.2126918,5.7262
7/11/2008,3.465268,4.625959,110.82757,5.78406
7/10/2008,3.35709,4.521131,109.4695784,5.7032
7/9/2008,3.324401,4.529877,109.1297772,5.71617
7/8/2008,3.400266,4.620801,109.6641653,5.81904
7/7/2008,3.444391,4.708713,109.5677472,5.951
7/3/2008,3.514819,4.725628,110.251701,5.94638
7/2/2008,3.536674,4.687424,111.2558944,5.90336
7/1/2008,3.559367,4.707039,111.670416,5.87926
6/30/2008,3.55017,4.671748,111.5012688,5.82023
6/27/2008,3.557856,4.698562,112.2664921,5.84366
6/26/2008,3.588062,4.73828,111.9454092,5.90352
6/25/2008,3.724495,4.811398,109.6743865,5.95788
6/24/2008,3.779108,4.808403,109.3842533,5.9575
6/23/2008,3.865348,4.872747,108.2189988,5.98819
6/20/2008,3.75702,4.824497,107.885008,5.92151
6/19/2008,3.82403,4.845327,106.509204,5.94374
6/18/2008,3.769077,4.80536,106.498175,5.90615
6/17/2008,3.874084,4.908069,107.4651039,6.00955
6/16/2008,3.990148,4.957804,108.2080944,6.08137
6/13/2008,3.97419,4.96888,109.275156,6.05793
6/12/2008,3.930493,4.906317,109.041218,6.01778
6/11/2008,3.742186,4.783548,109.15981,5.88874
6/10/2008,3.840161,4.85386,111.8710188,5.96254
6/9/2008,3.671677,4.738007,113.4853952,5.81817
6/6/2008,3.326481,4.688841,110.5572736,5.72572
6/5/2008,3.362786,4.757987,106.2836331,5.76712
6/4/2008,3.277794,4.617381,105.2899976,5.66156
6/3/2008,3.274171,4.551024,104.7866967,5.55953
6/2/2008,3.341161,4.619337,104.9167148,5.60869
5/30/2008,3.456001,4.691524,103.962955,5.67041
5/29/2008,3.487319,4.734228,104.8211844,5.71441
5/28/2008,3.438015,4.654679,103.5624879,5.635
5/27/2008,3.329731,4.560713,103.973323,5.51062
5/23/2008,3.228907,4.45262,103.586099,5.40601
5/22/2008,3.313496,4.529818,103.94002,5.4751
5/21/2008,3.161827,4.417317,102.912057,5.35903
5/20/2008,3.084512,4.3657,103.700575,5.30407
5/19/2008,3.168753,4.413102,103.1564387,5.35742
5/16/2008,3.231463,4.438241,105.197427,5.39561
5/15/2008,3.241122,4.438443,106.2926522,5.40203
5/14/2008,3.384911,4.567437,107.938986,5.55211
5/13/2008,3.301986,4.549449,108.67464,5.54224
5/12/2008,3.067193,4.378031,108.3478968,5.40558
5/9/2008,3.017582,4.370935,108.1219327,5.35232
5/8/2008,3.018691,4.3919,106.6758881,5.32256
5/7/2008,3.114662,4.480094,103.865839,5.39367
5/6/2008,3.16492,4.51769,103.3819188,5.43589
5/5/2008,3.191471,4.460092,102.5777,5.4155
5/2/2008,3.212856,4.456633,102.188271,5.38863
5/1/2008,3.151691,4.364506,104.9716672,5.34362
4/30/2008,3.111999,4.372499,108.3040896,5.40219
4/29/2008,3.192899,4.452676,109.76049,5.47144
4/28/2008,3.235414,4.470142,110.1317668,5.49081
4/25/2008,3.301506,4.515463,110.3284875,5.5306
4/24/2008,3.274418,4.484559,111.1724509,5.51979
4/23/2008,3.120052,4.372451,110.2897402,5.4325
4/22/2008,3.132354,4.353223,110.63179,5.38548
4/21/2008,3.092477,4.363313,110.5833387,5.42507
4/18/2008,3.110698,4.411195,111.209625,5.48385
4/17/2008,3.070482,4.431771,114.3659972,5.57791
4/16/2008,2.932571,4.423456,113.9370139,5.54358
4/15/2008,2.738204,4.271409,110.9464668,5.38224
4/14/2008,2.616019,4.183737,110.5829334,5.2727
4/11/2008,2.570566,4.116635,111.4826544,5.2083
4/10/2008,2.643205,4.172974,109.7401544,5.2699
4/9/2008,2.564041,4.121066,107.6239726,5.19316
4/8/2008,2.672821,4.209143,107.55154,5.28216
4/7/2008,2.700848,4.182331,109.244485,5.23363
4/4/2008,2.619805,4.112789,108.75141,5.16736
4/3/2008,2.756537,4.275601,107.3596349,5.37571
4/2/2008,2.724032,4.25317,108.049004,5.43194
4/1/2008,2.603816,4.188923,109.479168,5.36824
3/31/2008,2.440462,4.08327,112.885028,5.26202
3/28/2008,2.51101,4.149642,112.548409,5.28215
3/27/2008,2.548086,4.204075,116.4969168,5.39164
3/26/2008,2.541506,4.145706,116.8972948,5.29599
3/25/2008,2.586466,4.127165,117.7556813,5.30409
3/24/2008,2.62438,4.144596,117.5763975,5.3473
3/20/2008,2.403803,3.953699,116.6139361,5.06543
3/19/2008,2.287159,3.959003,115.600124,5.1225
3/18/2008,2.343884,4.087025,118.3618332,5.26363
3/17/2008,2.145706,3.950599,122.856555,5.08274
3/14/2008,2.303105,4.135339,123.4193364,5.47714
3/13/2008,2.507707,4.260241,121.2002743,5.5453
3/12/2008,2.543379,4.233848,119.945805,5.50334
3/11/2008,2.659608,4.384466,121.218462,5.77938
3/10/2008,2.497148,4.310269,124.9716474,5.76087
3/7/2008,2.539073,4.413123,124.9105388,5.79413
3/6/2008,2.660398,4.515177,123.7903182,5.94293
3/5/2008,2.679179,4.491726,120.2116104,5.81134
3/4/2008,2.572318,4.321483,120.1122675,5.63182
3/3/2008,2.518842,4.237195,117.5606038,5.43774
2/29/2008,2.509859,4.222486,117.6125906,5.35969
2/28/2008,2.729151,4.418135,114.7201187,5.4989
2/27/2008,2.818922,4.538189,115.6057963,5.69071
2/26/2008,2.887025,4.572318,116.9369376,5.78509
2/25/2008,2.980926,4.648047,118.8685218,5.86195
2/22/2008,2.89021,4.550267,118.3904022,5.71944
2/21/2008,2.843935,4.495922,118.1162205,5.5927
2/20/2008,2.999518,4.64947,116.115445,5.76701
2/19/2008,2.91888,4.638679,115.6879348,5.73451
2/15/2008,2.745398,4.514123,115.3092402,5.50329
2/14/2008,2.728074,4.563086,114.7294176,5.51998
2/13/2008,2.678327,4.381793,111.1295262,5.32945
2/12/2008,2.711477,4.363474,109.8741255,5.25661
2/11/2008,2.685413,4.292372,109.8959885,5.19384
2/8/2008,2.687984,4.322804,108.25174,5.20211
2/7/2008,2.739419,4.393182,108.1938494,5.26285
2/6/2008,2.696698,4.252357,107.2058425,5.11977
2/5/2008,2.701009,4.220917,106.7782848,5.04078
2/4/2008,2.801951,4.27915,105.9806464,5.14855
2/1/2008,2.812227,4.23166,106.4829213,5.07129
1/31/2008,2.84064,4.269607,107.433243,5.12147
1/30/2008,2.913954,4.361765,105.7574898,5.18726
1/29/2008,2.923807,4.252815,108.3732937,5.11346
1/28/2008,2.851867,4.186096,109.2320853,5.03004
1/25/2008,2.874154,4.184616,110.3138943,5.08433
1/24/2008,2.898935,4.272919,109.457744,5.20552
1/23/2008,2.622789,4.041958,108.107948,4.86534
1/22/2008,2.690013,4.10347,104.542659,4.82456
1/18/2008,3.014823,4.263824,102.4124018,5.07507
1/17/2008,3.073175,4.248323,101.514075,5.04624
1/16/2008,3.151293,4.320059,101.488079,5.12728
1/15/2008,3.168174,4.281089,101.6532232,5.04364
1/14/2008,3.207309,4.381292,101.214106,5.13481
1/11/2008,3.252178,4.415348,100.443196,5.17318
1/10/2008,3.413653,4.497616,101.0707392,5.28583
1/9/2008,3.430568,4.404045,101.6336773,5.2107
1/8/2008,3.493086,4.4409,100.342015,5.25517
1/7/2008,3.505908,4.448545,102.2128845,5.23878
1/4/2008,3.499182,4.476275,104.1815788,5.28617
1/3/2008,3.6144,4.544945,104.018802,5.3789
1/2/2008,3.642464,4.533161,104.5267752,5.39414
12/31/2007,3.805578,4.66485,103.8579102,5.5067
12/28/2007,3.866619,4.738818,102.3433565,5.59539
12/27/2007,4.006181,4.865214,100.6064806,5.73511
12/26/2007,4.070035,4.932634,100.3341474,5.79908
12/24/2007,4.026746,4.868513,100.427472,5.74257
12/21/2007,3.998596,4.813985,100.3495864,5.68464
12/20/2007,3.886924,4.667901,101.160115,5.52723
12/19/2007,3.95708,4.702814,99.5637785,5.53357
12/18/2007,4.025608,4.751578,98.5861748,5.61771
12/17/2007,4.124524,4.867226,98.208682,5.73971
12/14/2007,4.167844,4.914754,97.484412,5.75288
12/13/2007,4.079886,4.825163,98.588208,5.66802
12/12/2007,4.010858,4.764425,99.4308952,5.59488
12/11/2007,4.022599,4.722414,100.8563177,5.54528
12/10/2007,4.112195,4.871672,99.6441108,5.7185
12/7/2007,4.078122,4.833047,100.2221044,5.68009
12/6/2007,3.938473,4.68008,99.991135,5.49202
12/5/2007,3.842277,4.586696,101.357136,5.40073
12/4/2007,3.845951,4.565352,102.3322624,5.39349
12/3/2007,3.855475,4.557226,101.976506,5.39401
11/30/2007,3.897846,4.617988,102.1312182,5.43923
11/29/2007,3.921169,4.614591,104.7205788,5.48448
11/28/2007,4.012199,4.697692,104.2739888,5.58194
11/27/2007,3.958051,4.644742,106.7289716,5.62014
11/26/2007,3.858886,4.555618,104.1243552,5.47701
11/23/2007,4.009083,4.772267,101.4943518,5.66973
11/21/2007,4.011899,4.828244,101.248872,5.72955
11/20/2007,4.115681,4.861419,99.326304,5.80547
11/19/2007,4.124412,4.849424,98.14441,5.74195
11/16/2007,4.168403,4.883687,96.2837128,5.77368
11/15/2007,4.171907,4.896927,96.5122898,5.74313
11/14/2007,4.309476,4.982883,94.098186,5.81237
11/13/2007,4.29005,4.986095,95.282719,5.83079
11/9/2007,4.23619,4.970192,97.310448,5.81494
11/8/2007,4.263443,5.031551,97.9955704,5.85192
11/7/2007,4.37806,5.06583,94.7932887,5.87137
11/6/2007,4.432597,5.071731,92.0156094,5.86598
11/5/2007,4.408338,5.017792,92.0339315,5.81429
11/2/2007,4.345219,4.96616,91.7123529,5.72404
11/1/2007,4.449503,5.008707,91.0256906,5.76173
10/31/2007,4.550296,5.103372,88.7487488,5.82636
10/30/2007,4.432982,5.023561,90.6358075,5.74383
10/29/2007,4.426513,5.014441,92.4082803,5.74053
10/26/2007,4.388658,5.028971,92.5936115,5.7513
10/25/2007,4.360311,4.977182,93.8578186,5.69814
10/24/2007,4.361573,4.953038,93.3655632,5.68865
10/23/2007,4.457751,5.023165,92.1436334,5.77363
10/22/2007,4.472044,5.026975,92.1658266,5.79053
10/19/2007,4.474771,5.040335,91.6959654,5.78826
10/18/2007,4.587449,5.137977,90.99981,5.85501
10/17/2007,4.646112,5.178852,90.2113127,5.90414
10/16/2007,4.756783,5.281386,88.1034408,5.9741
10/15/2007,4.818187,5.297706,86.2537819,5.98213
10/12/2007,4.842136,5.302878,86.7255795,5.98161
10/11/2007,4.783481,5.264612,87.9765964,5.9681
10/10/2007,4.826304,5.267328,89.0376914,5.98497
10/9/2007,4.831396,5.278328,90.6965598,5.98408
10/5/2007,4.786189,5.271611,91.9648048,5.98487
10/4/2007,4.673243,5.145143,92.191947,5.88909
10/3/2007,4.689386,5.157383,91.9404556,5.90551
10/2/2007,4.65352,5.147423,93.1569582,5.91811
10/1/2007,4.679962,5.182934,94.22128,5.93729
9/28/2007,4.631845,5.197956,94.2142014,5.95066
9/27/2007,4.588085,5.19431,94.312408,5.92373
9/26/2007,4.646165,5.260746,94.3359245,5.98048
9/25/2007,4.675371,5.269888,94.5600234,5.97037
9/24/2007,4.691427,5.273227,93.155432,5.97496
9/21/2007,4.67362,5.274556,93.1941885,5.95164
9/20/2007,4.707633,5.311759,92.5622704,5.96554
9/19/2007,4.583496,5.130114,91.0855132,5.795
9/18/2007,4.601736,5.106903,92.6370404,5.79823
9/17/2007,4.759565,5.145389,93.5533872,5.894
9/14/2007,4.723571,5.125616,93.711276,5.89106
9/13/2007,4.761126,5.129897,94.9414944,5.9126
9/12/2007,4.720825,5.052106,95.933602,5.87022
9/11/2007,4.704314,5.013967,94.5770616,5.80365
9/10/2007,4.609121,4.971444,93.638128,5.73113
9/7/2007,4.627926,5.018228,92.1428095,5.76133
9/6/2007,4.819791,5.169164,90.4037848,5.9335
9/5/2007,4.785951,5.167186,91.0204614,5.92707
9/4/2007,4.898402,5.253553,90.1393896,6.01567
8/31/2007,4.885797,5.236278,90.7073151,5.99344
8/30/2007,4.812131,5.207176,91.015083,5.97114
8/29/2007,4.853405,5.263883,90.7228141,5.97927
8/28/2007,4.820081,5.23626,90.6322976,5.9438
8/27/2007,4.911834,5.262887,89.100273,5.97041
8/24/2007,4.976138,5.291174,89.4875419,5.98703
8/23/2007,4.912646,5.321203,92.2367652,6.02021
8/22/2007,4.857572,5.333462,93.8394747,6.02985
8/21/2007,4.762584,5.32905,95.3297073,6.01298
8/20/2007,4.792758,5.387039,94.7327634,6.07633
8/17/2007,4.810857,5.424123,95.4594111,6.11128
8/16/2007,4.776454,5.381753,96.7775364,6.14169
8/15/2007,4.924399,5.44479,93.1674752,6.20664
8/14/2007,4.986722,5.467113,92.2034498,6.1677
8/13/2007,5.019678,5.494989,91.7666859,6.16927
8/10/2007,5.004557,5.490977,92.5024569,6.15063
8/9/2007,5.012259,5.479889,92.1959016,6.12613
8/8/2007,5.140942,5.525621,88.7588496,6.16603
8/7/2007,5.064055,5.453438,89.2345844,6.10728
8/6/2007,5.031658,5.461183,91.4230012,6.12133
8/3/2007,5.004627,5.43562,91.15364,6.10397
8/2/2007,5.092705,5.478663,90.524225,6.17056
8/1/2007,5.079709,5.497167,91.9135602,6.20234
7/31/2007,5.092254,5.509511,92.964256,6.22355
7/30/2007,5.103875,5.554261,93.7403658,6.24717
7/27/2007,5.094665,5.545116,94.790724,6.21896
7/26/2007,5.114517,5.518214,92.6263302,6.2137
7/25/2007,5.259489,5.603347,87.4330875,6.27441
7/24/2007,5.294363,5.640637,86.0796558,6.28258
7/23/2007,5.317373,5.648194,83.9961932,6.28112
7/20/2007,5.296981,5.638954,84.229008,6.265
7/19/2007,5.347485,5.688709,82.559169,6.30406
7/18/2007,5.339515,5.679953,82.7496645,6.28572
7/17/2007,5.399168,5.741053,82.6644244,6.33529
7/16/2007,5.358092,5.697245,82.975776,6.30073
7/13/2007,5.410811,5.753644,83.431117,6.33145
7/12/2007,5.411592,5.765746,83.4153001,6.33541
7/11/2007,5.377091,5.74631,83.6714592,6.3107
7/10/2007,5.36132,5.704646,83.6769074,6.28291
7/9/2007,5.453532,5.793004,81.843684,6.35041
7/6/2007,5.467088,5.828172,82.5837708,6.3727
7/5/2007,5.444689,5.76946,81.9721728,6.3398
7/3/2007,5.367422,5.669269,82.1048454,6.25963
7/2/2007,5.333744,5.623643,82.2090966,6.22665
6/29/2007,5.357356,5.665121,81.6676432,6.25387
6/28/2007,5.418946,5.735967,80.7719198,6.2982
6/27/2007,5.357097,5.694191,81.0197872,6.26639
6/26/2007,5.372061,5.723432,80.5394844,6.28234
6/25/2007,5.353483,5.704673,80.5041966,6.2647
6/22/2007,5.3998,5.759571,80.2914602,6.30384
6/21/2007,5.438125,5.778462,80.050658,6.32487
6/20/2007,5.430008,5.725878,78.9051082,6.28873
6/19/2007,5.398444,5.663631,78.2521065,6.22539
6/18/2007,5.451174,5.72738,77.485469,6.27743
6/15/2007,5.479802,5.758758,78.615008,6.29718
6/14/2007,5.519245,5.811184,80.2232928,6.35536
6/13/2007,5.509094,5.806042,80.4529236,6.36267
6/12/2007,5.504931,5.87089,81.6881472,6.38983
6/11/2007,5.443408,5.739612,78.3643119,6.28557
6/8/2007,5.444528,5.726921,78.5820882,6.28132
6/7/2007,5.440865,5.695752,77.7073227,6.26442
6/6/2007,5.377538,5.546856,75.3576555,6.12429
6/5/2007,5.409105,5.551495,74.718774,6.11896
6/4/2007,5.383676,5.500278,75.0746724,6.06
6/1/2007,5.391805,5.530928,75.0928731,6.07372
5/31/2007,5.330533,5.455872,75.5702625,6.00727
5/30/2007,5.295966,5.437971,75.4222314,5.99207
5/29/2007,5.295488,5.441457,75.201966,5.99219
5/25/2007,5.260799,5.417465,75.1751466,5.96443
5/24/2007,5.256552,5.412243,75.1956615,5.98156
5/23/2007,5.251538,5.418176,75.0066176,5.97429
5/22/2007,5.237176,5.383851,74.5339414,5.94901
5/21/2007,5.209025,5.341733,75.2615667,5.91467
5/18/2007,5.225107,5.367987,75.8312544,5.92507
5/17/2007,5.183752,5.30292,75.219214,5.8856
5/16/2007,5.13857,5.251597,75.99508,5.84391
5/15/2007,5.146366,5.255004,75.920757,5.84727
5/14/2007,5.130714,5.228228,76.0627287,5.83042
5/11/2007,5.108108,5.209931,76.6972764,5.80676
5/10/2007,5.09252,5.187008,76.6353714,5.78653
5/9/2007,5.120976,5.210095,76.522859,5.79797
5/8/2007,5.078147,5.170681,76.9424262,5.76477
5/7/2007,5.085287,5.175492,76.3744644,5.76324
5/4/2007,5.073588,5.178939,76.1389024,5.77033
5/3/2007,5.098847,5.212444,76.2239014,5.80799
5/2/2007,5.057045,5.186366,76.50697,5.77791
5/1/2007,5.049105,5.183759,76.686487,5.78013
4/30/2007,5.014565,5.170461,76.7806884,5.769
4/27/2007,5.07579,5.243922,76.1965398,5.82011
4/26/2007,5.067703,5.225833,76.2182784,5.80346
4/25/2007,5.014025,5.176379,76.615353,5.76223
4/24/2007,4.982902,5.147639,76.695785,5.73675
4/23/2007,5.016755,5.177552,76.7994392,5.76361
4/20/2007,5.038385,5.198432,77.0829289,5.77947
4/19/2007,5.02723,5.194344,76.4597614,5.767
4/18/2007,5.026452,5.176583,76.096084,5.76155
4/17/2007,5.067386,5.213169,75.4772768,5.79239
4/16/2007,5.130911,5.267224,74.7362682,5.83698
4/13/2007,5.15191,5.297078,74.415834,5.85428
4/12/2007,5.12256,5.274292,75.091612,5.83404
4/11/2007,5.120387,5.276475,75.608775,5.82867
4/10/2007,5.10737,5.265527,75.976017,5.816
4/9/2007,5.133791,5.287775,75.8572616,5.83389
4/5/2007,5.026483,5.209862,77.0584936,5.76985
4/4/2007,5.013616,5.191786,77.610372,5.75562
4/3/2007,5.029414,5.198663,77.4098649,5.76023
4/2/2007,4.99521,5.175459,77.338952,5.75504
3/30/2007,4.994921,5.176463,77.6110544,5.76151
3/29/2007,4.985497,5.167638,77.4512718,5.74611
3/28/2007,4.962701,5.156473,78.268833,5.73479
3/27/2007,4.975453,5.14118,77.8984587,5.72023
3/26/2007,4.97042,5.124338,77.5438356,5.69346
3/23/2007,4.994666,5.142617,77.0446116,5.70792
3/22/2007,4.968059,5.112389,77.2355172,5.67216
3/21/2007,4.906608,5.040077,76.6682862,5.61128
3/20/2007,4.994405,5.08315,76.753964,5.65758
3/19/2007,5.017189,5.107701,76.9995413,5.68532
3/16/2007,4.990569,5.082758,77.7061197,5.67116
3/15/2007,4.972841,5.068086,78.3936736,5.66107
3/14/2007,4.94843,5.060321,79.141962,5.64978
3/13/2007,4.931233,5.040662,78.6898144,5.62499
3/12/2007,5.029022,5.097406,77.6470695,5.6818
3/9/2007,5.06201,5.130621,77.7693492,5.70828
3/8/2007,4.956079,5.046364,78.622441,5.63625
3/7/2007,4.944664,5.039244,79.5684192,5.64065
3/6/2007,4.983462,5.075527,79.067541,5.68031
3/5/2007,4.972002,5.074432,81.0375713,5.69602
3/2/2007,4.973921,5.079891,81.136872,5.6857
3/1/2007,5.020218,5.099994,79.5484746,5.70088
2/28/2007,5.024682,5.094378,78.2241012,5.69793
2/27/2007,4.976604,5.049509,79.4295124,5.666
2/26/2007,5.136877,5.154857,76.7424294,5.73856
2/23/2007,5.181461,5.195572,75.7224724,5.76857
2/22/2007,5.220505,5.241405,74.7939957,5.79825
2/21/2007,5.186697,5.199695,75.397953,5.76648
2/20/2007,5.162918,5.184154,76.6110715,5.75967
2/16/2007,5.181063,5.198989,75.7080444,5.76704
2/15/2007,5.174006,5.204611,74.8360026,5.76575
2/14/2007,5.214227,5.228089,73.9632456,5.78171
2/13/2007,5.294015,5.323077,73.271182,5.874
2/12/2007,5.288326,5.325552,73.2766125,5.8661
2/9/2007,5.269509,5.302346,73.6800684,5.83455
2/8/2007,5.219549,5.227818,73.86432,5.77907
2/7/2007,5.219895,5.233173,74.2948875,5.7765
2/6/2007,5.241354,5.252815,73.4775828,5.78845
2/5/2007,5.267906,5.29597,73.3328216,5.8258
2/2/2007,5.291898,5.327517,73.5667458,5.86395
2/1/2007,5.315148,5.350711,74.7502601,5.89772
1/31/2007,5.30679,5.349031,74.9231586,5.89771
1/30/2007,5.338677,5.402899,75.9365955,5.95304
1/29/2007,5.359021,5.419801,76.2708319,5.96445
1/26/2007,5.33289,5.389673,76.8154364,5.94379
1/25/2007,5.320414,5.371869,76.9333431,5.93337
1/24/2007,5.275008,5.296232,76.148436,5.86891
1/23/2007,5.274704,5.286564,76.2274464,5.85716
1/22/2007,5.252448,5.241002,76.7508768,5.81193
1/19/2007,5.263107,5.259271,76.5391808,5.82398
1/18/2007,5.240016,5.247133,75.903567,5.80081
1/17/2007,5.268299,5.288937,75.7584544,5.82895
1/16/2007,5.224751,5.243701,76.5903792,5.79288
1/12/2007,5.23087,5.259229,77.2825075,5.79949
1/11/2007,5.204368,5.225242,78.2990748,5.78313
1/10/2007,5.156871,5.16482,78.2300694,5.73098
1/9/2007,5.131438,5.128414,78.1860424,5.69234
1/8/2007,5.119691,5.11773,79.3000832,5.68939
1/5/2007,5.093038,5.107694,79.3752139,5.6641
1/4/2007,5.053595,5.083341,80.9346638,5.64398
1/3/2007,5.106461,5.135224,81.1991528,5.70619
1/2/2007,5.143599,5.171688,81.7488522,5.75132
12/29/2006,5.165908,5.188624,82.2716967,5.78466
12/28/2006,5.151131,5.173271,82.5982768,5.77848
12/27/2006,5.125334,5.141605,82.6065204,5.74329
12/26/2006,5.071457,5.095178,82.7332025,5.6947
12/22/2006,5.077694,5.117019,82.8948696,5.70687
12/21/2006,5.020459,5.041184,82.565392,5.63329
12/20/2006,5.073515,5.091753,82.4435586,5.69257
12/19/2006,5.06859,5.092244,82.9339238,5.70048
12/18/2006,5.066909,5.078232,83.0970855,5.69459
12/15/2006,5.064883,5.070234,83.5878285,5.68714
12/14/2006,5.068093,5.062796,83.9172852,5.68114
12/13/2006,5.042584,5.046454,84.2459592,5.65971
12/12/2006,4.961528,4.969481,84.8968098,5.57128
12/11/2006,5.010626,5.00863,85.2272775,5.63028
12/8/2006,5.021362,5.043376,85.3885065,5.66464
12/7/2006,4.926722,4.972617,86.3773621,5.59388
12/6/2006,4.904517,4.937431,85.721368,5.56671
12/5/2006,4.844627,4.893828,86.3743116,5.50829
12/4/2006,4.846017,4.889373,86.8640472,5.50335
12/1/2006,4.844019,4.888314,86.6544972,5.51164
11/30/2006,4.95205,4.932883,86.1678944,5.57153
11/29/2006,5.009922,4.999889,85.6779286,5.65536
11/28/2006,5.006238,4.981876,86.012784,5.65634
11/27/2006,5.04218,5.020665,85.3518161,5.68837
11/24/2006,5.053433,5.035151,85.1847228,5.70001
11/22/2006,5.072663,5.062631,84.6961668,5.70866
11/21/2006,5.084967,5.071256,84.6920777,5.71028
11/20/2006,5.087979,5.089847,84.6867456,5.71107
11/17/2006,5.088859,5.099429,84.9351816,5.72502
11/16/2006,5.162617,5.16212,85.0223408,5.79681
11/15/2006,5.134455,5.132881,85.5105606,5.77565
11/14/2006,5.072004,5.087237,86.3267061,5.74146
11/13/2006,5.10692,5.131951,85.6715822,5.77515
11/10/2006,5.085147,5.115216,86.0668886,5.74642
11/9/2006,5.113146,5.154788,85.5605454,5.78174
11/8/2006,5.118609,5.159526,86.3739544,5.79337
11/7/2006,5.144131,5.188311,86.697438,5.82192
11/6/2006,5.199321,5.242872,86.3280288,5.87026
11/3/2006,5.204412,5.253519,86.9779794,5.88299
11/2/2006,5.051333,5.121421,87.6393144,5.78378
11/1/2006,5.021572,5.084781,88.4563889,5.75928
10/31/2006,5.078224,5.135066,87.1468161,5.80171
10/30/2006,5.14032,5.204796,86.6497088,5.8671
10/27/2006,5.135177,5.207755,86.8294545,5.86557
10/26/2006,5.189169,5.252704,86.335677,5.89961
10/25/2006,5.258513,5.310074,86.198364,5.95115
10/24/2006,5.299774,5.366124,86.328384,5.9672
10/23/2006,5.297258,5.369582,86.657698,5.96406
10/20/2006,5.256386,5.326865,86.8201152,5.95696
10/19/2006,5.25089,5.329425,87.1519264,5.96276
10/18/2006,5.234046,5.3039,87.1458112,5.93335
10/17/2006,5.239013,5.321215,87.6363282,5.94472
10/16/2006,5.253614,5.335944,87.4713568,5.95948
10/13/2006,5.267105,5.359928,87.6366745,5.98671
10/12/2006,5.249676,5.336485,88.1342451,5.97705
10/11/2006,5.261699,5.34509,88.2933458,5.96583
10/10/2006,5.219038,5.306653,88.9409456,5.95749
10/6/2006,5.146279,5.234562,89.7591366,5.90327
10/5/2006,5.055149,5.146514,90.5772861,5.81752
10/4/2006,5.005626,5.1041,90.7482528,5.77873
10/3/2006,5.07309,5.157111,90.0919175,5.83864
10/2/2006,5.072545,5.161936,90.4148441,5.84966
9/29/2006,5.107258,5.173205,90.088362,5.86441
9/28/2006,5.095469,5.159235,89.7652112,5.84481
9/27/2006,5.085344,5.129136,90.2623998,5.82374
9/26/2006,5.087086,5.114762,90.2567815,5.81463
9/25/2006,5.052628,5.083214,91.3931634,5.78502
9/22/2006,5.082743,5.1337,90.2545488,5.82063
9/21/2006,5.112973,5.18934,88.1339585,5.85597
9/20/2006,5.224336,5.277784,87.6392702,5.93042
9/19/2006,5.230239,5.283815,88.1377986,5.93924
9/18/2006,5.304705,5.359152,87.7975758,5.97548
9/15/2006,5.291287,5.341345,87.9621372,5.95972
9/14/2006,5.251654,5.322629,88.2954358,5.97232
9/13/2006,5.219373,5.296674,88.2906885,5.94056
9/12/2006,5.23745,5.3008,87.718248,5.94017
9/11/2006,5.250549,5.333641,87.305702,5.95898
9/8/2006,5.213019,5.299372,87.303879,5.93338
9/7/2006,5.229417,5.319587,87.227448,5.95526
9/6/2006,5.228118,5.324071,87.06412,5.96864
9/5/2006,5.211621,5.31503,87.0120462,5.96084
9/1/2006,5.183239,5.277086,87.119342,5.92844
8/31/2006,5.197307,5.290599,87.6062317,5.94217
8/30/2006,5.241281,5.321186,87.9413898,5.97019
8/29/2006,5.27814,5.346809,87.31169,5.95256
8/28/2006,5.292813,5.357721,86.946424,5.96424
8/25/2006,5.27631,5.346742,87.0748374,5.98067
8/24/2006,5.301695,5.357037,86.9608576,5.96254
8/23/2006,5.296035,5.362842,86.4273426,5.96807
8/22/2006,5.289476,5.350747,85.9466608,5.96177
8/21/2006,5.293713,5.355942,85.4558172,5.97864
8/18/2006,5.301601,5.361741,85.457562,5.95802
8/17/2006,5.327105,5.396652,85.4585708,5.98775
8/16/2006,5.319434,5.413772,85.619391,5.96852
8/15/2006,5.388159,5.479365,85.6220056,6.05662
8/14/2006,5.464596,5.55462,86.0993112,6.15487
8/11/2006,5.407829,5.517522,86.5873594,6.1083
8/10/2006,5.363996,5.475672,86.4273277,6.06588
8/9/2006,5.354238,5.472505,86.1051744,6.06042
8/8/2006,5.347567,5.466139,86.9641086,6.06446
8/7/2006,5.380651,5.475293,87.7709184,6.09028
8/4/2006,5.349975,5.455,88.0942282,6.052
8/3/2006,5.423292,5.518312,88.5850004,6.14072
8/2/2006,5.400416,5.51977,88.907877,6.1257
8/1/2006,5.402959,5.543781,89.174459,6.14776
7/31/2006,5.406222,5.542393,88.954544,6.157
7/28/2006,5.421913,5.555129,89.1167404,6.16396
7/27/2006,5.496291,5.614049,88.6803984,6.23661
7/26/2006,5.499239,5.609563,88.4772113,6.24659
7/25/2006,5.539593,5.644318,88.4758182,6.28745
7/24/2006,5.51904,5.621967,88.793721,6.26827
7/21/2006,5.51709,5.627648,89.2784508,6.26926
7/20/2006,5.503567,5.61528,89.285514,6.26198
7/19/2006,5.561231,5.65875,89.0601525,6.30891
7/18/2006,5.646198,5.738798,89.8678517,6.38524
7/17/2006,5.573841,5.672309,89.860706,6.33844
7/14/2006,5.56037,5.667092,89.8617636,6.33093
7/13/2006,5.58567,5.674352,89.386143,6.33821
7/12/2006,5.626755,5.697058,88.741989,6.35306
7/11/2006,5.623735,5.700791,88.9049304,6.35726
7/10/2006,5.649331,5.73435,88.7419596,6.37626
7/7/2006,5.646514,5.73613,88.9017762,6.37728
7/6/2006,5.695657,5.79298,89.0677812,6.42768
7/5/2006,5.720035,5.83104,89.5449542,6.46164
7/3/2006,5.642163,5.750484,89.5456989,6.3934
6/30/2006,5.627472,5.728899,89.5419882,6.37105
6/29/2006,5.670506,5.789012,89.672928,6.41651
6/28/2006,5.73961,5.838129,89.9126787,6.46466
6/27/2006,5.709649,5.797977,89.8706997,6.44877
6/26/2006,5.728463,5.822629,90.3490068,6.48238
6/23/2006,5.719109,5.81187,90.68808,6.45996
6/22/2006,5.694247,5.782351,89.8903677,6.41959
6/21/2006,5.650452,5.734211,90.1354203,6.37557
6/20/2006,5.647583,5.733318,89.4958995,6.36772
6/19/2006,5.632291,5.723803,89.3333278,6.34836
6/16/2006,5.607958,5.701452,89.4959567,6.33511
6/15/2006,5.584295,5.66679,89.1768745,6.31432
6/14/2006,5.538767,5.618844,88.5332584,6.27295
6/13/2006,5.438836,5.520367,88.256999,6.18622
6/12/2006,5.45667,5.542807,88.354959,6.20035
6/9/2006,5.443711,5.540627,88.9965492,6.17939
6/8/2006,5.43645,5.551453,89.4870666,6.18785
6/7/2006,5.457297,5.580686,89.3239654,6.21197
6/6/2006,5.430854,5.556987,89.9712,6.18614
6/5/2006,5.412409,5.575928,90.12756,6.19509
6/2/2006,5.347978,5.543714,90.6145476,6.16329
6/1/2006,5.479046,5.667163,90.6163104,6.28186
5/31/2006,5.48068,5.667793,91.9092864,6.28572
5/30/2006,5.421271,5.636375,91.9099272,6.25047
5/26/2006,5.386077,5.598276,92.488704,6.21195
5/25/2006,5.402066,5.618494,92.4870885,6.23265
5/24/2006,5.37616,5.580696,92.5445982,6.21225
5/23/2006,5.406304,5.609441,92.2260552,6.22234
5/22/2006,5.389526,5.583781,92.5454158,6.20311
5/19/2006,5.405437,5.589089,92.2243128,6.19903
5/18/2006,5.373209,5.594045,91.425138,6.18733
5/17/2006,5.419857,5.673858,90.7777044,6.24194
5/16/2006,5.373108,5.616444,90.294108,6.19369
5/15/2006,5.416142,5.66877,90.7722088,6.24133
5/12/2006,5.436056,5.701698,90.9334594,6.26368
5/11/2006,5.429394,5.652256,90.1338932,6.22021
5/10/2006,5.430583,5.628027,89.482252,6.19707
5/9/2006,5.415306,5.627529,89.315956,6.18872
5/8/2006,5.416409,5.630321,88.9924335,6.18394
5/5/2006,5.385728,5.625876,88.8305289,6.1718
5/4/2006,5.418668,5.672013,88.5143454,6.21857
5/3/2006,5.396545,5.664453,88.5149338,6.21175
5/2/2006,5.368569,5.620541,87.5073619,6.17078
5/1/2006,5.366639,5.636603,87.0159384,6.16765
4/28/2006,5.305762,5.569611,87.1798113,6.10033
4/27/2006,5.341415,5.589553,87.5487894,6.13335
4/26/2006,5.413487,5.622144,88.3642703,6.17592
4/25/2006,5.364477,5.58791,87.8665116,6.14044
4/24/2006,5.307997,5.502188,88.1929806,6.06864
4/21/2006,5.324334,5.53599,88.0273926,6.08935
4/20/2006,5.307671,5.568513,88.8968898,6.11105
4/19/2006,5.28524,5.555697,89.3851024,6.09526
4/18/2006,5.266612,5.503709,90.35187,6.06145
4/17/2006,5.340611,5.549003,90.6781112,6.11546
4/13/2006,5.376113,5.582374,91.907792,6.14222
4/12/2006,5.337193,5.517768,91.4288024,6.09232
4/11/2006,5.310899,5.466648,91.0552832,6.06233
4/10/2006,5.333063,5.508361,91.216128,6.09392
4/7/2006,5.32451,5.511541,91.6983619,6.08549
4/6/2006,5.267224,5.433077,92.3931873,6.01797
4/5/2006,5.239269,5.376274,92.0750625,5.99685
4/4/2006,5.275611,5.410283,92.6159129,6.02555
4/3/2006,5.306324,5.41914,93.0732681,6.03045
3/31/2006,5.277009,5.392395,92.9916635,6.00641
3/30/2006,5.280056,5.397939,93.4006059,6.00824
3/29/2006,5.24006,5.343669,92.9166215,5.9759
3/28/2006,5.214692,5.313692,91.80748,5.94486
3/27/2006,5.137347,5.232498,91.4888205,5.87878
3/24/2006,5.127923,5.202758,91.1608749,5.86241
3/23/2006,5.195353,5.267861,91.1656014,5.92181
3/22/2006,5.162515,5.23522,90.9398406,5.89887
3/21/2006,5.147262,5.24501,91.09746,5.908
3/20/2006,5.070816,5.181157,91.099645,5.84727
3/17/2006,5.078975,5.203201,91.5840705,5.85862
3/16/2006,5.054768,5.172104,91.7455136,5.83067
3/15/2006,5.149323,5.263482,92.2326012,5.90812
3/14/2006,5.135653,5.229228,91.746241,5.87236
3/13/2006,5.232633,5.311629,92.8738025,5.95766
3/10/2006,5.214996,5.285289,92.3924592,5.93554
3/9/2006,5.194728,5.271772,92.3927793,5.9135
3/8/2006,5.191943,5.275453,93.7509,5.94583
3/7/2006,5.205996,5.284668,93.2705904,5.95092
3/6/2006,5.198351,5.288616,92.7806292,5.94346
3/3/2006,5.168094,5.224912,91.6487118,5.88613
3/2/2006,5.136679,5.180294,92.3612154,5.85392
3/1/2006,5.117794,5.119301,90.08793,5.80004
2/28/2006,5.088719,5.07234,89.4386988,5.73453
2/27/2006,5.131714,5.110385,89.2743984,5.77249
2/24/2006,5.126506,5.089731,89.5334448,5.76417
2/23/2006,5.130274,5.097988,91.186305,5.79537
2/22/2006,5.089714,5.062636,91.2239312,5.77416
2/21/2006,5.103374,5.097737,92.682932,5.80752
2/17/2006,5.070615,5.071325,92.8437147,5.78083
2/16/2006,5.099664,5.126541,93.002271,5.84815
2/15/2006,5.10054,5.133256,94.470987,5.86838
2/14/2006,5.093053,5.142465,95.27745,5.87946
2/13/2006,5.079426,5.115051,95.60214,5.84977
2/10/2006,5.085201,5.115187,95.9269356,5.8435
2/9/2006,5.057661,5.078205,96.257792,5.81487
2/8/2006,5.04755,5.107527,96.5838172,5.82338
2/7/2006,5.018627,5.084869,96.7392234,5.80179
2/6/2006,5.029253,5.060848,96.3804885,5.80186
2/3/2006,5.00129,5.056539,96.0899922,5.79888
2/2/2006,4.99955,5.081284,96.7443159,5.80672
2/1/2006,4.994108,5.091749,96.6559284,5.80873
1/31/2006,4.940616,5.046125,96.1596636,5.76373
1/30/2006,4.931897,5.053409,96.1571833,5.75539
1/27/2006,4.904178,5.026141,96.1711461,5.73348
1/26/2006,4.899022,5.045792,96.5780288,5.75541
1/25/2006,4.861024,4.995648,95.876195,5.7074
1/24/2006,4.788565,4.89856,95.18688,5.61489
1/23/2006,4.771243,4.856013,95.183742,5.58096
1/20/2006,4.776326,4.860973,94.693098,5.58423
1/19/2006,4.790193,4.883777,94.2125724,5.62211
1/18/2006,4.747857,4.843864,94.3789542,5.58661
1/17/2006,4.746889,4.837821,95.0188608,5.57624
1/13/2006,4.759091,4.859578,94.53312,5.5807
1/12/2006,4.807964,4.921362,94.6967224,5.64441
1/11/2006,4.857311,4.976328,94.3819215,5.707
1/10/2006,4.825302,4.947202,94.8617579,5.68246
1/9/2006,4.777852,4.889969,93.8813589,5.62104
1/6/2006,4.78552,4.900548,95.1854882,5.63322
1/5/2006,4.762916,4.893236,96.1684196,5.63968
1/4/2006,4.762251,4.900562,97.1431047,5.65324
1/3/2006,4.795037,4.927954,97.6248424,5.70253
