asOfDate,RawRate,Point,Rate
12/30/2014,3.87,0.6,3.77
12/29/2014,3.87,0.6,3.77
12/26/2014,3.87,0.6,3.77
12/24/2014,3.87,0.6,3.77
12/23/2014,3.83,0.6,3.73
12/22/2014,3.83,0.6,3.73
12/19/2014,3.83,0.6,3.73
12/18/2014,3.83,0.6,3.73
12/17/2014,3.8,0.6,3.7
12/16/2014,3.8,0.6,3.7
12/15/2014,3.8,0.6,3.7
12/12/2014,3.8,0.6,3.7
12/11/2014,3.8,0.6,3.7
12/10/2014,3.93,0.5,3.805
12/9/2014,3.93,0.5,3.805
12/8/2014,3.93,0.5,3.805
12/5/2014,3.93,0.5,3.805
12/4/2014,3.93,0.5,3.805
12/3/2014,3.89,0.5,3.765
12/2/2014,3.89,0.5,3.765
12/1/2014,3.89,0.5,3.765
11/28/2014,3.89,0.5,3.765
11/26/2014,3.97,0.5,3.845
11/25/2014,3.97,0.5,3.845
11/24/2014,3.97,0.5,3.845
11/21/2014,3.97,0.5,3.845
11/20/2014,3.97,0.5,3.845
11/19/2014,3.97,0.5,3.845
11/18/2014,3.99,0.5,3.865
11/17/2014,3.99,0.5,3.865
11/14/2014,3.99,0.5,3.865
11/13/2014,3.99,0.5,3.865
11/12/2014,4.01,0.5,3.885
11/10/2014,4.01,0.5,3.885
11/7/2014,4.01,0.5,3.885
11/6/2014,4.01,0.5,3.885
11/5/2014,4.02,0.5,3.895
11/4/2014,4.02,0.5,3.895
11/3/2014,4.02,0.5,3.895
10/31/2014,4.02,0.5,3.895
10/30/2014,4.02,0.5,3.895
10/29/2014,3.98,0.5,3.855
10/28/2014,3.98,0.5,3.855
10/27/2014,3.98,0.5,3.855
10/24/2014,3.98,0.5,3.855
10/23/2014,3.98,0.5,3.855
10/22/2014,3.92,0.5,3.795
10/21/2014,3.92,0.5,3.795
10/20/2014,3.92,0.5,3.795
10/17/2014,3.92,0.5,3.795
10/16/2014,3.92,0.5,3.795
10/15/2014,3.97,0.5,3.845
10/14/2014,3.97,0.5,3.845
10/10/2014,3.97,0.5,3.845
10/9/2014,3.97,0.5,3.845
10/8/2014,4.12,0.5,3.995
10/7/2014,4.12,0.5,3.995
10/6/2014,4.12,0.5,3.995
10/3/2014,4.12,0.5,3.995
10/2/2014,4.12,0.5,3.995
10/1/2014,4.19,0.4,4.04
9/30/2014,4.19,0.4,4.04
9/29/2014,4.19,0.4,4.04
9/26/2014,4.19,0.4,4.04
9/25/2014,4.19,0.4,4.04
9/24/2014,4.2,0.5,4.075
9/23/2014,4.2,0.5,4.075
9/22/2014,4.2,0.5,4.075
9/19/2014,4.2,0.5,4.075
9/18/2014,4.2,0.5,4.075
9/17/2014,4.23,0.5,4.105
9/16/2014,4.23,0.5,4.105
9/15/2014,4.23,0.5,4.105
9/12/2014,4.23,0.5,4.105
9/11/2014,4.23,0.5,4.105
9/10/2014,4.12,0.5,3.995
9/9/2014,4.12,0.5,3.995
9/8/2014,4.12,0.5,3.995
9/5/2014,4.12,0.5,3.995
9/4/2014,4.12,0.5,3.995
9/3/2014,4.1,0.5,3.975
9/2/2014,4.1,0.5,3.975
8/29/2014,4.1,0.5,3.975
8/28/2014,4.1,0.5,3.975
8/27/2014,4.1,0.5,3.975
8/26/2014,4.1,0.5,3.975
8/25/2014,4.1,0.5,3.975
8/22/2014,4.1,0.5,3.975
8/21/2014,4.1,0.5,3.975
8/20/2014,4.1,0.5,3.975
8/19/2014,4.1,0.5,3.975
8/18/2014,4.1,0.5,3.975
8/15/2014,4.1,0.5,3.975
8/14/2014,4.1,0.5,3.975
8/13/2014,4.12,0.6,4.02
8/12/2014,4.12,0.6,4.02
8/11/2014,4.12,0.6,4.02
8/8/2014,4.12,0.6,4.02
8/7/2014,4.12,0.6,4.02
8/6/2014,4.14,0.7,4.065
8/5/2014,4.14,0.7,4.065
8/4/2014,4.14,0.7,4.065
8/1/2014,4.14,0.7,4.065
7/31/2014,4.14,0.7,4.065
7/30/2014,4.12,0.6,4.02
7/29/2014,4.12,0.6,4.02
7/28/2014,4.12,0.6,4.02
7/25/2014,4.12,0.6,4.02
7/24/2014,4.12,0.6,4.02
7/23/2014,4.13,0.6,4.03
7/22/2014,4.13,0.6,4.03
7/21/2014,4.13,0.6,4.03
7/18/2014,4.13,0.6,4.03
7/17/2014,4.13,0.6,4.03
7/16/2014,4.13,0.6,4.03
7/15/2014,4.13,0.6,4.03
7/14/2014,4.13,0.6,4.03
7/11/2014,4.13,0.6,4.03
7/10/2014,4.13,0.6,4.03
7/9/2014,4.15,0.7,4.075
7/8/2014,4.15,0.7,4.075
7/7/2014,4.15,0.7,4.075
7/3/2014,4.15,0.7,4.075
7/2/2014,4.12,0.5,3.995
7/1/2014,4.12,0.5,3.995
6/30/2014,4.12,0.5,3.995
6/27/2014,4.12,0.5,3.995
6/26/2014,4.12,0.5,3.995
6/25/2014,4.14,0.5,4.015
6/24/2014,4.14,0.5,4.015
6/23/2014,4.14,0.5,4.015
6/20/2014,4.14,0.5,4.015
6/19/2014,4.14,0.5,4.015
6/18/2014,4.17,0.6,4.07
6/17/2014,4.17,0.6,4.07
6/16/2014,4.17,0.6,4.07
6/13/2014,4.17,0.6,4.07
6/12/2014,4.17,0.6,4.07
6/11/2014,4.2,0.6,4.1
6/10/2014,4.2,0.6,4.1
6/9/2014,4.2,0.6,4.1
6/6/2014,4.2,0.6,4.1
6/5/2014,4.2,0.6,4.1
6/4/2014,4.14,0.5,4.015
6/3/2014,4.14,0.5,4.015
6/2/2014,4.14,0.5,4.015
5/30/2014,4.14,0.5,4.015
5/29/2014,4.14,0.5,4.015
5/28/2014,4.12,0.6,4.02
5/27/2014,4.12,0.6,4.02
5/23/2014,4.12,0.6,4.02
5/22/2014,4.12,0.6,4.02
5/21/2014,4.14,0.6,4.04
5/20/2014,4.14,0.6,4.04
5/19/2014,4.14,0.6,4.04
5/16/2014,4.14,0.6,4.04
5/15/2014,4.14,0.6,4.04
5/14/2014,4.2,0.6,4.1
5/13/2014,4.2,0.6,4.1
5/12/2014,4.2,0.6,4.1
5/9/2014,4.2,0.6,4.1
5/8/2014,4.2,0.6,4.1
5/7/2014,4.21,0.6,4.11
5/6/2014,4.21,0.6,4.11
5/5/2014,4.21,0.6,4.11
5/2/2014,4.21,0.6,4.11
5/1/2014,4.21,0.6,4.11
4/30/2014,4.29,0.7,4.215
4/29/2014,4.29,0.7,4.215
4/28/2014,4.29,0.7,4.215
4/25/2014,4.29,0.7,4.215
4/24/2014,4.29,0.7,4.215
4/23/2014,4.33,0.6,4.23
4/22/2014,4.33,0.6,4.23
4/21/2014,4.33,0.6,4.23
4/17/2014,4.33,0.6,4.23
4/16/2014,4.27,0.7,4.195
4/15/2014,4.27,0.7,4.195
4/14/2014,4.27,0.7,4.195
4/11/2014,4.27,0.7,4.195
4/10/2014,4.27,0.7,4.195
4/9/2014,4.34,0.7,4.265
4/8/2014,4.34,0.7,4.265
4/7/2014,4.34,0.7,4.265
4/4/2014,4.34,0.7,4.265
4/3/2014,4.34,0.7,4.265
4/2/2014,4.41,0.7,4.335
4/1/2014,4.41,0.7,4.335
3/31/2014,4.41,0.7,4.335
3/28/2014,4.41,0.7,4.335
3/27/2014,4.41,0.7,4.335
3/26/2014,4.4,0.6,4.3
3/25/2014,4.4,0.6,4.3
3/24/2014,4.4,0.6,4.3
3/21/2014,4.4,0.6,4.3
3/20/2014,4.4,0.6,4.3
3/19/2014,4.32,0.6,4.22
3/18/2014,4.32,0.6,4.22
3/17/2014,4.32,0.6,4.22
3/14/2014,4.32,0.6,4.22
3/13/2014,4.32,0.6,4.22
3/12/2014,4.37,0.6,4.27
3/11/2014,4.37,0.6,4.27
3/10/2014,4.37,0.6,4.27
3/7/2014,4.37,0.6,4.27
3/6/2014,4.37,0.6,4.27
3/5/2014,4.28,0.7,4.205
3/4/2014,4.28,0.7,4.205
3/3/2014,4.28,0.7,4.205
2/28/2014,4.28,0.7,4.205
2/27/2014,4.28,0.7,4.205
2/26/2014,4.37,0.7,4.295
2/25/2014,4.37,0.7,4.295
2/24/2014,4.37,0.7,4.295
2/21/2014,4.37,0.7,4.295
2/20/2014,4.37,0.7,4.295
2/19/2014,4.33,0.7,4.255
2/18/2014,4.33,0.7,4.255
2/14/2014,4.33,0.7,4.255
2/13/2014,4.33,0.7,4.255
2/12/2014,4.28,0.7,4.205
2/11/2014,4.28,0.7,4.205
2/10/2014,4.28,0.7,4.205
2/7/2014,4.28,0.7,4.205
2/6/2014,4.28,0.7,4.205
2/5/2014,4.23,0.7,4.155
2/4/2014,4.23,0.7,4.155
2/3/2014,4.23,0.7,4.155
1/31/2014,4.23,0.7,4.155
1/30/2014,4.23,0.7,4.155
1/29/2014,4.32,0.7,4.245
1/28/2014,4.32,0.7,4.245
1/27/2014,4.32,0.7,4.245
1/24/2014,4.32,0.7,4.245
1/23/2014,4.32,0.7,4.245
1/22/2014,4.39,0.7,4.315
1/21/2014,4.39,0.7,4.315
1/17/2014,4.39,0.7,4.315
1/16/2014,4.39,0.7,4.315
1/15/2014,4.41,0.7,4.335
1/14/2014,4.41,0.7,4.335
1/13/2014,4.41,0.7,4.335
1/10/2014,4.41,0.7,4.335
1/9/2014,4.41,0.7,4.335
1/8/2014,4.51,0.7,4.435
1/7/2014,4.51,0.7,4.435
1/6/2014,4.51,0.7,4.435
1/3/2014,4.51,0.7,4.435
1/2/2014,4.51,0.7,4.435
12/30/2013,4.53,0.8,4.48
12/27/2013,4.53,0.8,4.48
12/26/2013,4.53,0.8,4.48
12/24/2013,4.48,0.7,4.405
12/23/2013,4.48,0.7,4.405
12/20/2013,4.48,0.7,4.405
12/19/2013,4.48,0.7,4.405
12/18/2013,4.47,0.7,4.395
12/17/2013,4.47,0.7,4.395
12/16/2013,4.47,0.7,4.395
12/13/2013,4.47,0.7,4.395
12/12/2013,4.47,0.7,4.395
12/11/2013,4.42,0.7,4.345
12/10/2013,4.42,0.7,4.345
12/9/2013,4.42,0.7,4.345
12/6/2013,4.42,0.7,4.345
12/5/2013,4.42,0.7,4.345
12/4/2013,4.46,0.5,4.335
12/3/2013,4.46,0.5,4.335
11/22/2013,4.29,0.7,4.215
11/21/2013,4.29,0.7,4.215
11/20/2013,4.22,0.7,4.145
11/18/2013,4.22,0.7,4.145
11/15/2013,4.22,0.7,4.145
11/14/2013,4.22,0.7,4.145
11/13/2013,4.35,0.7,4.275
11/12/2013,4.35,0.7,4.275
11/8/2013,4.35,0.7,4.275
11/7/2013,4.35,0.7,4.275
11/6/2013,4.16,0.8,4.11
11/5/2013,4.16,0.8,4.11
11/4/2013,4.16,0.8,4.11
11/1/2013,4.16,0.8,4.11
10/31/2013,4.16,0.8,4.11
10/30/2013,4.1,0.7,4.025
10/29/2013,4.1,0.7,4.025
10/28/2013,4.1,0.7,4.025
10/25/2013,4.1,0.7,4.025
10/24/2013,4.1,0.7,4.025
10/23/2013,4.13,0.8,4.08
10/22/2013,4.13,0.8,4.08
10/21/2013,4.13,0.8,4.08
10/18/2013,4.13,0.8,4.08
10/17/2013,4.13,0.8,4.08
10/16/2013,4.28,0.7,4.205
10/15/2013,4.28,0.7,4.205
10/11/2013,4.28,0.7,4.205
10/10/2013,4.28,0.7,4.205
10/9/2013,4.23,0.7,4.155
10/8/2013,4.23,0.7,4.155
10/7/2013,4.23,0.7,4.155
10/4/2013,4.23,0.7,4.155
10/3/2013,4.23,0.7,4.155
10/2/2013,4.22,0.7,4.145
10/1/2013,4.22,0.7,4.145
9/30/2013,4.22,0.7,4.145
9/27/2013,4.22,0.7,4.145
9/26/2013,4.22,0.7,4.145
9/25/2013,4.32,0.7,4.245
9/24/2013,4.32,0.7,4.245
9/23/2013,4.32,0.7,4.245
9/20/2013,4.32,0.7,4.245
9/19/2013,4.32,0.7,4.245
9/18/2013,4.5,0.7,4.425
9/17/2013,4.5,0.7,4.425
9/16/2013,4.5,0.7,4.425
9/13/2013,4.5,0.7,4.425
9/12/2013,4.5,0.7,4.425
9/11/2013,4.57,0.8,4.52
9/10/2013,4.57,0.8,4.52
9/9/2013,4.57,0.8,4.52
9/6/2013,4.57,0.8,4.52
9/5/2013,4.57,0.8,4.52
9/4/2013,4.57,0.7,4.495
9/3/2013,4.57,0.7,4.495
8/30/2013,4.57,0.7,4.495
8/29/2013,4.57,0.7,4.495
8/28/2013,4.51,0.7,4.435
8/27/2013,4.51,0.7,4.435
8/26/2013,4.51,0.7,4.435
8/23/2013,4.51,0.7,4.435
8/22/2013,4.51,0.7,4.435
8/21/2013,4.58,0.8,4.53
8/20/2013,4.58,0.8,4.53
8/19/2013,4.58,0.8,4.53
8/16/2013,4.58,0.8,4.53
8/15/2013,4.58,0.8,4.53
8/14/2013,4.4,0.7,4.325
8/13/2013,4.4,0.7,4.325
8/12/2013,4.4,0.7,4.325
8/9/2013,4.4,0.7,4.325
8/8/2013,4.4,0.7,4.325
8/7/2013,4.4,0.7,4.325
8/6/2013,4.4,0.7,4.325
8/5/2013,4.4,0.7,4.325
8/2/2013,4.4,0.7,4.325
8/1/2013,4.4,0.7,4.325
7/31/2013,4.39,0.7,4.315
7/30/2013,4.39,0.7,4.315
7/29/2013,4.39,0.7,4.315
7/26/2013,4.39,0.7,4.315
7/25/2013,4.39,0.7,4.315
7/24/2013,4.31,0.8,4.26
7/23/2013,4.31,0.8,4.26
7/22/2013,4.31,0.8,4.26
7/19/2013,4.31,0.8,4.26
7/18/2013,4.31,0.8,4.26
7/17/2013,4.37,0.7,4.295
7/16/2013,4.37,0.7,4.295
7/15/2013,4.37,0.7,4.295
7/12/2013,4.37,0.7,4.295
7/11/2013,4.37,0.7,4.295
7/10/2013,4.51,0.8,4.46
7/9/2013,4.51,0.8,4.46
7/8/2013,4.51,0.8,4.46
7/5/2013,4.51,0.8,4.46
7/2/2013,4.29,0.7,4.215
7/1/2013,4.29,0.7,4.215
6/28/2013,4.29,0.7,4.215
6/27/2013,4.29,0.7,4.215
6/26/2013,4.46,0.8,4.41
6/26/2013,4.29,0.7,4.215
6/25/2013,4.46,0.8,4.41
6/24/2013,4.46,0.8,4.41
6/21/2013,4.46,0.8,4.41
6/20/2013,4.46,0.8,4.41
6/19/2013,3.93,0.8,3.88
6/18/2013,3.93,0.8,3.88
6/17/2013,3.93,0.8,3.88
6/14/2013,3.93,0.8,3.88
6/13/2013,3.93,0.8,3.88
6/12/2013,3.98,0.7,3.905
6/11/2013,3.98,0.7,3.905
6/10/2013,3.98,0.7,3.905
6/7/2013,3.98,0.7,3.905
6/6/2013,3.98,0.7,3.905
6/5/2013,3.91,0.7,3.835
6/4/2013,3.91,0.7,3.835
6/3/2013,3.91,0.7,3.835
5/31/2013,3.91,0.7,3.835
5/30/2013,3.91,0.7,3.835
5/29/2013,3.81,0.8,3.76
5/28/2013,3.81,0.8,3.76
5/24/2013,3.81,0.8,3.76
5/23/2013,3.81,0.8,3.76
5/22/2013,3.59,0.7,3.515
5/21/2013,3.59,0.7,3.515
5/20/2013,3.59,0.7,3.515
5/17/2013,3.59,0.7,3.515
5/16/2013,3.59,0.7,3.515
5/15/2013,3.51,0.7,3.435
5/14/2013,3.51,0.7,3.435
5/13/2013,3.51,0.7,3.435
5/10/2013,3.51,0.7,3.435
5/9/2013,3.51,0.7,3.435
5/8/2013,3.42,0.7,3.345
5/7/2013,3.42,0.7,3.345
5/6/2013,3.42,0.7,3.345
5/3/2013,3.42,0.7,3.345
5/2/2013,3.42,0.7,3.345
5/1/2013,3.35,0.7,3.275
4/30/2013,3.35,0.7,3.275
4/29/2013,3.35,0.7,3.275
4/26/2013,3.35,0.7,3.275
4/25/2013,3.35,0.7,3.275
4/24/2013,3.4,0.8,3.35
4/23/2013,3.4,0.8,3.35
4/22/2013,3.4,0.8,3.35
4/19/2013,3.4,0.8,3.35
4/18/2013,3.4,0.8,3.35
4/17/2013,3.41,0.7,3.335
4/16/2013,3.41,0.7,3.335
4/15/2013,3.41,0.7,3.335
4/12/2013,3.41,0.7,3.335
4/11/2013,3.41,0.7,3.335
4/10/2013,3.43,0.8,3.38
4/9/2013,3.43,0.8,3.38
4/8/2013,3.43,0.8,3.38
4/5/2013,3.43,0.8,3.38
4/4/2013,3.43,0.8,3.38
4/3/2013,3.54,0.8,3.49
4/2/2013,3.54,0.8,3.49
4/1/2013,3.54,0.8,3.49
3/28/2013,3.54,0.8,3.49
3/27/2013,3.57,0.8,3.52
3/26/2013,3.57,0.8,3.52
3/25/2013,3.57,0.8,3.52
3/22/2013,3.57,0.8,3.52
3/21/2013,3.57,0.8,3.52
3/20/2013,3.54,0.8,3.49
3/19/2013,3.54,0.8,3.49
3/18/2013,3.54,0.8,3.49
3/15/2013,3.54,0.8,3.49
3/14/2013,3.54,0.8,3.49
3/13/2013,3.63,0.8,3.58
3/12/2013,3.63,0.8,3.58
3/11/2013,3.63,0.8,3.58
3/8/2013,3.63,0.8,3.58
3/7/2013,3.63,0.8,3.58
3/6/2013,3.52,0.7,3.445
3/5/2013,3.52,0.7,3.445
3/4/2013,3.52,0.7,3.445
3/1/2013,3.52,0.7,3.445
2/28/2013,3.52,0.7,3.445
2/27/2013,3.51,0.8,3.46
2/26/2013,3.51,0.8,3.46
2/25/2013,3.51,0.8,3.46
2/22/2013,3.51,0.8,3.46
2/21/2013,3.51,0.8,3.46
2/20/2013,3.56,0.8,3.51
2/19/2013,3.56,0.8,3.51
2/15/2013,3.56,0.8,3.51
2/14/2013,3.56,0.8,3.51
2/13/2013,3.53,0.8,3.48
2/12/2013,3.53,0.8,3.48
2/11/2013,3.53,0.8,3.48
2/8/2013,3.53,0.8,3.48
2/7/2013,3.53,0.8,3.48
2/6/2013,3.53,0.8,3.48
2/5/2013,3.53,0.8,3.48
2/4/2013,3.53,0.8,3.48
2/1/2013,3.53,0.8,3.48
1/31/2013,3.53,0.8,3.48
1/30/2013,3.53,0.7,3.455
1/29/2013,3.53,0.7,3.455
1/28/2013,3.53,0.7,3.455
1/25/2013,3.53,0.7,3.455
1/24/2013,3.53,0.7,3.455
1/23/2013,3.42,0.7,3.345
1/22/2013,3.42,0.7,3.345
1/18/2013,3.42,0.7,3.345
1/17/2013,3.42,0.7,3.345
1/16/2013,3.38,0.7,3.305
1/15/2013,3.38,0.7,3.305
1/14/2013,3.38,0.7,3.305
1/11/2013,3.38,0.7,3.305
1/10/2013,3.38,0.7,3.305
1/9/2013,3.4,0.7,3.325
1/8/2013,3.4,0.7,3.325
1/7/2013,3.4,0.7,3.325
1/4/2013,3.4,0.7,3.325
1/3/2013,3.4,0.7,3.325
1/2/2013,3.34,0.7,3.265
12/31/2012,3.34,0.7,3.265
12/28/2012,3.34,0.7,3.265
12/27/2012,3.34,0.7,3.265
12/26/2012,3.35,0.7,3.275
12/24/2012,3.35,0.7,3.275
12/21/2012,3.35,0.7,3.275
12/20/2012,3.35,0.7,3.275
12/19/2012,3.37,0.7,3.295
12/18/2012,3.37,0.7,3.295
12/17/2012,3.37,0.7,3.295
12/14/2012,3.37,0.7,3.295
12/13/2012,3.37,0.7,3.295
12/12/2012,3.32,0.7,3.245
12/11/2012,3.32,0.7,3.245
12/10/2012,3.32,0.7,3.245
12/7/2012,3.32,0.7,3.245
12/6/2012,3.32,0.7,3.245
12/5/2012,3.34,0.7,3.265
12/4/2012,3.34,0.7,3.265
12/3/2012,3.34,0.7,3.265
11/30/2012,3.34,0.7,3.265
11/29/2012,3.34,0.7,3.265
11/28/2012,3.32,0.8,3.27
11/27/2012,3.32,0.8,3.27
11/26/2012,3.32,0.8,3.27
11/23/2012,3.32,0.8,3.27
11/20/2012,3.31,0.7,3.235
11/19/2012,3.31,0.7,3.235
11/16/2012,3.31,0.7,3.235
11/15/2012,3.31,0.7,3.235
11/14/2012,3.34,0.7,3.265
11/14/2012,3.31,0.7,3.235
11/13/2012,3.34,0.7,3.265
11/9/2012,3.34,0.7,3.265
11/8/2012,3.34,0.7,3.265
11/7/2012,3.4,0.7,3.325
11/6/2012,3.4,0.7,3.325
11/5/2012,3.4,0.7,3.325
11/2/2012,3.4,0.7,3.325
11/1/2012,3.4,0.7,3.325
10/31/2012,3.39,0.7,3.315
10/29/2012,3.39,0.7,3.315
10/26/2012,3.39,0.7,3.315
10/25/2012,3.39,0.7,3.315
10/24/2012,3.41,0.7,3.335
10/23/2012,3.41,0.7,3.335
10/22/2012,3.41,0.7,3.335
10/19/2012,3.41,0.7,3.335
10/18/2012,3.41,0.7,3.335
10/17/2012,3.37,0.7,3.295
10/16/2012,3.37,0.7,3.295
10/15/2012,3.37,0.7,3.295
10/12/2012,3.37,0.7,3.295
10/11/2012,3.37,0.7,3.295
10/10/2012,3.39,0.7,3.315
10/9/2012,3.39,0.7,3.315
10/5/2012,3.39,0.7,3.315
10/4/2012,3.39,0.7,3.315
10/3/2012,3.36,0.6,3.26
10/2/2012,3.36,0.6,3.26
10/1/2012,3.36,0.6,3.26
9/28/2012,3.36,0.6,3.26
9/27/2012,3.36,0.6,3.26
9/26/2012,3.4,0.6,3.3
9/25/2012,3.4,0.6,3.3
9/24/2012,3.4,0.6,3.3
9/21/2012,3.4,0.6,3.3
9/20/2012,3.4,0.6,3.3
9/19/2012,3.49,0.6,3.39
9/18/2012,3.49,0.6,3.39
9/17/2012,3.49,0.6,3.39
9/14/2012,3.49,0.6,3.39
9/13/2012,3.49,0.6,3.39
9/12/2012,3.55,0.6,3.45
9/11/2012,3.55,0.6,3.45
9/10/2012,3.55,0.6,3.45
9/7/2012,3.55,0.6,3.45
9/6/2012,3.55,0.6,3.45
9/5/2012,3.55,0.7,3.475
9/4/2012,3.55,0.7,3.475
8/31/2012,3.55,0.7,3.475
8/30/2012,3.55,0.7,3.475
8/29/2012,3.59,0.6,3.49
8/28/2012,3.59,0.6,3.49
8/27/2012,3.59,0.6,3.49
8/24/2012,3.59,0.6,3.49
8/23/2012,3.59,0.6,3.49
8/22/2012,3.66,0.7,3.585
8/21/2012,3.66,0.7,3.585
8/20/2012,3.66,0.7,3.585
8/17/2012,3.66,0.7,3.585
8/16/2012,3.66,0.7,3.585
8/15/2012,3.62,0.6,3.52
8/14/2012,3.62,0.6,3.52
8/13/2012,3.62,0.6,3.52
8/10/2012,3.62,0.6,3.52
8/9/2012,3.62,0.6,3.52
8/8/2012,3.59,0.6,3.49
8/7/2012,3.59,0.6,3.49
8/6/2012,3.59,0.6,3.49
8/3/2012,3.59,0.6,3.49
8/2/2012,3.59,0.6,3.49
8/1/2012,3.55,0.7,3.475
7/31/2012,3.55,0.7,3.475
7/30/2012,3.55,0.7,3.475
7/27/2012,3.55,0.7,3.475
7/26/2012,3.55,0.7,3.475
7/25/2012,3.49,0.7,3.415
7/24/2012,3.49,0.7,3.415
7/23/2012,3.49,0.7,3.415
7/20/2012,3.49,0.7,3.415
7/19/2012,3.49,0.7,3.415
7/18/2012,3.53,0.7,3.455
7/17/2012,3.53,0.7,3.455
7/16/2012,3.53,0.7,3.455
7/13/2012,3.53,0.7,3.455
7/12/2012,3.53,0.7,3.455
7/11/2012,3.56,0.7,3.485
7/10/2012,3.56,0.7,3.485
7/9/2012,3.56,0.7,3.485
7/6/2012,3.56,0.7,3.485
7/5/2012,3.56,0.7,3.485
7/3/2012,3.62,0.8,3.57
7/2/2012,3.62,0.8,3.57
6/29/2012,3.62,0.8,3.57
6/28/2012,3.62,0.8,3.57
6/27/2012,3.66,0.7,3.585
6/26/2012,3.66,0.7,3.585
6/25/2012,3.66,0.7,3.585
6/22/2012,3.66,0.7,3.585
6/21/2012,3.66,0.7,3.585
6/20/2012,3.66,0.7,3.585
6/19/2012,3.66,0.7,3.585
6/18/2012,3.66,0.7,3.585
6/15/2012,3.66,0.7,3.585
6/14/2012,3.66,0.7,3.585
6/13/2012,3.71,0.7,3.635
6/12/2012,3.71,0.7,3.635
6/11/2012,3.71,0.7,3.635
6/8/2012,3.71,0.7,3.635
6/7/2012,3.71,0.7,3.635
6/6/2012,3.67,0.7,3.595
6/5/2012,3.67,0.7,3.595
6/4/2012,3.67,0.7,3.595
6/1/2012,3.67,0.7,3.595
5/31/2012,3.67,0.7,3.595
5/30/2012,3.75,0.8,3.7
5/29/2012,3.75,0.8,3.7
5/25/2012,3.75,0.8,3.7
5/24/2012,3.75,0.8,3.7
5/23/2012,3.78,0.8,3.73
5/22/2012,3.78,0.8,3.73
5/21/2012,3.78,0.8,3.73
5/18/2012,3.78,0.8,3.73
5/17/2012,3.78,0.8,3.73
5/16/2012,3.79,0.7,3.715
5/15/2012,3.79,0.7,3.715
5/14/2012,3.79,0.7,3.715
5/11/2012,3.79,0.7,3.715
5/10/2012,3.79,0.7,3.715
5/9/2012,3.83,0.7,3.755
5/8/2012,3.83,0.7,3.755
5/7/2012,3.83,0.7,3.755
5/4/2012,3.83,0.7,3.755
5/3/2012,3.83,0.7,3.755
5/2/2012,3.84,0.8,3.79
5/1/2012,3.84,0.8,3.79
4/30/2012,3.84,0.8,3.79
4/27/2012,3.84,0.8,3.79
4/26/2012,3.84,0.8,3.79
4/25/2012,3.88,0.7,3.805
4/24/2012,3.88,0.7,3.805
4/23/2012,3.88,0.7,3.805
4/20/2012,3.88,0.7,3.805
4/19/2012,3.88,0.7,3.805
4/18/2012,3.9,0.8,3.85
4/17/2012,3.9,0.8,3.85
4/16/2012,3.9,0.8,3.85
4/13/2012,3.9,0.8,3.85
4/12/2012,3.9,0.8,3.85
4/11/2012,3.88,0.7,3.805
4/10/2012,3.88,0.7,3.805
4/9/2012,3.88,0.7,3.805
4/6/2012,3.88,0.7,3.805
4/5/2012,3.88,0.7,3.805
4/4/2012,3.98,0.7,3.905
4/3/2012,3.98,0.7,3.905
4/2/2012,3.98,0.7,3.905
3/30/2012,3.98,0.7,3.905
3/29/2012,3.98,0.7,3.905
3/28/2012,3.99,0.7,3.915
3/27/2012,3.99,0.7,3.915
3/26/2012,3.99,0.7,3.915
3/23/2012,3.99,0.7,3.915
3/22/2012,3.99,0.7,3.915
3/21/2012,4.08,0.8,4.03
3/20/2012,4.08,0.8,4.03
3/19/2012,4.08,0.8,4.03
3/16/2012,4.08,0.8,4.03
3/15/2012,4.08,0.8,4.03
3/14/2012,3.92,0.8,3.87
3/13/2012,3.92,0.8,3.87
3/12/2012,3.92,0.8,3.87
3/9/2012,3.92,0.8,3.87
3/8/2012,3.92,0.8,3.87
3/7/2012,3.88,0.8,3.83
3/6/2012,3.88,0.8,3.83
3/5/2012,3.88,0.8,3.83
3/2/2012,3.88,0.8,3.83
3/1/2012,3.88,0.8,3.83
2/29/2012,3.9,0.8,3.85
2/28/2012,3.9,0.8,3.85
2/27/2012,3.9,0.8,3.85
2/24/2012,3.9,0.8,3.85
2/23/2012,3.9,0.8,3.85
2/22/2012,3.95,0.8,3.9
2/21/2012,3.95,0.8,3.9
2/17/2012,3.95,0.8,3.9
2/16/2012,3.95,0.8,3.9
2/15/2012,3.87,0.8,3.82
2/14/2012,3.87,0.8,3.82
2/13/2012,3.87,0.8,3.82
2/10/2012,3.87,0.8,3.82
2/9/2012,3.87,0.8,3.82
2/8/2012,3.87,0.8,3.82
2/7/2012,3.87,0.8,3.82
2/6/2012,3.87,0.8,3.82
2/3/2012,3.87,0.8,3.82
2/2/2012,3.87,0.8,3.82
2/1/2012,3.87,0.8,3.82
1/31/2012,3.87,0.8,3.82
1/30/2012,3.87,0.8,3.82
1/27/2012,3.87,0.8,3.82
1/26/2012,3.87,0.8,3.82
1/25/2012,3.98,0.7,3.905
1/24/2012,3.98,0.7,3.905
1/23/2012,3.98,0.7,3.905
1/20/2012,3.98,0.7,3.905
1/19/2012,3.98,0.7,3.905
1/18/2012,3.88,0.8,3.83
1/17/2012,3.88,0.8,3.83
1/13/2012,3.88,0.8,3.83
1/12/2012,3.88,0.8,3.83
1/11/2012,3.89,0.7,3.815
1/10/2012,3.89,0.7,3.815
1/9/2012,3.89,0.7,3.815
1/6/2012,3.89,0.7,3.815
1/5/2012,3.89,0.7,3.815
1/4/2012,3.91,0.8,3.86
1/3/2012,3.91,0.8,3.86
12/30/2011,3.91,0.8,3.86
12/29/2011,3.91,0.8,3.86
12/28/2011,3.95,0.7,3.875
12/27/2011,3.95,0.7,3.875
12/23/2011,3.95,0.7,3.875
12/22/2011,3.95,0.7,3.875
12/21/2011,3.91,0.7,3.835
12/20/2011,3.91,0.7,3.835
12/19/2011,3.91,0.7,3.835
12/16/2011,3.91,0.7,3.835
12/15/2011,3.91,0.7,3.835
12/14/2011,3.94,0.8,3.89
12/13/2011,3.94,0.8,3.89
12/12/2011,3.94,0.8,3.89
12/9/2011,3.94,0.8,3.89
12/8/2011,3.94,0.8,3.89
12/7/2011,3.99,0.7,3.915
12/6/2011,3.99,0.7,3.915
12/5/2011,3.99,0.7,3.915
12/2/2011,3.99,0.7,3.915
12/1/2011,3.99,0.7,3.915
11/30/2011,4,0.7,3.925
11/29/2011,4,0.7,3.925
11/28/2011,4,0.7,3.925
11/25/2011,4,0.7,3.925
11/22/2011,3.98,0.7,3.905
11/21/2011,3.98,0.7,3.905
11/18/2011,3.98,0.7,3.905
11/17/2011,3.98,0.7,3.905
11/16/2011,4,0.7,3.925
11/16/2011,3.98,0.7,3.905
11/15/2011,4,0.7,3.925
11/14/2011,4,0.7,3.925
11/10/2011,4,0.7,3.925
11/9/2011,3.99,0.7,3.915
11/8/2011,3.99,0.7,3.915
11/7/2011,3.99,0.7,3.915
11/4/2011,3.99,0.7,3.915
11/3/2011,3.99,0.7,3.915
11/2/2011,4,0.7,3.925
11/1/2011,4,0.7,3.925
10/31/2011,4,0.7,3.925
10/28/2011,4,0.7,3.925
10/27/2011,4,0.7,3.925
10/26/2011,4.1,0.8,4.05
10/25/2011,4.1,0.8,4.05
10/24/2011,4.1,0.8,4.05
10/21/2011,4.1,0.8,4.05
10/20/2011,4.1,0.8,4.05
10/19/2011,4.11,0.8,4.06
10/18/2011,4.11,0.8,4.06
10/17/2011,4.11,0.8,4.06
10/14/2011,4.11,0.8,4.06
10/13/2011,4.11,0.8,4.06
10/12/2011,4.12,0.8,4.07
10/11/2011,4.12,0.8,4.07
10/7/2011,4.12,0.8,4.07
10/6/2011,4.12,0.8,4.07
10/5/2011,3.94,0.8,3.89
10/4/2011,3.94,0.8,3.89
10/3/2011,3.94,0.8,3.89
9/30/2011,3.94,0.8,3.89
9/29/2011,3.94,0.8,3.89
9/28/2011,4.01,0.7,3.935
9/27/2011,4.01,0.7,3.935
9/26/2011,4.01,0.7,3.935
9/23/2011,4.01,0.7,3.935
9/22/2011,4.01,0.7,3.935
9/21/2011,4.09,0.7,4.015
9/20/2011,4.09,0.7,4.015
9/19/2011,4.09,0.7,4.015
9/16/2011,4.09,0.7,4.015
9/15/2011,4.09,0.7,4.015
9/14/2011,4.09,0.7,4.015
9/13/2011,4.09,0.7,4.015
9/12/2011,4.09,0.7,4.015
9/9/2011,4.09,0.7,4.015
9/8/2011,4.09,0.7,4.015
9/7/2011,4.12,0.7,4.045
9/6/2011,4.12,0.7,4.045
9/2/2011,4.12,0.7,4.045
9/1/2011,4.12,0.7,4.045
8/31/2011,4.22,0.7,4.145
8/30/2011,4.22,0.7,4.145
8/29/2011,4.22,0.7,4.145
8/26/2011,4.22,0.7,4.145
8/25/2011,4.22,0.7,4.145
8/24/2011,4.22,0.7,4.145
8/23/2011,4.22,0.7,4.145
8/22/2011,4.22,0.7,4.145
8/19/2011,4.22,0.7,4.145
8/18/2011,4.22,0.7,4.145
8/17/2011,4.15,0.7,4.075
8/16/2011,4.15,0.7,4.075
8/15/2011,4.15,0.7,4.075
8/12/2011,4.15,0.7,4.075
8/11/2011,4.15,0.7,4.075
8/10/2011,4.32,0.7,4.245
8/9/2011,4.32,0.7,4.245
8/8/2011,4.32,0.7,4.245
8/5/2011,4.32,0.7,4.245
8/4/2011,4.32,0.7,4.245
8/3/2011,4.39,0.8,4.34
8/2/2011,4.39,0.8,4.34
8/1/2011,4.39,0.8,4.34
7/29/2011,4.39,0.8,4.34
7/28/2011,4.39,0.8,4.34
7/27/2011,4.55,0.8,4.5
7/26/2011,4.55,0.8,4.5
7/25/2011,4.55,0.8,4.5
7/22/2011,4.55,0.8,4.5
7/21/2011,4.55,0.8,4.5
7/20/2011,4.52,0.7,4.445
7/19/2011,4.52,0.7,4.445
7/18/2011,4.52,0.7,4.445
7/15/2011,4.52,0.7,4.445
7/14/2011,4.52,0.7,4.445
7/13/2011,4.51,0.7,4.435
7/12/2011,4.51,0.7,4.435
7/11/2011,4.51,0.7,4.435
7/8/2011,4.51,0.7,4.435
7/7/2011,4.51,0.7,4.435
7/6/2011,4.6,0.7,4.525
7/5/2011,4.6,0.7,4.525
7/1/2011,4.6,0.7,4.525
6/30/2011,4.6,0.7,4.525
6/29/2011,4.51,0.7,4.435
6/28/2011,4.51,0.7,4.435
6/27/2011,4.51,0.7,4.435
6/24/2011,4.51,0.7,4.435
6/23/2011,4.51,0.7,4.435
6/22/2011,4.5,0.8,4.45
6/21/2011,4.5,0.8,4.45
6/20/2011,4.5,0.8,4.45
6/17/2011,4.5,0.8,4.45
6/16/2011,4.5,0.8,4.45
6/15/2011,4.5,0.7,4.425
6/14/2011,4.5,0.7,4.425
6/13/2011,4.5,0.7,4.425
6/10/2011,4.5,0.7,4.425
6/9/2011,4.5,0.7,4.425
6/8/2011,4.49,0.7,4.415
6/7/2011,4.49,0.7,4.415
6/6/2011,4.49,0.7,4.415
6/3/2011,4.49,0.7,4.415
6/2/2011,4.49,0.7,4.415
6/1/2011,4.55,0.6,4.45
5/31/2011,4.55,0.6,4.45
5/27/2011,4.55,0.6,4.45
5/26/2011,4.55,0.6,4.45
5/25/2011,4.6,0.7,4.525
5/24/2011,4.6,0.7,4.525
5/23/2011,4.6,0.7,4.525
5/20/2011,4.6,0.7,4.525
5/19/2011,4.6,0.7,4.525
5/18/2011,4.61,0.7,4.535
5/17/2011,4.61,0.7,4.535
5/16/2011,4.61,0.7,4.535
5/13/2011,4.61,0.7,4.535
5/12/2011,4.61,0.7,4.535
5/11/2011,4.63,0.7,4.555
5/10/2011,4.63,0.7,4.555
5/9/2011,4.63,0.7,4.555
5/6/2011,4.63,0.7,4.555
5/5/2011,4.63,0.7,4.555
5/4/2011,4.71,0.7,4.635
5/3/2011,4.71,0.7,4.635
5/2/2011,4.71,0.7,4.635
4/29/2011,4.71,0.7,4.635
4/28/2011,4.71,0.7,4.635
4/27/2011,4.78,0.7,4.705
4/26/2011,4.78,0.7,4.705
4/25/2011,4.78,0.7,4.705
4/21/2011,4.78,0.7,4.705
4/20/2011,4.8,0.7,4.725
4/19/2011,4.8,0.7,4.725
4/18/2011,4.8,0.7,4.725
4/15/2011,4.8,0.7,4.725
4/14/2011,4.8,0.7,4.725
4/13/2011,4.91,0.6,4.81
4/12/2011,4.91,0.6,4.81
4/11/2011,4.91,0.6,4.81
4/8/2011,4.91,0.6,4.81
4/7/2011,4.91,0.6,4.81
4/6/2011,4.87,0.7,4.795
4/5/2011,4.87,0.7,4.795
4/4/2011,4.87,0.7,4.795
4/1/2011,4.87,0.7,4.795
3/31/2011,4.87,0.7,4.795
3/30/2011,4.86,0.7,4.785
3/29/2011,4.86,0.7,4.785
3/28/2011,4.86,0.7,4.785
3/25/2011,4.86,0.7,4.785
3/24/2011,4.86,0.7,4.785
3/23/2011,4.81,0.7,4.735
3/22/2011,4.81,0.7,4.735
3/21/2011,4.81,0.7,4.735
3/18/2011,4.81,0.7,4.735
3/17/2011,4.81,0.7,4.735
3/16/2011,4.76,0.7,4.685
3/15/2011,4.76,0.7,4.685
3/14/2011,4.76,0.7,4.685
3/11/2011,4.76,0.7,4.685
3/10/2011,4.76,0.7,4.685
3/9/2011,4.88,0.7,4.805
3/8/2011,4.88,0.7,4.805
3/7/2011,4.88,0.7,4.805
3/4/2011,4.88,0.7,4.805
3/3/2011,4.88,0.7,4.805
3/2/2011,4.87,0.7,4.795
3/1/2011,4.87,0.7,4.795
2/28/2011,4.87,0.7,4.795
2/25/2011,4.87,0.7,4.795
2/24/2011,4.87,0.7,4.795
2/23/2011,4.95,0.6,4.85
2/22/2011,4.95,0.6,4.85
2/18/2011,4.95,0.6,4.85
2/17/2011,4.95,0.6,4.85
2/16/2011,5,0.7,4.925
2/15/2011,5,0.7,4.925
2/14/2011,5,0.7,4.925
2/11/2011,5,0.7,4.925
2/10/2011,5,0.7,4.925
2/9/2011,5.05,0.7,4.975
2/8/2011,5.05,0.7,4.975
2/7/2011,5.05,0.7,4.975
2/4/2011,5.05,0.7,4.975
2/3/2011,5.05,0.7,4.975
2/2/2011,4.81,0.8,4.76
2/1/2011,4.81,0.8,4.76
1/31/2011,4.81,0.8,4.76
1/28/2011,4.81,0.8,4.76
1/27/2011,4.81,0.8,4.76
1/26/2011,4.8,0.7,4.725
1/25/2011,4.8,0.7,4.725
1/24/2011,4.8,0.7,4.725
1/21/2011,4.8,0.7,4.725
1/20/2011,4.8,0.7,4.725
1/19/2011,4.74,0.8,4.69
1/18/2011,4.74,0.8,4.69
1/14/2011,4.74,0.8,4.69
1/13/2011,4.74,0.8,4.69
1/12/2011,4.71,0.8,4.66
1/11/2011,4.71,0.8,4.66
1/10/2011,4.71,0.8,4.66
1/7/2011,4.71,0.8,4.66
1/6/2011,4.71,0.8,4.66
1/5/2011,4.77,0.8,4.72
1/4/2011,4.77,0.8,4.72
1/3/2011,4.77,0.8,4.72
12/31/2010,4.77,0.8,4.72
12/30/2010,4.77,0.8,4.72
12/29/2010,4.86,0.8,4.81
12/28/2010,4.86,0.8,4.81
12/27/2010,4.86,0.8,4.81
12/23/2010,4.86,0.8,4.81
12/22/2010,4.81,0.7,4.735
12/21/2010,4.81,0.7,4.735
12/20/2010,4.81,0.7,4.735
12/17/2010,4.81,0.7,4.735
12/16/2010,4.81,0.7,4.735
12/15/2010,4.83,0.7,4.755
12/14/2010,4.83,0.7,4.755
12/13/2010,4.83,0.7,4.755
12/10/2010,4.83,0.7,4.755
12/9/2010,4.83,0.7,4.755
12/8/2010,4.61,0.7,4.535
12/7/2010,4.61,0.7,4.535
12/6/2010,4.61,0.7,4.535
12/3/2010,4.61,0.7,4.535
12/2/2010,4.61,0.7,4.535
12/1/2010,4.46,0.8,4.41
11/30/2010,4.46,0.8,4.41
11/29/2010,4.46,0.8,4.41
11/26/2010,4.46,0.8,4.41
11/23/2010,4.4,0.8,4.35
11/22/2010,4.4,0.8,4.35
11/19/2010,4.4,0.8,4.35
11/18/2010,4.4,0.8,4.35
11/17/2010,4.39,0.9,4.365
11/17/2010,4.4,0.8,4.35
11/16/2010,4.39,0.9,4.365
11/15/2010,4.39,0.9,4.365
11/12/2010,4.39,0.9,4.365
11/10/2010,4.17,0.8,4.12
11/9/2010,4.17,0.8,4.12
11/8/2010,4.17,0.8,4.12
11/5/2010,4.17,0.8,4.12
11/4/2010,4.17,0.8,4.12
11/3/2010,4.24,0.8,4.19
11/2/2010,4.24,0.8,4.19
11/1/2010,4.24,0.8,4.19
10/29/2010,4.24,0.8,4.19
10/28/2010,4.24,0.8,4.19
10/27/2010,4.23,0.8,4.18
10/26/2010,4.23,0.8,4.18
10/25/2010,4.23,0.8,4.18
10/22/2010,4.23,0.8,4.18
10/21/2010,4.23,0.8,4.18
10/20/2010,4.21,0.8,4.16
10/19/2010,4.21,0.8,4.16
10/18/2010,4.21,0.8,4.16
10/15/2010,4.21,0.8,4.16
10/14/2010,4.21,0.8,4.16
10/13/2010,4.19,0.8,4.14
10/12/2010,4.19,0.8,4.14
10/8/2010,4.19,0.8,4.14
10/7/2010,4.19,0.8,4.14
10/6/2010,4.27,0.8,4.22
10/5/2010,4.27,0.8,4.22
10/4/2010,4.27,0.8,4.22
10/1/2010,4.27,0.8,4.22
9/30/2010,4.27,0.8,4.22
9/29/2010,4.32,0.8,4.27
9/28/2010,4.32,0.8,4.27
9/27/2010,4.32,0.8,4.27
9/24/2010,4.32,0.8,4.27
9/23/2010,4.32,0.8,4.27
9/22/2010,4.37,0.7,4.295
9/21/2010,4.37,0.7,4.295
9/20/2010,4.37,0.7,4.295
9/17/2010,4.37,0.7,4.295
9/16/2010,4.37,0.7,4.295
9/15/2010,4.37,0.7,4.295
9/14/2010,4.37,0.7,4.295
9/13/2010,4.37,0.7,4.295
9/10/2010,4.37,0.7,4.295
9/9/2010,4.37,0.7,4.295
9/3/2010,4.35,0.7,4.275
9/2/2010,4.35,0.7,4.275
9/1/2010,4.32,0.7,4.245
8/31/2010,4.32,0.7,4.245
8/30/2010,4.32,0.7,4.245
8/27/2010,4.32,0.7,4.245
8/26/2010,4.32,0.7,4.245
8/25/2010,4.36,0.7,4.285
8/24/2010,4.36,0.7,4.285
8/23/2010,4.36,0.7,4.285
8/20/2010,4.36,0.7,4.285
8/19/2010,4.36,0.7,4.285
8/18/2010,4.42,0.7,4.345
8/17/2010,4.42,0.7,4.345
8/16/2010,4.42,0.7,4.345
8/13/2010,4.42,0.7,4.345
8/12/2010,4.42,0.7,4.345
8/11/2010,4.44,0.7,4.365
8/10/2010,4.44,0.7,4.365
8/9/2010,4.44,0.7,4.365
8/6/2010,4.44,0.7,4.365
8/5/2010,4.44,0.7,4.365
8/4/2010,4.49,0.7,4.415
8/3/2010,4.49,0.7,4.415
8/2/2010,4.49,0.7,4.415
7/30/2010,4.49,0.7,4.415
7/29/2010,4.49,0.7,4.415
7/28/2010,4.54,0.7,4.465
7/27/2010,4.54,0.7,4.465
7/26/2010,4.54,0.7,4.465
7/23/2010,4.54,0.7,4.465
7/22/2010,4.54,0.7,4.465
7/21/2010,4.56,0.7,4.485
7/20/2010,4.56,0.7,4.485
7/19/2010,4.56,0.7,4.485
7/16/2010,4.56,0.7,4.485
7/15/2010,4.56,0.7,4.485
7/14/2010,4.57,0.7,4.495
7/13/2010,4.57,0.7,4.495
7/12/2010,4.57,0.7,4.495
7/9/2010,4.57,0.7,4.495
7/8/2010,4.57,0.7,4.495
7/7/2010,4.57,0.7,4.495
7/6/2010,4.57,0.7,4.495
7/2/2010,4.57,0.7,4.495
7/1/2010,4.57,0.7,4.495
6/30/2010,4.58,0.7,4.505
6/29/2010,4.58,0.7,4.505
6/28/2010,4.58,0.7,4.505
6/25/2010,4.58,0.7,4.505
6/24/2010,4.58,0.7,4.505
6/23/2010,4.69,0.7,4.615
6/22/2010,4.69,0.7,4.615
6/21/2010,4.69,0.7,4.615
6/18/2010,4.69,0.7,4.615
6/17/2010,4.69,0.7,4.615
6/16/2010,4.75,0.7,4.675
6/15/2010,4.75,0.7,4.675
6/14/2010,4.75,0.7,4.675
6/11/2010,4.75,0.7,4.675
6/10/2010,4.75,0.7,4.675
6/9/2010,4.72,0.7,4.645
6/8/2010,4.72,0.7,4.645
6/7/2010,4.72,0.7,4.645
6/4/2010,4.72,0.7,4.645
6/3/2010,4.72,0.7,4.645
6/2/2010,4.79,0.8,4.74
6/1/2010,4.79,0.8,4.74
5/28/2010,4.79,0.8,4.74
5/27/2010,4.79,0.8,4.74
5/26/2010,4.78,0.7,4.705
5/25/2010,4.78,0.7,4.705
5/24/2010,4.78,0.7,4.705
5/21/2010,4.78,0.7,4.705
5/20/2010,4.78,0.7,4.705
5/19/2010,4.84,0.7,4.765
5/18/2010,4.84,0.7,4.765
5/17/2010,4.84,0.7,4.765
5/14/2010,4.84,0.7,4.765
5/13/2010,4.84,0.7,4.765
5/12/2010,4.93,0.7,4.855
5/11/2010,4.93,0.7,4.855
5/10/2010,4.93,0.7,4.855
5/7/2010,4.93,0.7,4.855
5/6/2010,4.93,0.7,4.855
5/5/2010,5,0.7,4.925
5/4/2010,5,0.7,4.925
5/3/2010,5,0.7,4.925
4/30/2010,5,0.7,4.925
4/29/2010,5,0.7,4.925
4/28/2010,5.06,0.7,4.985
4/27/2010,5.06,0.7,4.985
4/26/2010,5.06,0.7,4.985
4/23/2010,5.06,0.7,4.985
4/22/2010,5.06,0.7,4.985
4/21/2010,5.07,0.7,4.995
4/20/2010,5.07,0.7,4.995
4/19/2010,5.07,0.7,4.995
4/16/2010,5.07,0.7,4.995
4/15/2010,5.07,0.7,4.995
4/14/2010,5.07,0.6,4.97
4/13/2010,5.07,0.6,4.97
4/12/2010,5.07,0.6,4.97
4/9/2010,5.07,0.6,4.97
4/8/2010,5.07,0.6,4.97
4/7/2010,5.21,0.6,5.11
4/6/2010,5.21,0.6,5.11
4/5/2010,5.21,0.6,5.11
4/1/2010,5.21,0.6,5.11
3/31/2010,5.08,0.7,5.005
3/30/2010,5.08,0.7,5.005
3/29/2010,5.08,0.7,5.005
3/26/2010,5.08,0.7,5.005
3/25/2010,5.08,0.7,5.005
3/24/2010,4.99,0.6,4.89
3/23/2010,4.99,0.6,4.89
3/22/2010,4.99,0.6,4.89
3/19/2010,4.99,0.6,4.89
3/18/2010,4.99,0.6,4.89
3/17/2010,4.96,0.7,4.885
3/16/2010,4.96,0.7,4.885
3/15/2010,4.96,0.7,4.885
3/12/2010,4.96,0.7,4.885
3/11/2010,4.96,0.7,4.885
3/10/2010,4.95,0.7,4.875
3/9/2010,4.95,0.7,4.875
3/8/2010,4.95,0.7,4.875
3/5/2010,4.95,0.7,4.875
3/4/2010,4.95,0.7,4.875
3/3/2010,4.97,0.7,4.895
3/2/2010,4.97,0.7,4.895
3/1/2010,4.97,0.7,4.895
2/26/2010,4.97,0.7,4.895
2/25/2010,4.97,0.7,4.895
2/24/2010,5.05,0.7,4.975
2/23/2010,5.05,0.7,4.975
2/22/2010,5.05,0.7,4.975
2/19/2010,5.05,0.7,4.975
2/18/2010,5.05,0.7,4.975
2/17/2010,4.93,0.7,4.855
2/16/2010,4.93,0.7,4.855
2/12/2010,4.93,0.7,4.855
2/11/2010,4.93,0.7,4.855
2/10/2010,4.97,0.7,4.895
2/9/2010,4.97,0.7,4.895
2/8/2010,4.97,0.7,4.895
2/5/2010,4.97,0.7,4.895
2/4/2010,4.97,0.7,4.895
2/3/2010,5.01,0.7,4.935
2/2/2010,5.01,0.7,4.935
2/1/2010,5.01,0.7,4.935
1/29/2010,5.01,0.7,4.935
1/28/2010,5.01,0.7,4.935
1/27/2010,4.98,0.6,4.88
1/26/2010,4.98,0.6,4.88
1/25/2010,4.98,0.6,4.88
1/22/2010,4.98,0.6,4.88
1/21/2010,4.98,0.6,4.88
1/20/2010,4.99,0.7,4.915
1/19/2010,4.99,0.7,4.915
1/15/2010,4.99,0.7,4.915
1/14/2010,4.99,0.7,4.915
1/13/2010,5.06,0.7,4.985
1/12/2010,5.06,0.7,4.985
1/11/2010,5.06,0.7,4.985
1/8/2010,5.06,0.7,4.985
1/7/2010,5.06,0.7,4.985
1/6/2010,5.09,0.7,5.015
1/5/2010,5.09,0.7,5.015
1/4/2010,5.09,0.7,5.015
12/31/2009,5.09,0.7,5.015
12/30/2009,5.14,0.7,5.065
12/29/2009,5.14,0.7,5.065
12/28/2009,5.14,0.7,5.065
12/24/2009,5.14,0.7,5.065
12/23/2009,5.05,0.7,4.975
12/22/2009,5.05,0.7,4.975
12/21/2009,5.05,0.7,4.975
12/18/2009,5.05,0.7,4.975
12/17/2009,5.05,0.7,4.975
12/16/2009,4.94,0.7,4.865
12/15/2009,4.94,0.7,4.865
12/14/2009,4.94,0.7,4.865
12/11/2009,4.94,0.7,4.865
12/10/2009,4.94,0.7,4.865
12/9/2009,4.81,0.7,4.735
12/8/2009,4.81,0.7,4.735
12/7/2009,4.81,0.7,4.735
12/4/2009,4.81,0.7,4.735
12/3/2009,4.81,0.7,4.735
12/2/2009,4.71,0.7,4.635
12/1/2009,4.71,0.7,4.635
11/30/2009,4.71,0.7,4.635
11/27/2009,4.71,0.7,4.635
11/24/2009,4.78,0.7,4.705
11/23/2009,4.78,0.7,4.705
11/20/2009,4.78,0.7,4.705
11/19/2009,4.78,0.7,4.705
11/18/2009,4.83,0.7,4.755
11/18/2009,4.78,0.7,4.705
11/17/2009,4.83,0.7,4.755
11/16/2009,4.83,0.7,4.755
11/13/2009,4.83,0.7,4.755
11/12/2009,4.83,0.7,4.755
11/10/2009,4.91,0.7,4.835
11/9/2009,4.91,0.7,4.835
11/6/2009,4.91,0.7,4.835
11/5/2009,4.91,0.7,4.835
11/4/2009,4.98,0.7,4.905
11/3/2009,4.98,0.7,4.905
11/2/2009,4.98,0.7,4.905
10/30/2009,4.98,0.7,4.905
10/29/2009,4.98,0.7,4.905
10/28/2009,5.03,0.7,4.955
10/27/2009,5.03,0.7,4.955
10/26/2009,5.03,0.7,4.955
10/23/2009,5.03,0.7,4.955
10/22/2009,5.03,0.7,4.955
10/21/2009,5,0.7,4.925
10/20/2009,5,0.7,4.925
10/19/2009,5,0.7,4.925
10/16/2009,5,0.7,4.925
10/15/2009,5,0.7,4.925
10/14/2009,4.92,0.7,4.845
10/13/2009,4.92,0.7,4.845
10/9/2009,4.92,0.7,4.845
10/8/2009,4.92,0.7,4.845
10/7/2009,4.87,0.7,4.795
10/6/2009,4.87,0.7,4.795
10/5/2009,4.87,0.7,4.795
10/2/2009,4.87,0.7,4.795
10/1/2009,4.87,0.7,4.795
9/30/2009,4.94,0.7,4.865
9/29/2009,4.94,0.7,4.865
9/28/2009,4.94,0.7,4.865
9/25/2009,4.94,0.7,4.865
9/24/2009,4.94,0.7,4.865
9/23/2009,5.04,0.6,4.94
9/22/2009,5.04,0.6,4.94
9/21/2009,5.04,0.6,4.94
9/18/2009,5.04,0.6,4.94
9/17/2009,5.04,0.6,4.94
9/16/2009,5.04,0.7,4.965
9/15/2009,5.04,0.7,4.965
9/14/2009,5.04,0.7,4.965
9/11/2009,5.04,0.7,4.965
9/10/2009,5.04,0.7,4.965
9/9/2009,5.07,0.7,4.995
9/8/2009,5.07,0.7,4.995
9/4/2009,5.07,0.7,4.995
9/3/2009,5.07,0.7,4.995
9/2/2009,5.08,0.7,5.005
9/1/2009,5.08,0.7,5.005
8/31/2009,5.08,0.7,5.005
8/28/2009,5.08,0.7,5.005
8/27/2009,5.08,0.7,5.005
8/26/2009,5.14,0.7,5.065
8/25/2009,5.14,0.7,5.065
8/24/2009,5.14,0.7,5.065
8/21/2009,5.14,0.7,5.065
8/20/2009,5.14,0.7,5.065
8/19/2009,5.12,0.7,5.045
8/18/2009,5.12,0.7,5.045
8/17/2009,5.12,0.7,5.045
8/14/2009,5.12,0.7,5.045
8/13/2009,5.12,0.7,5.045
8/12/2009,5.29,0.7,5.215
8/11/2009,5.29,0.7,5.215
8/10/2009,5.29,0.7,5.215
8/7/2009,5.29,0.7,5.215
8/6/2009,5.29,0.7,5.215
8/5/2009,5.22,0.6,5.12
8/4/2009,5.22,0.6,5.12
8/3/2009,5.22,0.6,5.12
7/31/2009,5.22,0.6,5.12
7/30/2009,5.22,0.6,5.12
7/29/2009,5.25,0.7,5.175
7/28/2009,5.25,0.7,5.175
7/27/2009,5.25,0.7,5.175
7/24/2009,5.25,0.7,5.175
7/23/2009,5.25,0.7,5.175
7/22/2009,5.2,0.7,5.125
7/21/2009,5.2,0.7,5.125
7/20/2009,5.2,0.7,5.125
7/17/2009,5.2,0.7,5.125
7/16/2009,5.2,0.7,5.125
7/15/2009,5.14,0.7,5.065
7/14/2009,5.14,0.7,5.065
7/13/2009,5.14,0.7,5.065
7/10/2009,5.14,0.7,5.065
7/9/2009,5.14,0.7,5.065
7/8/2009,5.2,0.7,5.125
7/7/2009,5.2,0.7,5.125
7/6/2009,5.2,0.7,5.125
7/2/2009,5.2,0.7,5.125
7/1/2009,5.32,0.7,5.245
6/30/2009,5.32,0.7,5.245
6/29/2009,5.32,0.7,5.245
6/26/2009,5.32,0.7,5.245
6/25/2009,5.32,0.7,5.245
6/24/2009,5.42,0.7,5.345
6/23/2009,5.42,0.7,5.345
6/22/2009,5.42,0.7,5.345
6/19/2009,5.42,0.7,5.345
6/18/2009,5.42,0.7,5.345
6/17/2009,5.38,0.7,5.305
6/16/2009,5.38,0.7,5.305
6/15/2009,5.38,0.7,5.305
6/12/2009,5.38,0.7,5.305
6/11/2009,5.38,0.7,5.305
6/10/2009,5.59,0.7,5.515
6/9/2009,5.59,0.7,5.515
6/8/2009,5.59,0.7,5.515
6/5/2009,5.59,0.7,5.515
6/4/2009,5.59,0.7,5.515
6/3/2009,5.29,0.7,5.215
6/2/2009,5.29,0.7,5.215
6/1/2009,5.29,0.7,5.215
5/29/2009,5.29,0.7,5.215
5/28/2009,5.29,0.7,5.215
5/27/2009,4.91,0.7,4.835
5/26/2009,4.91,0.7,4.835
5/22/2009,4.91,0.7,4.835
5/21/2009,4.91,0.7,4.835
5/20/2009,4.82,0.7,4.745
5/19/2009,4.82,0.7,4.745
5/18/2009,4.82,0.7,4.745
5/15/2009,4.82,0.7,4.745
5/14/2009,4.82,0.7,4.745
5/13/2009,4.86,0.6,4.76
5/12/2009,4.86,0.6,4.76
5/11/2009,4.86,0.6,4.76
5/8/2009,4.86,0.6,4.76
5/7/2009,4.86,0.6,4.76
5/6/2009,4.84,0.7,4.765
5/5/2009,4.84,0.7,4.765
5/4/2009,4.84,0.7,4.765
5/1/2009,4.84,0.7,4.765
4/30/2009,4.84,0.7,4.765
4/29/2009,4.78,0.7,4.705
4/28/2009,4.78,0.7,4.705
4/27/2009,4.78,0.7,4.705
4/24/2009,4.78,0.7,4.705
4/23/2009,4.78,0.7,4.705
4/22/2009,4.8,0.7,4.725
4/21/2009,4.8,0.7,4.725
4/20/2009,4.8,0.7,4.725
4/17/2009,4.8,0.7,4.725
4/16/2009,4.8,0.7,4.725
4/15/2009,4.82,0.6,4.72
4/14/2009,4.82,0.6,4.72
4/13/2009,4.82,0.6,4.72
4/9/2009,4.82,0.6,4.72
4/8/2009,4.87,0.7,4.795
4/7/2009,4.87,0.7,4.795
4/6/2009,4.87,0.7,4.795
4/3/2009,4.87,0.7,4.795
4/2/2009,4.87,0.7,4.795
4/1/2009,4.78,0.7,4.705
3/31/2009,4.78,0.7,4.705
3/30/2009,4.78,0.7,4.705
3/27/2009,4.78,0.7,4.705
3/26/2009,4.78,0.7,4.705
3/25/2009,4.85,0.7,4.775
3/24/2009,4.85,0.7,4.775
3/23/2009,4.85,0.7,4.775
3/20/2009,4.85,0.7,4.775
3/19/2009,4.85,0.7,4.775
3/18/2009,4.98,0.7,4.905
3/17/2009,4.98,0.7,4.905
3/16/2009,4.98,0.7,4.905
3/13/2009,4.98,0.7,4.905
3/12/2009,4.98,0.7,4.905
3/11/2009,5.03,0.7,4.955
3/10/2009,5.03,0.7,4.955
3/9/2009,5.03,0.7,4.955
3/6/2009,5.03,0.7,4.955
3/5/2009,5.03,0.7,4.955
3/4/2009,5.15,0.7,5.075
3/3/2009,5.15,0.7,5.075
3/2/2009,5.15,0.7,5.075
2/27/2009,5.15,0.7,5.075
2/26/2009,5.15,0.7,5.075
2/25/2009,5.07,0.7,4.995
2/24/2009,5.07,0.7,4.995
2/23/2009,5.07,0.7,4.995
2/20/2009,5.07,0.7,4.995
2/19/2009,5.07,0.7,4.995
2/18/2009,5.04,0.7,4.965
2/17/2009,5.04,0.7,4.965
2/13/2009,5.04,0.7,4.965
2/12/2009,5.04,0.7,4.965
2/11/2009,5.16,0.7,5.085
2/10/2009,5.16,0.7,5.085
2/9/2009,5.16,0.7,5.085
2/6/2009,5.16,0.7,5.085
2/5/2009,5.16,0.7,5.085
2/4/2009,5.25,0.8,5.2
2/3/2009,5.25,0.8,5.2
2/2/2009,5.25,0.8,5.2
1/30/2009,5.25,0.8,5.2
1/29/2009,5.25,0.8,5.2
1/28/2009,5.1,0.7,5.025
1/27/2009,5.1,0.7,5.025
1/26/2009,5.1,0.7,5.025
1/23/2009,5.1,0.7,5.025
1/22/2009,5.1,0.7,5.025
1/21/2009,5.12,0.7,5.045
1/20/2009,5.12,0.7,5.045
1/16/2009,5.12,0.7,5.045
1/15/2009,5.12,0.7,5.045
1/14/2009,4.96,0.7,4.885
1/13/2009,4.96,0.7,4.885
1/12/2009,4.96,0.7,4.885
1/9/2009,4.96,0.7,4.885
1/8/2009,4.96,0.7,4.885
1/7/2009,5.01,0.6,4.91
1/6/2009,5.01,0.6,4.91
1/5/2009,5.01,0.6,4.91
1/2/2009,5.01,0.6,4.91
12/30/2008,5.1,0.7,5.025
12/29/2008,5.1,0.7,5.025
12/26/2008,5.1,0.7,5.025
12/24/2008,5.1,0.7,5.025
12/23/2008,5.14,0.8,5.09
12/22/2008,5.14,0.8,5.09
12/19/2008,5.14,0.8,5.09
12/18/2008,5.14,0.8,5.09
12/17/2008,5.19,0.7,5.115
12/17/2008,5.14,0.8,5.09
12/16/2008,5.19,0.7,5.115
12/15/2008,5.19,0.7,5.115
12/12/2008,5.19,0.7,5.115
12/11/2008,5.19,0.7,5.115
12/10/2008,5.47,0.7,5.395
12/9/2008,5.47,0.7,5.395
12/8/2008,5.47,0.7,5.395
12/5/2008,5.47,0.7,5.395
12/4/2008,5.47,0.7,5.395
12/3/2008,5.53,0.7,5.455
12/2/2008,5.53,0.7,5.455
12/1/2008,5.53,0.7,5.455
11/28/2008,5.53,0.7,5.455
11/25/2008,5.97,0.7,5.895
11/24/2008,5.97,0.7,5.895
11/21/2008,5.97,0.7,5.895
11/20/2008,5.97,0.7,5.895
11/19/2008,6.04,0.7,5.965
11/19/2008,5.97,0.7,5.895
11/18/2008,6.04,0.7,5.965
11/17/2008,6.04,0.7,5.965
11/14/2008,6.04,0.7,5.965
11/13/2008,6.04,0.7,5.965
11/12/2008,6.14,0.7,6.065
11/10/2008,6.14,0.7,6.065
11/7/2008,6.14,0.7,6.065
11/6/2008,6.14,0.7,6.065
11/5/2008,6.2,0.7,6.125
11/4/2008,6.2,0.7,6.125
11/3/2008,6.2,0.7,6.125
10/31/2008,6.2,0.7,6.125
10/30/2008,6.2,0.7,6.125
10/29/2008,6.46,0.7,6.385
10/28/2008,6.46,0.7,6.385
10/27/2008,6.46,0.7,6.385
10/24/2008,6.46,0.7,6.385
10/23/2008,6.46,0.7,6.385
10/22/2008,6.04,0.6,5.94
10/21/2008,6.04,0.6,5.94
10/20/2008,6.04,0.6,5.94
10/17/2008,6.04,0.6,5.94
10/16/2008,6.04,0.6,5.94
10/15/2008,6.46,0.6,6.36
10/14/2008,6.46,0.6,6.36
10/10/2008,6.46,0.6,6.36
10/9/2008,6.46,0.6,6.36
10/8/2008,5.94,0.6,5.84
10/7/2008,5.94,0.6,5.84
10/6/2008,5.94,0.6,5.84
10/3/2008,5.94,0.6,5.84
10/2/2008,5.94,0.6,5.84
10/1/2008,6.1,0.6,6
9/30/2008,6.1,0.6,6
9/29/2008,6.1,0.6,6
9/26/2008,6.1,0.6,6
9/25/2008,6.1,0.6,6
9/24/2008,6.09,0.7,6.015
9/23/2008,6.09,0.7,6.015
9/22/2008,6.09,0.7,6.015
9/19/2008,6.09,0.7,6.015
9/18/2008,6.09,0.7,6.015
9/17/2008,5.78,0.6,5.68
9/16/2008,5.78,0.6,5.68
9/15/2008,5.78,0.6,5.68
9/12/2008,5.78,0.6,5.68
9/11/2008,5.78,0.6,5.68
9/10/2008,5.93,0.7,5.855
9/9/2008,5.93,0.7,5.855
9/8/2008,5.93,0.7,5.855
9/5/2008,5.93,0.7,5.855
9/4/2008,5.93,0.7,5.855
9/3/2008,6.35,0.7,6.275
9/2/2008,6.35,0.7,6.275
8/29/2008,6.35,0.7,6.275
8/28/2008,6.35,0.7,6.275
8/27/2008,6.4,0.6,6.3
8/26/2008,6.4,0.6,6.3
8/25/2008,6.4,0.6,6.3
8/22/2008,6.4,0.6,6.3
8/21/2008,6.4,0.6,6.3
8/20/2008,6.47,0.7,6.395
8/19/2008,6.47,0.7,6.395
8/18/2008,6.47,0.7,6.395
8/15/2008,6.47,0.7,6.395
8/14/2008,6.47,0.7,6.395
8/13/2008,6.52,0.7,6.445
8/12/2008,6.52,0.7,6.445
8/11/2008,6.52,0.7,6.445
8/8/2008,6.52,0.7,6.445
8/7/2008,6.52,0.7,6.445
8/6/2008,6.52,0.7,6.445
8/5/2008,6.52,0.7,6.445
8/4/2008,6.52,0.7,6.445
8/1/2008,6.52,0.7,6.445
7/31/2008,6.52,0.7,6.445
7/30/2008,6.52,0.7,6.445
7/29/2008,6.52,0.7,6.445
7/28/2008,6.52,0.7,6.445
7/25/2008,6.52,0.7,6.445
7/24/2008,6.52,0.7,6.445
7/23/2008,6.63,0.6,6.53
7/22/2008,6.63,0.6,6.53
7/21/2008,6.63,0.6,6.53
7/18/2008,6.63,0.6,6.53
7/17/2008,6.63,0.6,6.53
7/16/2008,6.26,0.6,6.16
7/15/2008,6.26,0.6,6.16
7/14/2008,6.26,0.6,6.16
7/11/2008,6.26,0.6,6.16
7/10/2008,6.26,0.6,6.16
7/9/2008,6.37,0.6,6.27
7/8/2008,6.37,0.6,6.27
7/7/2008,6.37,0.6,6.27
7/3/2008,6.37,0.6,6.27
7/2/2008,6.35,0.6,6.25
7/1/2008,6.35,0.6,6.25
6/30/2008,6.35,0.6,6.25
6/27/2008,6.35,0.6,6.25
6/26/2008,6.35,0.6,6.25
6/25/2008,6.45,0.6,6.35
6/24/2008,6.45,0.6,6.35
6/23/2008,6.45,0.6,6.35
6/20/2008,6.45,0.6,6.35
6/19/2008,6.45,0.6,6.35
6/18/2008,6.42,0.7,6.345
6/17/2008,6.42,0.7,6.345
6/16/2008,6.42,0.7,6.345
6/13/2008,6.42,0.7,6.345
6/12/2008,6.42,0.7,6.345
6/11/2008,6.32,0.7,6.245
6/10/2008,6.32,0.7,6.245
6/9/2008,6.32,0.7,6.245
6/6/2008,6.32,0.7,6.245
6/5/2008,6.32,0.7,6.245
6/4/2008,6.09,0.6,5.99
6/3/2008,6.09,0.6,5.99
6/2/2008,6.09,0.6,5.99
5/30/2008,6.09,0.6,5.99
5/29/2008,6.09,0.6,5.99
5/28/2008,6.08,0.6,5.98
5/27/2008,6.08,0.6,5.98
5/23/2008,6.08,0.6,5.98
5/22/2008,6.08,0.6,5.98
5/21/2008,5.98,0.5,5.855
5/20/2008,5.98,0.5,5.855
5/19/2008,5.98,0.5,5.855
5/16/2008,5.98,0.5,5.855
5/15/2008,5.98,0.5,5.855
5/14/2008,6.01,0.6,5.91
5/13/2008,6.01,0.6,5.91
5/12/2008,6.01,0.6,5.91
5/9/2008,6.01,0.6,5.91
5/8/2008,6.01,0.6,5.91
5/7/2008,6.05,0.3,5.875
5/6/2008,6.05,0.3,5.875
5/5/2008,6.05,0.3,5.875
5/2/2008,6.05,0.3,5.875
5/1/2008,6.05,0.3,5.875
4/30/2008,6.06,0.5,5.935
4/29/2008,6.06,0.5,5.935
4/28/2008,6.06,0.5,5.935
4/25/2008,6.06,0.5,5.935
4/24/2008,6.06,0.5,5.935
4/23/2008,6.03,0.3,5.855
4/22/2008,6.03,0.3,5.855
4/21/2008,6.03,0.3,5.855
4/18/2008,6.03,0.3,5.855
4/17/2008,6.03,0.3,5.855
4/16/2008,5.88,0.4,5.73
4/15/2008,5.88,0.4,5.73
4/14/2008,5.88,0.4,5.73
4/11/2008,5.88,0.4,5.73
4/10/2008,5.88,0.4,5.73
4/9/2008,5.88,0.4,5.73
4/8/2008,5.88,0.4,5.73
4/7/2008,5.88,0.4,5.73
4/4/2008,5.88,0.4,5.73
4/3/2008,5.88,0.4,5.73
4/2/2008,5.88,0.5,5.755
4/1/2008,5.88,0.5,5.755
3/31/2008,5.88,0.5,5.755
3/28/2008,5.88,0.5,5.755
3/27/2008,5.88,0.5,5.755
3/26/2008,5.85,0.4,5.7
3/25/2008,5.85,0.4,5.7
3/24/2008,5.85,0.4,5.7
3/20/2008,5.85,0.4,5.7
3/19/2008,5.87,0.5,5.745
3/18/2008,5.87,0.5,5.745
3/17/2008,5.87,0.5,5.745
3/14/2008,5.87,0.5,5.745
3/13/2008,5.87,0.5,5.745
3/12/2008,6.13,0.5,6.005
3/11/2008,6.13,0.5,6.005
3/10/2008,6.13,0.5,6.005
3/7/2008,6.13,0.5,6.005
3/6/2008,6.13,0.5,6.005
3/5/2008,6.03,0.5,5.905
3/4/2008,6.03,0.5,5.905
3/3/2008,6.03,0.5,5.905
2/29/2008,6.03,0.5,5.905
2/28/2008,6.03,0.5,5.905
2/27/2008,6.24,0.5,6.115
2/26/2008,6.24,0.5,6.115
2/25/2008,6.24,0.5,6.115
2/22/2008,6.24,0.5,6.115
2/21/2008,6.24,0.5,6.115
2/20/2008,6.04,0.6,5.94
2/19/2008,6.04,0.6,5.94
2/15/2008,6.04,0.6,5.94
2/14/2008,6.04,0.6,5.94
2/13/2008,5.72,0.4,5.57
2/12/2008,5.72,0.4,5.57
2/11/2008,5.72,0.4,5.57
2/8/2008,5.72,0.4,5.57
2/7/2008,5.72,0.4,5.57
2/6/2008,5.67,0.4,5.52
2/5/2008,5.67,0.4,5.52
2/4/2008,5.67,0.4,5.52
2/1/2008,5.67,0.4,5.52
1/31/2008,5.67,0.4,5.52
1/30/2008,5.68,0.4,5.53
1/29/2008,5.68,0.4,5.53
1/28/2008,5.68,0.4,5.53
1/25/2008,5.68,0.4,5.53
1/24/2008,5.68,0.4,5.53
1/23/2008,5.48,0.4,5.33
1/22/2008,5.48,0.4,5.33
1/18/2008,5.48,0.4,5.33
1/17/2008,5.48,0.4,5.33
1/16/2008,5.69,0.5,5.565
1/15/2008,5.69,0.5,5.565
1/14/2008,5.69,0.5,5.565
1/11/2008,5.69,0.5,5.565
1/10/2008,5.69,0.5,5.565
1/9/2008,5.87,0.4,5.72
1/8/2008,5.87,0.4,5.72
1/7/2008,5.87,0.4,5.72
1/4/2008,5.87,0.4,5.72
1/3/2008,5.87,0.4,5.72
1/2/2008,6.07,0.5,5.945
12/31/2007,6.07,0.5,5.945
12/28/2007,6.07,0.5,5.945
12/27/2007,6.07,0.5,5.945
12/26/2007,6.17,0.5,6.045
12/24/2007,6.17,0.5,6.045
12/21/2007,6.17,0.5,6.045
12/20/2007,6.17,0.5,6.045
12/19/2007,6.14,0.4,5.99
12/18/2007,6.14,0.4,5.99
12/17/2007,6.14,0.4,5.99
12/14/2007,6.14,0.4,5.99
12/13/2007,6.14,0.4,5.99
12/12/2007,6.11,0.5,5.985
12/11/2007,6.11,0.5,5.985
12/10/2007,6.11,0.5,5.985
12/7/2007,6.11,0.5,5.985
12/6/2007,6.11,0.5,5.985
12/5/2007,5.96,0.4,5.81
12/4/2007,5.96,0.4,5.81
12/3/2007,5.96,0.4,5.81
11/30/2007,5.96,0.4,5.81
11/29/2007,5.96,0.4,5.81
11/28/2007,6.1,0.5,5.975
11/27/2007,6.1,0.5,5.975
11/26/2007,6.1,0.5,5.975
11/23/2007,6.1,0.5,5.975
11/20/2007,6.2,0.5,6.075
11/19/2007,6.2,0.5,6.075
11/16/2007,6.2,0.5,6.075
11/15/2007,6.2,0.5,6.075
11/14/2007,6.24,0.4,6.09
11/14/2007,6.2,0.5,6.075
11/13/2007,6.24,0.4,6.09
11/9/2007,6.24,0.4,6.09
11/8/2007,6.24,0.4,6.09
11/7/2007,6.24,0.4,6.09
11/6/2007,6.24,0.4,6.09
11/5/2007,6.24,0.4,6.09
11/2/2007,6.24,0.4,6.09
11/1/2007,6.24,0.4,6.09
10/31/2007,6.26,0.4,6.11
10/30/2007,6.26,0.4,6.11
10/29/2007,6.26,0.4,6.11
10/26/2007,6.26,0.4,6.11
10/25/2007,6.26,0.4,6.11
10/24/2007,6.33,0.5,6.205
10/23/2007,6.33,0.5,6.205
10/22/2007,6.33,0.5,6.205
10/19/2007,6.33,0.5,6.205
10/18/2007,6.33,0.5,6.205
10/17/2007,6.4,0.5,6.275
10/16/2007,6.4,0.5,6.275
10/15/2007,6.4,0.5,6.275
10/12/2007,6.4,0.5,6.275
10/11/2007,6.4,0.5,6.275
10/10/2007,6.4,0.4,6.25
10/9/2007,6.4,0.4,6.25
10/5/2007,6.4,0.4,6.25
10/4/2007,6.4,0.4,6.25
10/3/2007,6.37,0.5,6.245
10/2/2007,6.37,0.5,6.245
10/1/2007,6.37,0.5,6.245
9/28/2007,6.37,0.5,6.245
9/27/2007,6.37,0.5,6.245
9/26/2007,6.42,0.5,6.295
9/25/2007,6.42,0.5,6.295
9/24/2007,6.42,0.5,6.295
9/21/2007,6.42,0.5,6.295
9/20/2007,6.42,0.5,6.295
9/19/2007,6.34,0.5,6.215
9/18/2007,6.34,0.5,6.215
9/17/2007,6.34,0.5,6.215
9/14/2007,6.34,0.5,6.215
9/13/2007,6.34,0.5,6.215
9/12/2007,6.31,0.5,6.185
9/11/2007,6.31,0.5,6.185
9/10/2007,6.31,0.5,6.185
9/7/2007,6.31,0.5,6.185
9/6/2007,6.31,0.5,6.185
9/5/2007,6.46,0.5,6.335
9/4/2007,6.46,0.5,6.335
8/31/2007,6.46,0.5,6.335
8/30/2007,6.46,0.5,6.335
8/29/2007,6.45,0.5,6.325
8/28/2007,6.45,0.5,6.325
8/27/2007,6.45,0.5,6.325
8/24/2007,6.45,0.5,6.325
8/23/2007,6.45,0.5,6.325
8/22/2007,6.52,0.4,6.37
8/21/2007,6.52,0.4,6.37
8/20/2007,6.52,0.4,6.37
8/17/2007,6.52,0.4,6.37
8/16/2007,6.52,0.4,6.37
8/15/2007,6.62,0.4,6.47
8/14/2007,6.62,0.4,6.47
8/13/2007,6.62,0.4,6.47
8/10/2007,6.62,0.4,6.47
8/9/2007,6.62,0.4,6.47
8/8/2007,6.59,0.4,6.44
8/7/2007,6.59,0.4,6.44
8/6/2007,6.59,0.4,6.44
8/3/2007,6.59,0.4,6.44
8/2/2007,6.59,0.4,6.44
8/1/2007,6.68,0.3,6.505
7/31/2007,6.68,0.3,6.505
7/30/2007,6.68,0.3,6.505
7/27/2007,6.68,0.3,6.505
7/26/2007,6.68,0.3,6.505
7/25/2007,6.69,0.4,6.54
7/24/2007,6.69,0.4,6.54
7/23/2007,6.69,0.4,6.54
7/20/2007,6.69,0.4,6.54
7/19/2007,6.69,0.4,6.54
7/18/2007,6.73,0.4,6.58
7/17/2007,6.73,0.4,6.58
7/16/2007,6.73,0.4,6.58
7/13/2007,6.73,0.4,6.58
7/12/2007,6.73,0.4,6.58
7/11/2007,6.73,0.4,6.58
7/10/2007,6.73,0.4,6.58
7/9/2007,6.73,0.4,6.58
7/6/2007,6.73,0.4,6.58
7/5/2007,6.73,0.4,6.58
7/3/2007,6.63,0.4,6.48
7/2/2007,6.63,0.4,6.48
6/29/2007,6.63,0.4,6.48
6/28/2007,6.63,0.4,6.48
6/27/2007,6.67,0.4,6.52
6/26/2007,6.67,0.4,6.52
6/25/2007,6.67,0.4,6.52
6/22/2007,6.67,0.4,6.52
6/21/2007,6.67,0.4,6.52
6/20/2007,6.69,0.5,6.565
6/19/2007,6.69,0.5,6.565
6/18/2007,6.69,0.5,6.565
6/15/2007,6.69,0.5,6.565
6/14/2007,6.69,0.5,6.565
6/13/2007,6.74,0.4,6.59
6/12/2007,6.74,0.4,6.59
6/11/2007,6.74,0.4,6.59
6/8/2007,6.74,0.4,6.59
6/7/2007,6.74,0.4,6.59
6/6/2007,6.53,0.4,6.38
6/5/2007,6.53,0.4,6.38
6/4/2007,6.53,0.4,6.38
6/1/2007,6.53,0.4,6.38
5/31/2007,6.53,0.4,6.38
5/30/2007,6.42,0.4,6.27
5/29/2007,6.42,0.4,6.27
5/25/2007,6.42,0.4,6.27
5/24/2007,6.42,0.4,6.27
5/23/2007,6.37,0.4,6.22
5/22/2007,6.37,0.4,6.22
5/21/2007,6.37,0.4,6.22
5/18/2007,6.37,0.4,6.22
5/17/2007,6.37,0.4,6.22
5/16/2007,6.21,0.4,6.06
5/15/2007,6.21,0.4,6.06
5/14/2007,6.21,0.4,6.06
5/11/2007,6.21,0.4,6.06
5/10/2007,6.21,0.4,6.06
5/9/2007,6.15,0.5,6.025
5/8/2007,6.15,0.5,6.025
5/7/2007,6.15,0.5,6.025
5/4/2007,6.15,0.5,6.025
5/3/2007,6.15,0.5,6.025
5/2/2007,6.16,0.5,6.035
5/1/2007,6.16,0.5,6.035
4/30/2007,6.16,0.5,6.035
4/27/2007,6.16,0.5,6.035
4/26/2007,6.16,0.5,6.035
4/25/2007,6.16,0.5,6.035
4/24/2007,6.16,0.5,6.035
4/23/2007,6.16,0.5,6.035
4/20/2007,6.16,0.5,6.035
4/19/2007,6.16,0.5,6.035
4/18/2007,6.17,0.5,6.045
4/17/2007,6.17,0.5,6.045
4/16/2007,6.17,0.5,6.045
4/13/2007,6.17,0.5,6.045
4/12/2007,6.17,0.5,6.045
4/11/2007,6.22,0.4,6.07
4/10/2007,6.22,0.4,6.07
4/9/2007,6.22,0.4,6.07
4/5/2007,6.22,0.4,6.07
4/4/2007,6.17,0.4,6.02
4/3/2007,6.17,0.4,6.02
4/2/2007,6.17,0.4,6.02
3/30/2007,6.17,0.4,6.02
3/29/2007,6.17,0.4,6.02
3/28/2007,6.16,0.4,6.01
3/27/2007,6.16,0.4,6.01
3/26/2007,6.16,0.4,6.01
3/23/2007,6.16,0.4,6.01
3/22/2007,6.16,0.4,6.01
3/21/2007,6.16,0.4,6.01
3/20/2007,6.16,0.4,6.01
3/19/2007,6.16,0.4,6.01
3/16/2007,6.16,0.4,6.01
3/15/2007,6.16,0.4,6.01
3/14/2007,6.14,0.4,5.99
3/13/2007,6.14,0.4,5.99
3/12/2007,6.14,0.4,5.99
3/9/2007,6.14,0.4,5.99
3/8/2007,6.14,0.4,5.99
3/7/2007,6.14,0.5,6.015
3/6/2007,6.14,0.5,6.015
3/5/2007,6.14,0.5,6.015
3/2/2007,6.14,0.5,6.015
3/1/2007,6.14,0.5,6.015
2/28/2007,6.18,0.4,6.03
2/27/2007,6.18,0.4,6.03
2/26/2007,6.18,0.4,6.03
2/23/2007,6.18,0.4,6.03
2/22/2007,6.18,0.4,6.03
2/21/2007,6.22,0.5,6.095
2/20/2007,6.22,0.5,6.095
2/16/2007,6.22,0.5,6.095
2/15/2007,6.22,0.5,6.095
2/14/2007,6.3,0.4,6.15
2/13/2007,6.3,0.4,6.15
2/12/2007,6.3,0.4,6.15
2/9/2007,6.3,0.4,6.15
2/8/2007,6.3,0.4,6.15
2/7/2007,6.28,0.3,6.105
2/6/2007,6.28,0.3,6.105
2/5/2007,6.28,0.3,6.105
2/2/2007,6.28,0.3,6.105
2/1/2007,6.28,0.3,6.105
1/31/2007,6.34,0.4,6.19
1/30/2007,6.34,0.4,6.19
1/29/2007,6.34,0.4,6.19
1/26/2007,6.34,0.4,6.19
1/25/2007,6.34,0.4,6.19
1/24/2007,6.25,0.4,6.1
1/23/2007,6.25,0.4,6.1
1/22/2007,6.25,0.4,6.1
1/19/2007,6.25,0.4,6.1
1/18/2007,6.25,0.4,6.1
1/17/2007,6.23,0.4,6.08
1/16/2007,6.23,0.4,6.08
1/12/2007,6.23,0.4,6.08
1/11/2007,6.23,0.4,6.08
1/10/2007,6.21,0.4,6.06
1/9/2007,6.21,0.4,6.06
1/8/2007,6.21,0.4,6.06
1/5/2007,6.21,0.4,6.06
1/4/2007,6.21,0.4,6.06
1/3/2007,6.18,0.4,6.03
1/2/2007,6.18,0.4,6.03
12/29/2006,6.18,0.4,6.03
12/28/2006,6.18,0.4,6.03
12/27/2006,6.18,0.4,6.03
12/26/2006,6.18,0.4,6.03
12/22/2006,6.18,0.4,6.03
12/21/2006,6.18,0.4,6.03
12/20/2006,6.13,0.4,5.98
12/19/2006,6.13,0.4,5.98
12/18/2006,6.13,0.4,5.98
12/15/2006,6.13,0.4,5.98
12/14/2006,6.13,0.4,5.98
12/13/2006,6.12,0.4,5.97
12/12/2006,6.12,0.4,5.97
12/11/2006,6.12,0.4,5.97
12/8/2006,6.12,0.4,5.97
12/7/2006,6.12,0.4,5.97
12/6/2006,6.11,0.5,5.985
12/5/2006,6.11,0.5,5.985
12/4/2006,6.11,0.5,5.985
12/1/2006,6.11,0.5,5.985
11/30/2006,6.11,0.5,5.985
11/29/2006,6.14,0.4,5.99
11/28/2006,6.14,0.4,5.99
11/27/2006,6.14,0.4,5.99
11/24/2006,6.14,0.4,5.99
11/22/2006,6.14,0.4,5.99
11/21/2006,6.18,0.5,6.055
11/20/2006,6.18,0.5,6.055
11/17/2006,6.18,0.5,6.055
11/16/2006,6.18,0.5,6.055
11/15/2006,6.24,0.5,6.115
11/14/2006,6.24,0.5,6.115
11/13/2006,6.24,0.5,6.115
11/10/2006,6.24,0.5,6.115
11/9/2006,6.24,0.5,6.115
11/8/2006,6.33,0.6,6.23
11/7/2006,6.33,0.6,6.23
11/6/2006,6.33,0.6,6.23
11/3/2006,6.33,0.6,6.23
11/2/2006,6.33,0.6,6.23
11/1/2006,6.31,0.4,6.16
10/31/2006,6.31,0.4,6.16
10/30/2006,6.31,0.4,6.16
10/27/2006,6.31,0.4,6.16
10/26/2006,6.31,0.4,6.16
10/25/2006,6.4,0.4,6.25
10/24/2006,6.4,0.4,6.25
10/23/2006,6.4,0.4,6.25
10/20/2006,6.4,0.4,6.25
10/19/2006,6.4,0.4,6.25
10/18/2006,6.36,0.5,6.235
10/17/2006,6.36,0.5,6.235
10/16/2006,6.36,0.5,6.235
10/13/2006,6.36,0.5,6.235
10/12/2006,6.36,0.5,6.235
10/11/2006,6.37,0.5,6.245
10/10/2006,6.37,0.5,6.245
10/6/2006,6.37,0.5,6.245
10/5/2006,6.37,0.5,6.245
10/4/2006,6.3,0.3,6.125
10/3/2006,6.3,0.3,6.125
10/2/2006,6.3,0.3,6.125
9/29/2006,6.3,0.3,6.125
9/28/2006,6.3,0.3,6.125
9/27/2006,6.31,0.4,6.16
9/26/2006,6.31,0.4,6.16
9/25/2006,6.31,0.4,6.16
9/22/2006,6.31,0.4,6.16
9/21/2006,6.31,0.4,6.16
9/20/2006,6.4,0.5,6.275
9/19/2006,6.4,0.5,6.275
9/18/2006,6.4,0.5,6.275
9/15/2006,6.4,0.5,6.275
9/14/2006,6.4,0.5,6.275
9/13/2006,6.43,0.5,6.305
9/12/2006,6.43,0.5,6.305
9/11/2006,6.43,0.5,6.305
9/8/2006,6.43,0.5,6.305
9/7/2006,6.43,0.5,6.305
9/6/2006,6.47,0.4,6.32
9/5/2006,6.47,0.4,6.32
9/1/2006,6.47,0.4,6.32
8/31/2006,6.47,0.4,6.32
8/30/2006,6.44,0.4,6.29
8/29/2006,6.44,0.4,6.29
8/28/2006,6.44,0.4,6.29
8/25/2006,6.44,0.4,6.29
8/24/2006,6.44,0.4,6.29
8/23/2006,6.48,0.4,6.33
8/22/2006,6.48,0.4,6.33
8/21/2006,6.48,0.4,6.33
8/18/2006,6.48,0.4,6.33
8/17/2006,6.48,0.4,6.33
8/16/2006,6.52,0.3,6.345
8/15/2006,6.52,0.3,6.345
8/14/2006,6.52,0.3,6.345
8/11/2006,6.52,0.3,6.345
8/10/2006,6.52,0.3,6.345
8/9/2006,6.55,0.4,6.4
8/8/2006,6.55,0.4,6.4
8/7/2006,6.55,0.4,6.4
8/4/2006,6.55,0.4,6.4
8/3/2006,6.55,0.4,6.4
8/2/2006,6.63,0.3,6.455
8/1/2006,6.63,0.3,6.455
7/31/2006,6.63,0.3,6.455
7/28/2006,6.63,0.3,6.455
7/27/2006,6.63,0.3,6.455
7/26/2006,6.72,0.3,6.545
7/25/2006,6.72,0.3,6.545
7/24/2006,6.72,0.3,6.545
7/21/2006,6.72,0.3,6.545
7/20/2006,6.72,0.3,6.545
7/19/2006,6.8,0.5,6.675
7/18/2006,6.8,0.5,6.675
7/17/2006,6.8,0.5,6.675
7/14/2006,6.8,0.5,6.675
7/13/2006,6.8,0.5,6.675
7/12/2006,6.74,0.6,6.64
7/11/2006,6.74,0.6,6.64
7/10/2006,6.74,0.6,6.64
7/7/2006,6.74,0.6,6.64
7/6/2006,6.74,0.6,6.64
7/5/2006,6.79,0.5,6.665
7/3/2006,6.79,0.5,6.665
6/30/2006,6.79,0.5,6.665
6/29/2006,6.79,0.5,6.665
6/28/2006,6.78,0.5,6.655
6/27/2006,6.78,0.5,6.655
6/26/2006,6.78,0.5,6.655
6/23/2006,6.78,0.5,6.655
6/22/2006,6.78,0.5,6.655
6/21/2006,6.71,0.5,6.585
6/20/2006,6.71,0.5,6.585
6/19/2006,6.71,0.5,6.585
6/16/2006,6.71,0.5,6.585
6/15/2006,6.71,0.5,6.585
6/14/2006,6.63,0.5,6.505
6/13/2006,6.63,0.5,6.505
6/12/2006,6.63,0.5,6.505
6/9/2006,6.63,0.5,6.505
6/8/2006,6.63,0.5,6.505
6/7/2006,6.62,0.5,6.495
6/6/2006,6.62,0.5,6.495
6/5/2006,6.62,0.5,6.495
6/2/2006,6.62,0.5,6.495
6/1/2006,6.62,0.5,6.495
5/31/2006,6.67,0.4,6.52
5/30/2006,6.67,0.4,6.52
5/26/2006,6.67,0.4,6.52
5/25/2006,6.67,0.4,6.52
5/24/2006,6.62,0.4,6.47
5/23/2006,6.62,0.4,6.47
5/22/2006,6.62,0.4,6.47
5/19/2006,6.62,0.4,6.47
5/18/2006,6.62,0.4,6.47
5/17/2006,6.6,0.5,6.475
5/16/2006,6.6,0.5,6.475
5/15/2006,6.6,0.5,6.475
5/12/2006,6.6,0.5,6.475
5/11/2006,6.6,0.5,6.475
5/10/2006,6.58,0.5,6.455
5/9/2006,6.58,0.5,6.455
5/8/2006,6.58,0.5,6.455
5/5/2006,6.58,0.5,6.455
5/4/2006,6.58,0.5,6.455
5/3/2006,6.59,0.6,6.49
5/2/2006,6.59,0.6,6.49
5/1/2006,6.59,0.6,6.49
4/28/2006,6.59,0.6,6.49
4/27/2006,6.59,0.6,6.49
4/26/2006,6.58,0.5,6.455
4/25/2006,6.58,0.5,6.455
4/24/2006,6.58,0.5,6.455
4/21/2006,6.58,0.5,6.455
4/20/2006,6.58,0.5,6.455
4/19/2006,6.53,0.6,6.43
4/18/2006,6.53,0.6,6.43
4/17/2006,6.53,0.6,6.43
4/13/2006,6.53,0.6,6.43
4/12/2006,6.49,0.6,6.39
4/11/2006,6.49,0.6,6.39
4/10/2006,6.49,0.6,6.39
4/7/2006,6.49,0.6,6.39
4/6/2006,6.49,0.6,6.39
4/5/2006,6.43,0.6,6.33
4/4/2006,6.43,0.6,6.33
4/3/2006,6.43,0.6,6.33
3/31/2006,6.43,0.6,6.33
3/30/2006,6.43,0.6,6.33
3/29/2006,6.35,0.5,6.225
3/28/2006,6.35,0.5,6.225
3/27/2006,6.35,0.5,6.225
3/24/2006,6.35,0.5,6.225
3/23/2006,6.35,0.5,6.225
3/22/2006,6.32,0.6,6.22
3/21/2006,6.32,0.6,6.22
3/20/2006,6.32,0.6,6.22
3/17/2006,6.32,0.6,6.22
3/16/2006,6.32,0.6,6.22
3/15/2006,6.34,0.7,6.265
3/14/2006,6.34,0.7,6.265
3/13/2006,6.34,0.7,6.265
3/10/2006,6.34,0.7,6.265
3/9/2006,6.34,0.7,6.265
3/8/2006,6.37,0.6,6.27
3/7/2006,6.37,0.6,6.27
3/6/2006,6.37,0.6,6.27
3/3/2006,6.37,0.6,6.27
3/2/2006,6.37,0.6,6.27
3/1/2006,6.24,0.6,6.14
2/28/2006,6.24,0.6,6.14
2/27/2006,6.24,0.6,6.14
2/24/2006,6.24,0.6,6.14
2/23/2006,6.24,0.6,6.14
2/22/2006,6.26,0.6,6.16
2/21/2006,6.26,0.6,6.16
2/17/2006,6.26,0.6,6.16
2/16/2006,6.26,0.6,6.16
2/15/2006,6.28,0.5,6.155
2/14/2006,6.28,0.5,6.155
2/13/2006,6.28,0.5,6.155
2/10/2006,6.28,0.5,6.155
2/9/2006,6.28,0.5,6.155
2/8/2006,6.24,0.6,6.14
2/7/2006,6.24,0.6,6.14
2/6/2006,6.24,0.6,6.14
2/3/2006,6.24,0.6,6.14
2/2/2006,6.24,0.6,6.14
2/1/2006,6.23,0.5,6.105
1/31/2006,6.23,0.5,6.105
1/30/2006,6.23,0.5,6.105
1/27/2006,6.23,0.5,6.105
1/26/2006,6.23,0.5,6.105
1/25/2006,6.12,0.5,5.995
1/24/2006,6.12,0.5,5.995
1/23/2006,6.12,0.5,5.995
1/20/2006,6.12,0.5,5.995
1/19/2006,6.12,0.5,5.995
1/18/2006,6.1,0.5,5.975
1/17/2006,6.1,0.5,5.975
1/13/2006,6.1,0.5,5.975
1/12/2006,6.1,0.5,5.975
1/11/2006,6.15,0.6,6.05
1/10/2006,6.15,0.6,6.05
1/9/2006,6.15,0.6,6.05
1/6/2006,6.15,0.6,6.05
1/5/2006,6.15,0.6,6.05
1/4/2006,6.21,0.5,6.085
1/3/2006,6.21,0.5,6.085
